timestamp,accel_inconsistency_m_s_s,gyro_inconsistency_rad_s,mag_inconsistency_ga
30360418,0.0,0.0,0.0
30781558,0.0,0.0,0.0
30987005,0.0,0.0,0.0
31187751,0.0,0.0,0.0
32347910,0.0,0.0,0.0
32548708,0.0,0.0,0.0
32754426,0.0,0.0,0.0
32955021,0.0,0.0,0.0
33159240,0.0,0.0,0.0
33360274,0.0,0.0,0.0
33560743,0.0,0.0,0.0
33765792,0.0,0.0,0.0
33966672,0.0,0.0,0.0
34171090,0.0,0.0,0.0
34372317,0.0,0.0,0.0
34577014,0.0,0.0,0.0
34778130,0.0,0.0,0.0
34979233,0.0,0.0,0.0
35179716,0.0,0.0,0.0
35380554,0.0,0.0,0.0
35585034,0.0,0.0,0.0
35785838,0.0,0.0,0.0
35990590,0.0,0.0,0.0
36192034,0.0,0.0,0.0
36392460,0.0,0.0,0.0
36596708,0.0,0.0,0.0
36797563,0.0,0.0,0.0
37003534,0.0,0.0,0.0
37203516,0.0,0.0,0.0
37408408,0.0,0.0,0.0
37609033,0.0,0.0,0.0
37809532,0.0,0.0,0.0
38014607,0.0,0.0,0.0
38215518,0.0,0.0,0.0
38420329,0.0,0.0,0.0
38621008,0.0,0.0,0.0
38825966,0.0,0.0,0.0
39026890,0.0,0.0,0.0
39227744,0.0,0.0,0.0
39432316,0.0,0.0,0.0
39632698,0.0,0.0,0.0
39838538,0.0,0.0,0.0
40038674,0.0,0.0,0.0
40243100,0.0,0.0,0.0
40443938,0.0,0.0,0.0
40649599,0.0,0.0,0.0
40850088,0.0,0.0,0.0
41050616,0.0,0.0,0.0
41255101,0.0,0.0,0.0
41455952,0.0,0.0,0.0
41661024,0.0,0.0,0.0
41862443,0.0,0.0,0.0
42066328,0.0,0.0,0.0
42267098,0.0,0.0,0.0
42472325,0.0,0.0,0.0
42673410,0.0,0.0,0.0
42874046,0.0,0.0,0.0
43078637,0.0,0.0,0.0
43279097,0.0,0.0,0.0
43484167,0.0,0.0,0.0
43685408,0.0,0.0,0.0
43886290,0.0,0.0,0.0
44090660,0.0,0.0,0.0
44291121,0.0,0.0,0.0
44496581,0.0,0.0,0.0
44697030,0.0,0.0,0.0
44901620,0.0,0.0,0.0
45102325,0.0,0.0,0.0
45303155,0.0,0.0,0.0
45508203,0.0,0.0,0.0
45709387,0.0,0.0,0.0
45913916,0.0,0.0,0.0
46114621,0.0,0.0,0.0
46320282,0.0,0.0,0.0
46521001,0.0,0.0,0.0
46721757,0.0,0.0,0.0
46922282,0.0,0.0,0.0
47123077,0.0,0.0,0.0
47327905,0.0,0.0,0.0
47528544,0.0,0.0,0.0
47737319,0.0,0.0,0.0
47938146,0.0,0.0,0.0
48142751,0.0,0.0,0.0
48343737,0.0,0.0,0.0
48544369,0.0,0.0,0.0
48745745,0.0,0.0,0.0
48946420,0.0,0.0,0.0
49150787,0.0,0.0,0.0
49351522,0.0,0.0,0.0
49552687,0.0,0.0,0.0
49757527,0.0,0.0,0.0
49957646,0.0,0.0,0.0
50158155,0.0,0.0,0.0
50362744,0.0,0.0,0.0
50563564,0.0,0.0,0.0
50769826,0.0,0.0,0.0
50971052,0.0,0.0,0.0
51174076,0.0,0.0,0.0
51374882,0.0,0.0,0.0
51575693,0.0,0.0,0.0
51780387,0.0,0.0,0.0
51981166,0.0,0.0,0.0
52186095,0.0,0.0,0.0
52386543,0.0,0.0,0.0
52591762,0.0,0.0,0.0
52792747,0.0,0.0,0.0
52993454,0.0,0.0,0.0
53198077,0.0,0.0,0.0
53398563,0.0,0.0,0.0
53603978,0.0,0.0,0.0
53804768,0.0,0.0,0.0
54009365,0.0,0.0,0.0
54210084,0.0,0.0,0.0
54415217,0.0,0.0,0.0
54615990,0.0,0.0,0.0
54816389,0.0,0.0,0.0
55021312,0.0,0.0,0.0
55222148,0.0,0.0,0.0
55427010,0.0,0.0,0.0
55628031,0.0,0.0,0.0
55832056,0.0,0.0,0.0
56033338,0.0,0.0,0.0
56233276,0.0,0.0,0.0
56438740,0.0,0.0,0.0
56639210,0.0,0.0,0.0
56839896,0.0,0.0,0.0
57040823,0.0,0.0,0.0
57241179,0.0,0.0,0.0
57445740,0.0,0.0,0.0
57646939,0.0,0.0,0.0
57847353,0.0,0.0,0.0
58052954,0.0,0.0,0.0
58253527,0.0,0.0,0.0
58457774,0.0,0.0,0.0
58658928,0.0,0.0,0.0
58863576,0.0,0.0,0.0
59064761,0.0,0.0,0.0
59268940,0.0,0.0,0.0
59469832,0.0,0.0,0.0
59670596,0.0,0.0,0.0
59875710,0.0,0.0,0.0
60077170,0.0,0.0,0.0
60280935,0.0,0.0,0.0
60481981,0.0,0.0,0.0
60687108,0.0,0.0,0.0
60890660,0.0,0.0,0.0
61091361,0.0,0.0,0.0
61296429,0.0,0.0,0.0
61498107,0.0,0.0,0.0
61701898,0.0,0.0,0.0
61902883,0.0,0.0,0.0
62103359,0.0,0.0,0.0
62309037,0.0,0.0,0.0
62509142,0.0,0.0,0.0
62714336,0.0,0.0,0.0
62914560,0.0,0.0,0.0
63120026,0.0,0.0,0.0
63321349,0.0,0.0,0.0
63521573,0.0,0.0,0.0
63722420,0.0,0.0,0.0
63923247,0.0,0.0,0.0
64127933,0.0,0.0,0.0
64332028,0.0,0.0,0.0
64532439,0.0,0.0,0.0
64733991,0.0,0.0,0.0
64934406,0.0,0.0,0.0
65138842,0.0,0.0,0.0
65339483,0.0,0.0,0.0
65540136,0.0,0.0,0.0
65745154,0.0,0.0,0.0
65946022,0.0,0.0,0.0
66147606,0.0,0.0,0.0
66351674,0.0,0.0,0.0
66552415,0.0,0.0,0.0
66757551,0.0,0.0,0.0
66957997,0.0,0.0,0.0
67162560,0.0,0.0,0.0
67363589,0.0,0.0,0.0
67568651,0.0,0.0,0.0
67769895,0.0,0.0,0.0
67970086,0.0,0.0,0.0
68174111,0.0,0.0,0.0
68374554,0.0,0.0,0.0
68579902,0.0,0.0,0.0
68780479,0.0,0.0,0.0
68984942,0.0,0.0,0.0
69186168,0.0,0.0,0.0
69386854,0.0,0.0,0.0
69592028,0.0,0.0,0.0
69792574,0.0,0.0,0.0
69996957,0.0,0.0,0.0
70197763,0.0,0.0,0.0
70403622,0.0,0.0,0.0
70606588,0.0,0.0,0.0
70807373,0.0,0.0,0.0
71012805,0.0,0.0,0.0
71213591,0.0,0.0,0.0
71418127,0.0,0.0,0.0
71618573,0.0,0.0,0.0
71819374,0.0,0.0,0.0
72024354,0.0,0.0,0.0
72225306,0.0,0.0,0.0
72426544,0.0,0.0,0.0
72626883,0.0,0.0,0.0
72831551,0.0,0.0,0.0
73032635,0.0,0.0,0.0
73232557,0.0,0.0,0.0
73437602,0.0,0.0,0.0
73638386,0.0,0.0,0.0
73838842,0.0,0.0,0.0
74043836,0.0,0.0,0.0
74244656,0.0,0.0,0.0
74449637,0.0,0.0,0.0
74650317,0.0,0.0,0.0
74854539,0.0,0.0,0.0
75055695,0.0,0.0,0.0
75256160,0.0,0.0,0.0
75461632,0.0,0.0,0.0
75661599,0.0,0.0,0.0
75866108,0.0,0.0,0.0
76066895,0.0,0.0,0.0
76267391,0.0,0.0,0.0
76472825,0.0,0.0,0.0
76673158,0.0,0.0,0.0
76878086,0.0,0.0,0.0
77078543,0.0,0.0,0.0
77279604,0.0,0.0,0.0
77484565,0.0,0.0,0.0
77685319,0.0,0.0,0.0
77888941,0.0,0.0,0.0
78090090,0.0,0.0,0.0
78290656,0.0,0.0,0.0
78496035,0.0,0.0,0.0
78697176,0.0,0.0,0.0
78901208,0.0,0.0,0.0
79101735,0.0,0.0,0.0
79306749,0.0,0.0,0.0
79507774,0.0,0.0,0.0
79708400,0.0,0.0,0.0
79913293,0.0,0.0,0.0
80112951,0.0,0.0,0.0
80318127,0.0,0.0,0.0
80519093,0.0,0.0,0.0
80719543,0.0,0.0,0.0
80924490,0.0,0.0,0.0
81125297,0.0,0.0,0.0
81330811,0.0,0.0,0.0
81531414,0.0,0.0,0.0
81731944,0.0,0.0,0.0
81932843,0.0,0.0,0.0
82136780,0.0,0.0,0.0
82337252,0.0,0.0,0.0
82542370,0.0,0.0,0.0
82742865,0.0,0.0,0.0
82947672,0.0,0.0,0.0
83148495,0.0,0.0,0.0
83353295,0.0,0.0,0.0
83554141,0.0,0.0,0.0
83758768,0.0,0.0,0.0
83960516,0.0,0.0,0.0
84159717,0.0,0.0,0.0
84364141,0.0,0.0,0.0
84565865,0.0,0.0,0.0
84766562,0.0,0.0,0.0
84970869,0.0,0.0,0.0
85171340,0.0,0.0,0.0
85376490,0.0,0.0,0.0
85576965,0.0,0.0,0.0
85782767,0.0,0.0,0.0
85983224,0.0,0.0,0.0
86182972,0.0,0.0,0.0
86387680,0.0,0.0,0.0
86588542,0.0,0.0,0.0
86792946,0.0,0.0,0.0
86993799,0.0,0.0,0.0
87198784,0.0,0.0,0.0
87400020,0.0,0.0,0.0
87600588,0.0,0.0,0.0
87805327,0.0,0.0,0.0
88009173,0.0,0.0,0.0
88209762,0.0,0.0,0.0
88415485,0.0,0.0,0.0
88615827,0.0,0.0,0.0
88820480,0.0,0.0,0.0
89020969,0.0,0.0,0.0
89225748,0.0,0.0,0.0
89426633,0.0,0.0,0.0
89627354,0.0,0.0,0.0
89831947,0.0,0.0,0.0
90032940,0.0,0.0,0.0
90232952,0.0,0.0,0.0
90437945,0.0,0.0,0.0
90638738,0.0,0.0,0.0
90843747,0.0,0.0,0.0
91044152,0.0,0.0,0.0
91249156,0.0,0.0,0.0
91449948,0.0,0.0,0.0
91649732,0.0,0.0,0.0
91854950,0.0,0.0,0.0
92056047,0.0,0.0,0.0
92260337,0.0,0.0,0.0
92460968,0.0,0.0,0.0
92662171,0.0,0.0,0.0
92863235,0.0,0.0,0.0
93063539,0.0,0.0,0.0
93267537,0.0,0.0,0.0
93472675,0.0,0.0,0.0
93672966,0.0,0.0,0.0
93878390,0.0,0.0,0.0
94079085,0.0,0.0,0.0
94283720,0.0,0.0,0.0
94484140,0.0,0.0,0.0
94689154,0.0,0.0,0.0
94893292,0.0,0.0,0.0
95093766,0.0,0.0,0.0
95299192,0.0,0.0,0.0
95499950,0.0,0.0,0.0
95704197,0.0,0.0,0.0
95904951,0.0,0.0,0.0
96106117,0.0,0.0,0.0
96310583,0.0,0.0,0.0
96510580,0.0,0.0,0.0
96715561,0.0,0.0,0.0
96916502,0.0,0.0,0.0
97117645,0.0,0.0,0.0
97322110,0.0,0.0,0.0
97523108,0.0,0.0,0.0
97728023,0.0,0.0,0.0
97928761,0.0,0.0,0.0
98129158,0.0,0.0,0.0
98333842,0.0,0.0,0.0
98534452,0.0,0.0,0.0
98738620,0.0,0.0,0.0
98939498,0.0,0.0,0.0
99140794,0.0,0.0,0.0
99345128,0.0,0.0,0.0
99545352,0.0,0.0,0.0
99745768,0.0,0.0,0.0
99951186,0.0,0.0,0.0
100152257,0.0,0.0,0.0
100356512,0.0,0.0,0.0
100557335,0.0,0.0,0.0
100762447,0.0,0.0,0.0
100962572,0.0,0.0,0.0
101166759,0.0,0.0,0.0
101369086,0.0,0.0,0.0
101569996,0.0,0.0,0.0
101769584,0.0,0.0,0.0
101970406,0.0,0.0,0.0
102171786,0.0,0.0,0.0
102375592,0.0,0.0,0.0
102575992,0.0,0.0,0.0
102776834,0.0,0.0,0.0
102976957,0.0,0.0,0.0
103177740,0.0,0.0,0.0
103382757,0.0,0.0,0.0
103583884,0.0,0.0,0.0
103784382,0.0,0.0,0.0
103988201,0.0,0.0,0.0
104189280,0.0,0.0,0.0
104389934,0.0,0.0,0.0
104594896,0.0,0.0,0.0
104795696,0.0,0.0,0.0
105000938,0.0,0.0,0.0
105201032,0.0,0.0,0.0
105401312,0.0,0.0,0.0
105606082,0.0,0.0,0.0
105807052,0.0,0.0,0.0
106008350,0.0,0.0,0.0
106208771,0.0,0.0,0.0
106409387,0.0,0.0,0.0
106613467,0.0,0.0,0.0
106814408,0.0,0.0,0.0
107015168,0.0,0.0,0.0
107219718,0.0,0.0,0.0
107420531,0.0,0.0,0.0
107621107,0.0,0.0,0.0
107826056,0.0,0.0,0.0
108025767,0.0,0.0,0.0
108230738,0.0,0.0,0.0
108432013,0.0,0.0,0.0
108632483,0.0,0.0,0.0
108837300,0.0,0.0,0.0
109037974,0.0,0.0,0.0
109242570,0.0,0.0,0.0
109442923,0.0,0.0,0.0
109643433,0.0,0.0,0.0
109848366,0.0,0.0,0.0
110049587,0.0,0.0,0.0
110253872,0.0,0.0,0.0
110454607,0.0,0.0,0.0
110654987,0.0,0.0,0.0
110859775,0.0,0.0,0.0
111060154,0.0,0.0,0.0
111264963,0.0,0.0,0.0
111466133,0.0,0.0,0.0
111666560,0.0,0.0,0.0
111871234,0.0,0.0,0.0
112071974,0.0,0.0,0.0
112272562,0.0,0.0,0.0
112477609,0.0,0.0,0.0
112678009,0.0,0.0,0.0
112882579,0.0,0.0,0.0
113083547,0.0,0.0,0.0
113287703,0.0,0.0,0.0
113489199,0.0,0.0,0.0
113689650,0.0,0.0,0.0
113894221,0.0,0.0,0.0
114094960,0.0,0.0,0.0
114295951,0.0,0.0,0.0
114499384,0.0,0.0,0.0
114700140,0.0,0.0,0.0
114900962,0.0,0.0,0.0
115106430,0.0,0.0,0.0
115306920,0.0,0.0,0.0
115512051,0.0,0.0,0.0
115711968,0.0,0.0,0.0
115916560,0.0,0.0,0.0
116121604,0.0,0.0,0.0
116321953,0.0,0.0,0.0
116527191,0.0,0.0,0.0
116728163,0.0,0.0,0.0
116931510,0.0,0.0,0.0
117132508,0.0,0.0,0.0
117332937,0.0,0.0,0.0
117534663,0.0,0.0,0.0
117735251,0.0,0.0,0.0
117935958,0.0,0.0,0.0
118139695,0.0,0.0,0.0
118340506,0.0,0.0,0.0
118545748,0.0,0.0,0.0
118745889,0.0,0.0,0.0
118946553,0.0,0.0,0.0
119152228,0.0,0.0,0.0
119351778,0.0,0.0,0.0
119556502,0.0,0.0,0.0
119757624,0.0,0.0,0.0
119958195,0.0,0.0,0.0
120162937,0.0,0.0,0.0
120363739,0.0,0.0,0.0
120567738,0.0,0.0,0.0
120769846,0.0,0.0,0.0
120970692,0.0,0.0,0.0
121173956,0.0,0.0,0.0
121376287,0.0,0.0,0.0
121577074,0.0,0.0,0.0
121779650,0.0,0.0,0.0
121980473,0.0,0.0,0.0
122185549,0.0,0.0,0.0
122386378,0.0,0.0,0.0
122586735,0.0,0.0,0.0
122791996,0.0,0.0,0.0
122992442,0.0,0.0,0.0
123192771,0.0,0.0,0.0
123397624,0.0,0.0,0.0
123598187,0.0,0.0,0.0
123802855,0.0,0.0,0.0
124002985,0.0,0.0,0.0
124203734,0.0,0.0,0.0
124408405,0.0,0.0,0.0
124609542,0.0,0.0,0.0
124814089,0.0,0.0,0.0
125014737,0.0,0.0,0.0
125214926,0.0,0.0,0.0
125419387,0.0,0.0,0.0
125620051,0.0,0.0,0.0
125825265,0.0,0.0,0.0
126026108,0.0,0.0,0.0
126225924,0.0,0.0,0.0
126430786,0.0,0.0,0.0
126632246,0.0,0.0,0.0
126832435,0.0,0.0,0.0
127037339,0.0,0.0,0.0
127238149,0.0,0.0,0.0
127441982,0.0,0.0,0.0
127642941,0.0,0.0,0.0
127843684,0.0,0.0,0.0
128048357,0.0,0.0,0.0
128249597,0.0,0.0,0.0
128453364,0.0,0.0,0.0
128654375,0.0,0.0,0.0
128855218,0.0,0.0,0.0
129059713,0.0,0.0,0.0
129260168,0.0,0.0,0.0
129464518,0.0,0.0,0.0
129669176,0.0,0.0,0.0
129869960,0.0,0.0,0.0
130074933,0.0,0.0,0.0
130275368,0.0,0.0,0.0
130480368,0.0,0.0,0.0
130684513,0.0,0.0,0.0
130885378,0.0,0.0,0.0
131089986,0.0,0.0,0.0
131290887,0.0,0.0,0.0
131495767,0.0,0.0,0.0
131699672,0.0,0.0,0.0
131900168,0.0,0.0,0.0
132105535,0.0,0.0,0.0
132306018,0.0,0.0,0.0
132510938,0.0,0.0,0.0
132714969,0.0,0.0,0.0
132915523,0.0,0.0,0.0
133120492,0.0,0.0,0.0
133321356,0.0,0.0,0.0
133526384,0.0,0.0,0.0
133727204,0.0,0.0,0.0
133930559,0.0,0.0,0.0
134136034,0.0,0.0,0.0
134336359,0.0,0.0,0.0
134541353,0.0,0.0,0.0
134742125,0.0,0.0,0.0
134946734,0.0,0.0,0.0
135146904,0.0,0.0,0.0
135347606,0.0,0.0,0.0
135552503,0.0,0.0,0.0
135753281,0.0,0.0,0.0
135957185,0.0,0.0,0.0
136158645,0.0,0.0,0.0
136358759,0.0,0.0,0.0
136563716,0.0,0.0,0.0
136764164,0.0,0.0,0.0
136968330,0.0,0.0,0.0
137173337,0.0,0.0,0.0
137374269,0.0,0.0,0.0
137579201,0.0,0.0,0.0
137779330,0.0,0.0,0.0
137984318,0.0,0.0,0.0
138188451,0.0,0.0,0.0
138388930,0.0,0.0,0.0
138593746,0.0,0.0,0.0
138794894,0.0,0.0,0.0
138999126,0.0,0.0,0.0
139203709,0.0,0.0,0.0
139404456,0.0,0.0,0.0
139608937,0.0,0.0,0.0
139809735,0.0,0.0,0.0
140014415,0.0,0.0,0.0
140215631,0.0,0.0,0.0
140415536,0.0,0.0,0.0
140620440,0.0,0.0,0.0
140821315,0.0,0.0,0.0
141026410,0.0,0.0,0.0
141226666,0.0,0.0,0.0
141426546,0.0,0.0,0.0
141631563,0.0,0.0,0.0
141832793,0.0,0.0,0.0
142032515,0.0,0.0,0.0
142236952,0.0,0.0,0.0
142438009,0.0,0.0,0.0
142642864,0.0,0.0,0.0
142843695,0.0,0.0,0.0
143043695,0.0,0.0,0.0
143248810,0.0,0.0,0.0
143449260,0.0,0.0,0.0
143649737,0.0,0.0,0.0
143855215,0.0,0.0,0.0
144055197,0.0,0.0,0.0
144259468,0.0,0.0,0.0
144460682,0.0,0.0,0.0
144661619,0.0,0.0,0.0
144865959,0.0,0.0,0.0
145066116,0.0,0.0,0.0
145266534,0.0,0.0,0.0
145471693,0.0,0.0,0.0
145672382,0.0,0.0,0.0
145876181,0.0,0.0,0.0
146077343,0.0,0.0,0.0
146277974,0.0,0.0,0.0
146482595,0.0,0.0,0.0
146683367,0.0,0.0,0.0
146888294,0.0,0.0,0.0
147088827,0.0,0.0,0.0
147289589,0.0,0.0,0.0
147494274,0.0,0.0,0.0
147694950,0.0,0.0,0.0
147894922,0.0,0.0,0.0
148099385,0.0,0.0,0.0
148300056,0.0,0.0,0.0
148504935,0.0,0.0,0.0
148709420,0.0,0.0,0.0
148910146,0.0,0.0,0.0
149114539,0.0,0.0,0.0
149315480,0.0,0.0,0.0
149520602,0.0,0.0,0.0
149721055,0.0,0.0,0.0
149921905,0.0,0.0,0.0
150126639,0.0,0.0,0.0
150327558,0.0,0.0,0.0
150527525,0.0,0.0,0.0
150731749,0.0,0.0,0.0
150932465,0.0,0.0,0.0
151137748,0.0,0.0,0.0
151602886,0.0,0.0,0.0
151806772,0.0,0.0,0.0
152007579,0.0,0.0,0.0
152212501,0.0,0.0,0.0
152412958,0.0,0.0,0.0
152618337,0.0,0.0,0.0
152821770,0.0,0.0,0.0
153023215,0.0,0.0,0.0
153227573,0.0,0.0,0.0
153428299,0.0,0.0,0.0
153632750,0.0,0.0,0.0
153833367,0.0,0.0,0.0
154034121,0.0,0.0,0.0
154238550,0.0,0.0,0.0
154439631,0.0,0.0,0.0
154643668,0.0,0.0,0.0
154848507,0.0,0.0,0.0
155049185,0.0,0.0,0.0
155253755,0.0,0.0,0.0
155453775,0.0,0.0,0.0
155654768,0.0,0.0,0.0
155859758,0.0,0.0,0.0
156060402,0.0,0.0,0.0
156260147,0.0,0.0,0.0
156465433,0.0,0.0,0.0
156666144,0.0,0.0,0.0
156870760,0.0,0.0,0.0
157072275,0.0,0.0,0.0
157275348,0.0,0.0,0.0
157480611,0.0,0.0,0.0
157681203,0.0,0.0,0.0
157885987,0.0,0.0,0.0
158086892,0.0,0.0,0.0
158290633,0.0,0.0,0.0
158491377,0.0,0.0,0.0
158692410,0.0,0.0,0.0
159101203,0.0,0.0,0.0
159302305,0.0,0.0,0.0
159506930,0.0,0.0,0.0
159707371,0.0,0.0,0.0
159911547,0.0,0.0,0.0
160112379,0.0,0.0,0.0
160313151,0.0,0.0,0.0
160518723,0.0,0.0,0.0
160719533,0.0,0.0,0.0
160922457,0.0,0.0,0.0
161123679,0.0,0.0,0.0
161324133,0.0,0.0,0.0
161529567,0.0,0.0,0.0
161729593,0.0,0.0,0.0
161929847,0.0,0.0,0.0
162134811,0.0,0.0,0.0
162335928,0.0,0.0,0.0
162539699,0.0,0.0,0.0
162744604,0.0,0.0,0.0
162945155,0.0,0.0,0.0
163150088,0.0,0.0,0.0
163350115,0.0,0.0,0.0
163550843,0.0,0.0,0.0
163752178,0.0,0.0,0.0
163952517,0.0,0.0,0.0
164153081,0.0,0.0,0.0
164357285,0.0,0.0,0.0
164557766,0.0,0.0,0.0
164762729,0.0,0.0,0.0
164963701,0.0,0.0,0.0
165163778,0.0,0.0,0.0
165368510,0.0,0.0,0.0
165569300,0.0,0.0,0.0
165770119,0.0,0.0,0.0
165975149,0.0,0.0,0.0
166175539,0.0,0.0,0.0
166375686,0.0,0.0,0.0
166576787,0.0,0.0,0.0
166777140,0.0,0.0,0.0
166978070,0.0,0.0,0.0
167178915,0.0,0.0,0.0
167378756,0.0,0.0,0.0
167582894,0.0,0.0,0.0
167787683,0.0,0.0,0.0
167988463,0.0,0.0,0.0
168193034,0.0,0.0,0.0
168393760,0.0,0.0,0.0
168598542,0.0,0.0,0.0
168799577,0.0,0.0,0.0
168999886,0.0,0.0,0.0
169203356,0.0,0.0,0.0
169409107,0.0,0.0,0.0
169608956,0.0,0.0,0.0
169814651,0.0,0.0,0.0
170015207,0.0,0.0,0.0
170218859,0.0,0.0,0.0
170423942,0.0,0.0,0.0
170624075,0.0,0.0,0.0
170829853,0.0,0.0,0.0
171029176,0.0,0.0,0.0
171233773,0.0,0.0,0.0
171434889,0.0,0.0,0.0
171635365,0.0,0.0,0.0
171839954,0.0,0.0,0.0
172040973,0.0,0.0,0.0
172241164,0.0,0.0,0.0
172446056,0.0,0.0,0.0
172646031,0.0,0.0,0.0
172850531,0.0,0.0,0.0
173051700,0.0,0.0,0.0
173252509,0.0,0.0,0.0
173456341,0.0,0.0,0.0
173657614,0.0,0.0,0.0
173858118,0.0,0.0,0.0
174062880,0.0,0.0,0.0
174266891,0.0,0.0,0.0
174467708,0.0,0.0,0.0
174673007,0.0,0.0,0.0
174873375,0.0,0.0,0.0
175077613,0.0,0.0,0.0
175278779,0.0,0.0,0.0
175479125,0.0,0.0,0.0
175683644,0.0,0.0,0.0
175883747,0.0,0.0,0.0
176084209,0.0,0.0,0.0
176289337,0.0,0.0,0.0
176490113,0.0,0.0,0.0
176693980,0.0,0.0,0.0
176895096,0.0,0.0,0.0
177095781,0.0,0.0,0.0
177300516,0.0,0.0,0.0
177500560,0.0,0.0,0.0
177701325,0.0,0.0,0.0
177906020,0.0,0.0,0.0
178107011,0.0,0.0,0.0
178310760,0.0,0.0,0.0
178511738,0.0,0.0,0.0
178712791,0.0,0.0,0.0
178916474,0.0,0.0,0.0
179117360,0.0,0.0,0.0
179317791,0.0,0.0,0.0
179523180,0.0,0.0,0.0
179726920,0.0,0.0,0.0
179927873,0.0,0.0,0.0
180133012,0.0,0.0,0.0
180333179,0.0,0.0,0.0
180536977,0.0,0.0,0.0
180738609,0.0,0.0,0.0
180938530,0.0,0.0,0.0
181144335,0.0,0.0,0.0
181343609,0.0,0.0,0.0
181548359,0.0,0.0,0.0
181753601,0.0,0.0,0.0
181953756,0.0,0.0,0.0
182158394,0.0,0.0,0.0
182359254,0.0,0.0,0.0
182560363,0.0,0.0,0.0
182764529,0.0,0.0,0.0
182964434,0.0,0.0,0.0
183168848,0.0,0.0,0.0
183369732,0.0,0.0,0.0
183576187,0.0,0.0,0.0
183778829,0.0,0.0,0.0
183979698,0.0,0.0,0.0
184185248,0.0,0.0,0.0
184385610,0.0,0.0,0.0
184585561,0.0,0.0,0.0
184790080,0.0,0.0,0.0
184990732,0.0,0.0,0.0
185190839,0.0,0.0,0.0
185395253,0.0,0.0,0.0
185596522,0.0,0.0,0.0
185797325,0.0,0.0,0.0
185998163,0.0,0.0,0.0
186198339,0.0,0.0,0.0
186398787,0.0,0.0,0.0
186603708,0.0,0.0,0.0
186803330,0.0,0.0,0.0
187008554,0.0,0.0,0.0
187209179,0.0,0.0,0.0
187410670,0.0,0.0,0.0
187613737,0.0,0.0,0.0
187814599,0.0,0.0,0.0
188219342,0.0,0.0,0.0
188424570,0.0,0.0,0.0
188625231,0.0,0.0,0.0
188826172,0.0,0.0,0.0
189030139,0.0,0.0,0.0
189230688,0.0,0.0,0.0
189431696,0.0,0.0,0.0
189632784,0.0,0.0,0.0
189836363,0.0,0.0,0.0
190037564,0.0,0.0,0.0
190238420,0.0,0.0,0.0
190442903,0.0,0.0,0.0
190647006,0.0,0.0,0.0
190847565,0.0,0.0,0.0
191052750,0.0,0.0,0.0
191252441,0.0,0.0,0.0
191457165,0.0,0.0,0.0
191657983,0.0,0.0,0.0
191858538,0.0,0.0,0.0
192062850,0.0,0.0,0.0
192263945,0.0,0.0,0.0
192464606,0.0,0.0,0.0
192669194,0.0,0.0,0.0
192870079,0.0,0.0,0.0
193069962,0.0,0.0,0.0
193274727,0.0,0.0,0.0
193474866,0.0,0.0,0.0
193675660,0.0,0.0,0.0
193880730,0.0,0.0,0.0
194081305,0.0,0.0,0.0
194285611,0.0,0.0,0.0
194486626,0.0,0.0,0.0
194687153,0.0,0.0,0.0
194890875,0.0,0.0,0.0
195091834,0.0,0.0,0.0
195292051,0.0,0.0,0.0
195697138,0.0,0.0,0.0
195902097,0.0,0.0,0.0
196102957,0.0,0.0,0.0
196303556,0.0,0.0,0.0
196507482,0.0,0.0,0.0
196708503,0.0,0.0,0.0
196908844,0.0,0.0,0.0
197113138,0.0,0.0,0.0
197314730,0.0,0.0,0.0
197514590,0.0,0.0,0.0
197630726,0.0,0.0,0.0
200876554,0.0,0.0,0.0
201077261,0.0,0.0,0.0
201281469,0.0,0.0,0.0
201482147,0.0,0.0,0.0
201682549,0.0,0.0,0.0
201995372,0.0,0.0,0.0
202196510,0.0,0.0,0.0
202396602,0.0,0.0,0.0
202597638,0.0,0.0,0.0
202798446,0.0,0.0,0.0
202997986,0.0,0.0,0.0
203202601,0.0,0.0,0.0
203407986,0.0,0.0,0.0
203608938,0.0,0.0,0.0
203812206,0.0,0.0,0.0
204013172,0.0,0.0,0.0
204214650,0.0,0.0,0.0
204417654,0.0,0.0,0.0
204618941,0.0,0.0,0.0
204819255,0.0,0.0,0.0
205023526,0.0,0.0,0.0
205224839,0.0,0.0,0.0
205424948,0.0,0.0,0.0
205629957,0.0,0.0,0.0
206034444,0.0,0.0,0.0
206235722,0.0,0.0,0.0
206435679,0.0,0.0,0.0
206640441,0.0,0.0,0.0
206841653,0.0,0.0,0.0
207041930,0.0,0.0,0.0
207245894,0.0,0.0,0.0
207446941,0.0,0.0,0.0
207647743,0.0,0.0,0.0
208052057,0.0,0.0,0.0
208257858,0.0,0.0,0.0
208458154,0.0,0.0,0.0
208657750,0.0,0.0,0.0
209064288,0.0,0.0,0.0
209264338,0.0,0.0,0.0
209469329,0.0,0.0,0.0
209669615,0.0,0.0,0.0
210074087,0.0,0.0,0.0
210274954,0.0,0.0,0.0
210475755,0.0,0.0,0.0
210679953,0.0,0.0,0.0
210880808,0.0,0.0,0.0
211081335,0.0,0.0,0.0
211286265,0.0,0.0,0.0
211486367,0.0,0.0,0.0
211687245,0.0,0.0,0.0
212087844,0.0,0.0,0.0
212292501,0.0,0.0,0.0
212497301,0.0,0.0,0.0
212697291,0.0,0.0,0.0
212902575,0.0,0.0,0.0
213103341,0.0,0.0,0.0
213303174,0.0,0.0,0.0
213507640,0.0,0.0,0.0
213708501,0.0,0.0,0.0
213909308,0.0,0.0,0.0
214113177,0.0,0.0,0.0
214314443,0.0,0.0,0.0
214519585,0.0,0.0,0.0
214723140,0.0,0.0,0.0
214923914,0.0,0.0,0.0
215128798,0.0,0.0,0.0
215330170,0.0,0.0,0.0
215533292,0.0,0.0,0.0
215734374,0.0,0.0,0.0
215935514,0.0,0.0,0.0
216139655,0.0,0.0,0.0
216343999,0.0,0.0,0.0
216544819,0.0,0.0,0.0
216748481,0.0,0.0,0.0
216949587,0.0,0.0,0.0
217150395,0.0,0.0,0.0
217351227,0.0,0.0,0.0
217554940,0.0,0.0,0.0
217755666,0.0,0.0,0.0
217960738,0.0,0.0,0.0
218161167,0.0,0.0,0.0
218361616,0.0,0.0,0.0
218566436,0.0,0.0,0.0
218767443,0.0,0.0,0.0
218970901,0.0,0.0,0.0
219171868,0.0,0.0,0.0
219372510,0.0,0.0,0.0
219578052,0.0,0.0,0.0
219777296,0.0,0.0,0.0
219982402,0.0,0.0,0.0
220182656,0.0,0.0,0.0
220383195,0.0,0.0,0.0
220583999,0.0,0.0,0.0
220787235,0.0,0.0,0.0
220988521,0.0,0.0,0.0
221189603,0.0,0.0,0.0
221394107,0.0,0.0,0.0
221594041,0.0,0.0,0.0
221799513,0.0,0.0,0.0
222001094,0.0,0.0,0.0
222200018,0.0,0.0,0.0
222404548,0.0,0.0,0.0
222605837,0.0,0.0,0.0
222805593,0.0,0.0,0.0
223010056,0.0,0.0,0.0
223210922,0.0,0.0,0.0
223410877,0.0,0.0,0.0
223816835,0.0,0.0,0.0
224016830,0.0,0.0,0.0
224221297,0.0,0.0,0.0
224422638,0.0,0.0,0.0
224623204,0.0,0.0,0.0
224826877,0.0,0.0,0.0
225027867,0.0,0.0,0.0
225232811,0.0,0.0,0.0
225432947,0.0,0.0,0.0
225633253,0.0,0.0,0.0
225838372,0.0,0.0,0.0
226038439,0.0,0.0,0.0
226239460,0.0,0.0,0.0
226443634,0.0,0.0,0.0
226643698,0.0,0.0,0.0
226844226,0.0,0.0,0.0
227049628,0.0,0.0,0.0
227250399,0.0,0.0,0.0
227454097,0.0,0.0,0.0
227658889,0.0,0.0,0.0
227859659,0.0,0.0,0.0
228063977,0.0,0.0,0.0
228264796,0.0,0.0,0.0
228465322,0.0,0.0,0.0
228870105,0.0,0.0,0.0
229070567,0.0,0.0,0.0
229275086,0.0,0.0,0.0
229476032,0.0,0.0,0.0
229676601,0.0,0.0,0.0
229880366,0.0,0.0,0.0
230081916,0.0,0.0,0.0
230282456,0.0,0.0,0.0
230486754,0.0,0.0,0.0
230687218,0.0,0.0,0.0
230887757,0.0,0.0,0.0
231088856,0.0,0.0,0.0
231289083,0.0,0.0,0.0
231489259,0.0,0.0,0.0
231894391,0.0,0.0,0.0
232094962,0.0,0.0,0.0
232495973,0.0,0.0,0.0
232696560,0.0,0.0,0.0
232901289,0.0,0.0,0.0
233105584,0.0,0.0,0.0
233306196,0.0,0.0,0.0
233506897,0.0,0.0,0.0
233711171,0.0,0.0,0.0
233912006,0.0,0.0,0.0
234112787,0.0,0.0,0.0
234517335,0.0,0.0,0.0
235122561,0.0,0.0,0.0
235929641,0.0,0.0,0.0
236130567,0.0,0.0,0.0
236334085,0.0,0.0,0.0
236535337,0.0,0.0,0.0
236735767,0.0,0.0,0.0
236939349,0.0,0.0,0.0
237140530,0.0,0.0,0.0
237341263,0.0,0.0,0.0
237545582,0.0,0.0,0.0
237746424,0.0,0.0,0.0
237946544,0.0,0.0,0.0
238352015,0.0,0.0,0.0
238552592,0.0,0.0,0.0
238756439,0.0,0.0,0.0
238956944,0.0,0.0,0.0
239158413,0.0,0.0,0.0
239362109,0.0,0.0,0.0
239562591,0.0,0.0,0.0
239763614,0.0,0.0,0.0
239967928,0.0,0.0,0.0
240168337,0.0,0.0,0.0
240373989,0.0,0.0,0.0
240577282,0.0,0.0,0.0
240778150,0.0,0.0,0.0
240983196,0.0,0.0,0.0
241183191,0.0,0.0,0.0
241384278,0.0,0.0,0.0
241588404,0.0,0.0,0.0
241788482,0.0,0.0,0.0
241989254,0.0,0.0,0.0
242194072,0.0,0.0,0.0
242398399,0.0,0.0,0.0
242599216,0.0,0.0,0.0
242800047,0.0,0.0,0.0
243000223,0.0,0.0,0.0
243200137,0.0,0.0,0.0
243405653,0.0,0.0,0.0
243605854,0.0,0.0,0.0
243805982,0.0,0.0,0.0
244007180,0.0,0.0,0.0
244210890,0.0,0.0,0.0
244411707,0.0,0.0,0.0
244616585,0.0,0.0,0.0
244817146,0.0,0.0,0.0
245020848,0.0,0.0,0.0
245222310,0.0,0.0,0.0
245422780,0.0,0.0,0.0
245626576,0.0,0.0,0.0
245827384,0.0,0.0,0.0
246027251,0.0,0.0,0.0
246232355,0.0,0.0,0.0
246433349,0.0,0.0,0.0
246633068,0.0,0.0,0.0
246838183,0.0,0.0,0.0
247038757,0.0,0.0,0.0
247238762,0.0,0.0,0.0
247443701,0.0,0.0,0.0
247644135,0.0,0.0,0.0
247848347,0.0,0.0,0.0
248049557,0.0,0.0,0.0
248250713,0.0,0.0,0.0
248455331,0.0,0.0,0.0
248658934,0.0,0.0,0.0
248859511,0.0,0.0,0.0
249063956,0.0,0.0,0.0
249264833,0.0,0.0,0.0
249465840,0.0,0.0,0.0
249670145,0.0,0.0,0.0
249870057,0.0,0.0,0.0
250074831,0.0,0.0,0.0
250279217,0.0,0.0,0.0
250480434,0.0,0.0,0.0
250684482,0.0,0.0,0.0
250888754,0.0,0.0,0.0
251089642,0.0,0.0,0.0
251294413,0.0,0.0,0.0
251494394,0.0,0.0,0.0
252099485,0.0,0.0,0.0
252705279,0.0,0.0,0.0
252910258,0.0,0.0,0.0
253110948,0.0,0.0,0.0
253311185,0.0,0.0,0.0
253515373,0.0,0.0,0.0
253916184,0.0,0.0,0.0
254121129,0.0,0.0,0.0
254321744,0.0,0.0,0.0
254526200,0.0,0.0,0.0
254931686,0.0,0.0,0.0
255136037,0.0,0.0,0.0
255336829,0.0,0.0,0.0
255537927,0.0,0.0,0.0
255741247,0.0,0.0,0.0
255942794,0.0,0.0,0.0
256143221,0.0,0.0,0.0
256346884,0.0,0.0,0.0
256547678,0.0,0.0,0.0
256748667,0.0,0.0,0.0
256952526,0.0,0.0,0.0
257153343,0.0,0.0,0.0
257354080,0.0,0.0,0.0
257558411,0.0,0.0,0.0
257759460,0.0,0.0,0.0
257960003,0.0,0.0,0.0
258163666,0.0,0.0,0.0
258364533,0.0,0.0,0.0
258565011,0.0,0.0,0.0
258769884,0.0,0.0,0.0
258970124,0.0,0.0,0.0
259170044,0.0,0.0,0.0
259375910,0.0,0.0,0.0
259576646,0.0,0.0,0.0
259777262,0.0,0.0,0.0
259980588,0.0,0.0,0.0
260181275,0.0,0.0,0.0
260381248,0.0,0.0,0.0
260586430,0.0,0.0,0.0
260786893,0.0,0.0,0.0
260986854,0.0,0.0,0.0
261191870,0.0,0.0,0.0
261392479,0.0,0.0,0.0
261592515,0.0,0.0,0.0
261797304,0.0,0.0,0.0
261997991,0.0,0.0,0.0
262197923,0.0,0.0,0.0
262402900,0.0,0.0,0.0
262603364,0.0,0.0,0.0
262807655,0.0,0.0,0.0
263008835,0.0,0.0,0.0
263208344,0.0,0.0,0.0
263413256,0.0,0.0,0.0
263617970,0.0,0.0,0.0
263818159,0.0,0.0,0.0
264018870,0.0,0.0,0.0
264219540,0.0,0.0,0.0
264419730,0.0,0.0,0.0
264620143,0.0,0.0,0.0
264825603,0.0,0.0,0.0
265025841,0.0,0.0,0.0
265226100,0.0,0.0,0.0
265431639,0.0,0.0,0.0
265631190,0.0,0.0,0.0
265835843,0.0,0.0,0.0
266036563,0.0,0.0,0.0
266236480,0.0,0.0,0.0
266441247,0.0,0.0,0.0
266845794,0.0,0.0,0.0
267051450,0.0,0.0,0.0
267254880,0.0,0.0,0.0
267455631,0.0,0.0,0.0
267656974,0.0,0.0,0.0
267860516,0.0,0.0,0.0
268061574,0.0,0.0,0.0
268262243,0.0,0.0,0.0
268466178,0.0,0.0,0.0
268666585,0.0,0.0,0.0
268872003,0.0,0.0,0.0
269071528,0.0,0.0,0.0
269276237,0.0,0.0,0.0
269477568,0.0,0.0,0.0
269677503,0.0,0.0,0.0
269882192,0.0,0.0,0.0
270085983,0.0,0.0,0.0
270287427,0.0,0.0,0.0
270491660,0.0,0.0,0.0
270692359,0.0,0.0,0.0
270896549,0.0,0.0,0.0
271097294,0.0,0.0,0.0
271297631,0.0,0.0,0.0
271497938,0.0,0.0,0.0
271703439,0.0,0.0,0.0
271903388,0.0,0.0,0.0
272308519,0.0,0.0,0.0
272508734,0.0,0.0,0.0
272709203,0.0,0.0,0.0
272913303,0.0,0.0,0.0
273113661,0.0,0.0,0.0
273318749,0.0,0.0,0.0
273519195,0.0,0.0,0.0
273719693,0.0,0.0,0.0
273924479,0.0,0.0,0.0
274128399,0.0,0.0,0.0
274329324,0.0,0.0,0.0
274533956,0.0,0.0,0.0
274734673,0.0,0.0,0.0
274935218,0.0,0.0,0.0
275138835,0.0,0.0,0.0
275339480,0.0,0.0,0.0
275540565,0.0,0.0,0.0
275744728,0.0,0.0,0.0
275945342,0.0,0.0,0.0
276145887,0.0,0.0,0.0
276350310,0.0,0.0,0.0
276551210,0.0,0.0,0.0
276751912,0.0,0.0,0.0
276955555,0.0,0.0,0.0
277156510,0.0,0.0,0.0
277356260,0.0,0.0,0.0
277561277,0.0,0.0,0.0
277762145,0.0,0.0,0.0
277966158,0.0,0.0,0.0
278167239,0.0,0.0,0.0
278368286,0.0,0.0,0.0
278571662,0.0,0.0,0.0
278777882,0.0,0.0,0.0
278977133,0.0,0.0,0.0
279182663,0.0,0.0,0.0
279382374,0.0,0.0,0.0
279585639,0.0,0.0,0.0
279790876,0.0,0.0,0.0
279992301,0.0,0.0,0.0
280195685,0.0,0.0,0.0
280400785,0.0,0.0,0.0
280601180,0.0,0.0,0.0
280805540,0.0,0.0,0.0
281006455,0.0,0.0,0.0
281206745,0.0,0.0,0.0
281410447,0.0,0.0,0.0
281611668,0.0,0.0,0.0
281811673,0.0,0.0,0.0
282016359,0.0,0.0,0.0
282216939,0.0,0.0,0.0
282417353,0.0,0.0,0.0
282622366,0.0,0.0,0.0
282822754,0.0,0.0,0.0
283023490,0.0,0.0,0.0
283227548,0.0,0.0,0.0
283427722,0.0,0.0,0.0
283628168,0.0,0.0,0.0
283833336,0.0,0.0,0.0
284033745,0.0,0.0,0.0
284235160,0.0,0.0,0.0
284439550,0.0,0.0,0.0
284642971,0.0,0.0,0.0
284843712,0.0,0.0,0.0
285048662,0.0,0.0,0.0
285248831,0.0,0.0,0.0
285449476,0.0,0.0,0.0
285654616,0.0,0.0,0.0
285854413,0.0,0.0,0.0
286058895,0.0,0.0,0.0
286263369,0.0,0.0,0.0
286464624,0.0,0.0,0.0
286667718,0.0,0.0,0.0
286868555,0.0,0.0,0.0
287068944,0.0,0.0,0.0
287273537,0.0,0.0,0.0
287474569,0.0,0.0,0.0
287674922,0.0,0.0,0.0
287878611,0.0,0.0,0.0
288079418,0.0,0.0,0.0
288279490,0.0,0.0,0.0
288484428,0.0,0.0,0.0
288685579,0.0,0.0,0.0
288885590,0.0,0.0,0.0
289089642,0.0,0.0,0.0
289290585,0.0,0.0,0.0
289490566,0.0,0.0,0.0
289695591,0.0,0.0,0.0
289895591,0.0,0.0,0.0
290096381,0.0,0.0,0.0
290301621,0.0,0.0,0.0
290505553,0.0,0.0,0.0
290705790,0.0,0.0,0.0
290911133,0.0,0.0,0.0
291110903,0.0,0.0,0.0
291315535,0.0,0.0,0.0
291520148,0.0,0.0,0.0
291720750,0.0,0.0,0.0
291926013,0.0,0.0,0.0
292128945,0.0,0.0,0.0
292329786,0.0,0.0,0.0
292535566,0.0,0.0,0.0
292734855,0.0,0.0,0.0
292939577,0.0,0.0,0.0
293144446,0.0,0.0,0.0
293344810,0.0,0.0,0.0
293549225,0.0,0.0,0.0
293753759,0.0,0.0,0.0
293954815,0.0,0.0,0.0
294155513,0.0,0.0,0.0
294358653,0.0,0.0,0.0
294559996,0.0,0.0,0.0
294763919,0.0,0.0,0.0
294876168,0.0,0.0,0.0
311251352,0.0,0.0,0.0
311456375,0.0,0.0,0.0
311657625,0.0,0.0,0.0
311861048,0.0,0.0,0.0
312061980,0.0,0.0,0.0
312354894,0.0,0.0,0.0
312558736,0.0,0.0,0.0
312759919,0.0,0.0,0.0
312960747,0.0,0.0,0.0
313160795,0.0,0.0,0.0
313361160,0.0,0.0,0.0
313564847,0.0,0.0,0.0
313766010,0.0,0.0,0.0
313966448,0.0,0.0,0.0
314168472,0.0,0.0,0.0
314368240,0.0,0.0,0.0
314573216,0.0,0.0,0.0
314774140,0.0,0.0,0.0
314974027,0.0,0.0,0.0
315178436,0.0,0.0,0.0
315379919,0.0,0.0,0.0
315579699,0.0,0.0,0.0
315784304,0.0,0.0,0.0
315988427,0.0,0.0,0.0
316189265,0.0,0.0,0.0
316394054,0.0,0.0,0.0
316593970,0.0,0.0,0.0
316794404,0.0,0.0,0.0
316999014,0.0,0.0,0.0
317199870,0.0,0.0,0.0
317400347,0.0,0.0,0.0
317604151,0.0,0.0,0.0
317805272,0.0,0.0,0.0
318005119,0.0,0.0,0.0
318209907,0.0,0.0,0.0
318409941,0.0,0.0,0.0
318615037,0.0,0.0,0.0
318819593,0.0,0.0,0.0
319019524,0.0,0.0,0.0
319224437,0.0,0.0,0.0
319425138,0.0,0.0,0.0
319624814,0.0,0.0,0.0
319830203,0.0,0.0,0.0
320033567,0.0,0.0,0.0
320439727,0.0,0.0,0.0
320639997,0.0,0.0,0.0
320840684,0.0,0.0,0.0
321043960,0.0,0.0,0.0
321249436,0.0,0.0,0.0
321450321,0.0,0.0,0.0
321653552,0.0,0.0,0.0
321854397,0.0,0.0,0.0
322054748,0.0,0.0,0.0
322259516,0.0,0.0,0.0
322460332,0.0,0.0,0.0
322660302,0.0,0.0,0.0
322865338,0.0,0.0,0.0
323065440,0.0,0.0,0.0
323266246,0.0,0.0,0.0
323470361,0.0,0.0,0.0
323675021,0.0,0.0,0.0
323876021,0.0,0.0,0.0
324080259,0.0,0.0,0.0
324280833,0.0,0.0,0.0
324480740,0.0,0.0,0.0
324685420,0.0,0.0,0.0
324886020,0.0,0.0,0.0
325090341,0.0,0.0,0.0
325294993,0.0,0.0,0.0
325495594,0.0,0.0,0.0
325699346,0.0,0.0,0.0
325900648,0.0,0.0,0.0
326100846,0.0,0.0,0.0
326306617,0.0,0.0,0.0
326510338,0.0,0.0,0.0
326710978,0.0,0.0,0.0
326914862,0.0,0.0,0.0
327115618,0.0,0.0,0.0
327320037,0.0,0.0,0.0
327520843,0.0,0.0,0.0
327724461,0.0,0.0,0.0
327925495,0.0,0.0,0.0
328126920,0.0,0.0,0.0
328330030,0.0,0.0,0.0
328530905,0.0,0.0,0.0
328735173,0.0,0.0,0.0
328936040,0.0,0.0,0.0
329140476,0.0,0.0,0.0
329344763,0.0,0.0,0.0
329545230,0.0,0.0,0.0
329750340,0.0,0.0,0.0
329950368,0.0,0.0,0.0
330151207,0.0,0.0,0.0
330354881,0.0,0.0,0.0
330555699,0.0,0.0,0.0
330756296,0.0,0.0,0.0
331161254,0.0,0.0,0.0
331361548,0.0,0.0,0.0
331565909,0.0,0.0,0.0
331766915,0.0,0.0,0.0
331966552,0.0,0.0,0.0
332171255,0.0,0.0,0.0
332375977,0.0,0.0,0.0
332576423,0.0,0.0,0.0
332777801,0.0,0.0,0.0
332981284,0.0,0.0,0.0
333181746,0.0,0.0,0.0
333385928,0.0,0.0,0.0
333587205,0.0,0.0,0.0
333787611,0.0,0.0,0.0
333992054,0.0,0.0,0.0
334192344,0.0,0.0,0.0
334396413,0.0,0.0,0.0
334801741,0.0,0.0,0.0
335006360,0.0,0.0,0.0
335207621,0.0,0.0,0.0
335407552,0.0,0.0,0.0
335812465,0.0,0.0,0.0
336012053,0.0,0.0,0.0
336217240,0.0,0.0,0.0
336421615,0.0,0.0,0.0
336622801,0.0,0.0,0.0
336826556,0.0,0.0,0.0
337026745,0.0,0.0,0.0
337227372,0.0,0.0,0.0
337431550,0.0,0.0,0.0
337632813,0.0,0.0,0.0
337833150,0.0,0.0,0.0
338037078,0.0,0.0,0.0
338238130,0.0,0.0,0.0
338438116,0.0,0.0,0.0
338643191,0.0,0.0,0.0
338843689,0.0,0.0,0.0
339043662,0.0,0.0,0.0
339248327,0.0,0.0,0.0
339449077,0.0,0.0,0.0
339649289,0.0,0.0,0.0
339854395,0.0,0.0,0.0
340054690,0.0,0.0,0.0
340255769,0.0,0.0,0.0
340459772,0.0,0.0,0.0
340860036,0.0,0.0,0.0
341064995,0.0,0.0,0.0
341265604,0.0,0.0,0.0
341465555,0.0,0.0,0.0
341867576,0.0,0.0,0.0
342070853,0.0,0.0,0.0
342271773,0.0,0.0,0.0
342475620,0.0,0.0,0.0
342676454,0.0,0.0,0.0
342877905,0.0,0.0,0.0
343081300,0.0,0.0,0.0
343281633,0.0,0.0,0.0
343486336,0.0,0.0,0.0
343690851,0.0,0.0,0.0
343891257,0.0,0.0,0.0
344095826,0.0,0.0,0.0
344296548,0.0,0.0,0.0
344496987,0.0,0.0,0.0
344697591,0.0,0.0,0.0
344898447,0.0,0.0,0.0
345098419,0.0,0.0,0.0
345299716,0.0,0.0,0.0
345502834,0.0,0.0,0.0
345705250,0.0,0.0,0.0
345903902,0.0,0.0,0.0
346309356,0.0,0.0,0.0
346510290,0.0,0.0,0.0
346711745,0.0,0.0,0.0
346914838,0.0,0.0,0.0
347114537,0.0,0.0,0.0
347319936,0.0,0.0,0.0
347523687,0.0,0.0,0.0
347724191,0.0,0.0,0.0
347928487,0.0,0.0,0.0
348129489,0.0,0.0,0.0
348329734,0.0,0.0,0.0
348534397,0.0,0.0,0.0
348735200,0.0,0.0,0.0
348935140,0.0,0.0,0.0
349139336,0.0,0.0,0.0
349340472,0.0,0.0,0.0
349540456,0.0,0.0,0.0
349745183,0.0,0.0,0.0
349945356,0.0,0.0,0.0
350146305,0.0,0.0,0.0
350351138,0.0,0.0,0.0
350551175,0.0,0.0,0.0
350751965,0.0,0.0,0.0
350955706,0.0,0.0,0.0
351156500,0.0,0.0,0.0
351356036,0.0,0.0,0.0
351561288,0.0,0.0,0.0
351762128,0.0,0.0,0.0
351961629,0.0,0.0,0.0
352167429,0.0,0.0,0.0
352370567,0.0,0.0,0.0
352571369,0.0,0.0,0.0
352777121,0.0,0.0,0.0
352980489,0.0,0.0,0.0
353181399,0.0,0.0,0.0
353384825,0.0,0.0,0.0
353585646,0.0,0.0,0.0
353790701,0.0,0.0,0.0
353994920,0.0,0.0,0.0
354195257,0.0,0.0,0.0
354399948,0.0,0.0,0.0
354600569,0.0,0.0,0.0
354800851,0.0,0.0,0.0
355005159,0.0,0.0,0.0
355206109,0.0,0.0,0.0
355405941,0.0,0.0,0.0
355610440,0.0,0.0,0.0
355815161,0.0,0.0,0.0
356015679,0.0,0.0,0.0
356220450,0.0,0.0,0.0
356424391,0.0,0.0,0.0
356625295,0.0,0.0,0.0
356829637,0.0,0.0,0.0
357030729,0.0,0.0,0.0
357234429,0.0,0.0,0.0
357438924,0.0,0.0,0.0
357639859,0.0,0.0,0.0
357843484,0.0,0.0,0.0
358044485,0.0,0.0,0.0
358244945,0.0,0.0,0.0
358449141,0.0,0.0,0.0
358650320,0.0,0.0,0.0
358850306,0.0,0.0,0.0
359055537,0.0,0.0,0.0
359258794,0.0,0.0,0.0
359459664,0.0,0.0,0.0
359664740,0.0,0.0,0.0
359868452,0.0,0.0,0.0
360069259,0.0,0.0,0.0
360273538,0.0,0.0,0.0
360474123,0.0,0.0,0.0
360879522,0.0,0.0,0.0
361080242,0.0,0.0,0.0
361283653,0.0,0.0,0.0
361484508,0.0,0.0,0.0
361685281,0.0,0.0,0.0
361889533,0.0,0.0,0.0
362290448,0.0,0.0,0.0
362490734,0.0,0.0,0.0
362694540,0.0,0.0,0.0
362896283,0.0,0.0,0.0
363096799,0.0,0.0,0.0
363300304,0.0,0.0,0.0
363500860,0.0,0.0,0.0
363701282,0.0,0.0,0.0
363905954,0.0,0.0,0.0
364107385,0.0,0.0,0.0
364306863,0.0,0.0,0.0
364513006,0.0,0.0,0.0
364715656,0.0,0.0,0.0
364916504,0.0,0.0,0.0
365120746,0.0,0.0,0.0
365321349,0.0,0.0,0.0
365521677,0.0,0.0,0.0
365726087,0.0,0.0,0.0
365926920,0.0,0.0,0.0
366127611,0.0,0.0,0.0
366331346,0.0,0.0,0.0
366531663,0.0,0.0,0.0
366732469,0.0,0.0,0.0
366937561,0.0,0.0,0.0
367137606,0.0,0.0,0.0
367338061,0.0,0.0,0.0
367489729,0.0,0.0,0.0
407815518,0.0,0.0,0.0
408019713,0.0,0.0,0.0
408224169,0.0,0.0,0.0
408425042,0.0,0.0,0.0
408628436,0.0,0.0,0.0
408929155,0.0,0.0,0.0
409130647,0.0,0.0,0.0
409330723,0.0,0.0,0.0
409534559,0.0,0.0,0.0
409739808,0.0,0.0,0.0
409939633,0.0,0.0,0.0
410144575,0.0,0.0,0.0
410345187,0.0,0.0,0.0
410545194,0.0,0.0,0.0
410750112,0.0,0.0,0.0
410954404,0.0,0.0,0.0
411154553,0.0,0.0,0.0
411359180,0.0,0.0,0.0
411559992,0.0,0.0,0.0
411760562,0.0,0.0,0.0
412165276,0.0,0.0,0.0
412365255,0.0,0.0,0.0
412570371,0.0,0.0,0.0
412770552,0.0,0.0,0.0
412975450,0.0,0.0,0.0
413176328,0.0,0.0,0.0
413379654,0.0,0.0,0.0
413580194,0.0,0.0,0.0
413781574,0.0,0.0,0.0
413981822,0.0,0.0,0.0
414182726,0.0,0.0,0.0
414385750,0.0,0.0,0.0
414590951,0.0,0.0,0.0
414791703,0.0,0.0,0.0
414995973,0.0,0.0,0.0
415196660,0.0,0.0,0.0
415396161,0.0,0.0,0.0
415601270,0.0,0.0,0.0
415801749,0.0,0.0,0.0
416006264,0.0,0.0,0.0
416210924,0.0,0.0,0.0
416410847,0.0,0.0,0.0
416616245,0.0,0.0,0.0
416816784,0.0,0.0,0.0
417016529,0.0,0.0,0.0
417221128,0.0,0.0,0.0
417425282,0.0,0.0,0.0
417625650,0.0,0.0,0.0
417830753,0.0,0.0,0.0
418031096,0.0,0.0,0.0
418232023,0.0,0.0,0.0
418436346,0.0,0.0,0.0
418641328,0.0,0.0,0.0
418841549,0.0,0.0,0.0
419044832,0.0,0.0,0.0
419245946,0.0,0.0,0.0
419450760,0.0,0.0,0.0
419654743,0.0,0.0,0.0
419855671,0.0,0.0,0.0
420059352,0.0,0.0,0.0
420260728,0.0,0.0,0.0
420460831,0.0,0.0,0.0
420665559,0.0,0.0,0.0
420866142,0.0,0.0,0.0
421066088,0.0,0.0,0.0
421270736,0.0,0.0,0.0
421471973,0.0,0.0,0.0
421671699,0.0,0.0,0.0
421876488,0.0,0.0,0.0
422080779,0.0,0.0,0.0
422281661,0.0,0.0,0.0
422482719,0.0,0.0,0.0
422685734,0.0,0.0,0.0
422886873,0.0,0.0,0.0
423091192,0.0,0.0,0.0
423291341,0.0,0.0,0.0
423492145,0.0,0.0,0.0
423696378,0.0,0.0,0.0
423897320,0.0,0.0,0.0
424097230,0.0,0.0,0.0
424302196,0.0,0.0,0.0
424503057,0.0,0.0,0.0
424703193,0.0,0.0,0.0
424907698,0.0,0.0,0.0
425112735,0.0,0.0,0.0
425313571,0.0,0.0,0.0
425514055,0.0,0.0,0.0
425714674,0.0,0.0,0.0
425914084,0.0,0.0,0.0
426120229,0.0,0.0,0.0
426320544,0.0,0.0,0.0
426521159,0.0,0.0,0.0
426723770,0.0,0.0,0.0
426924627,0.0,0.0,0.0
427125195,0.0,0.0,0.0
427328980,0.0,0.0,0.0
427529740,0.0,0.0,0.0
427730888,0.0,0.0,0.0
427935186,0.0,0.0,0.0
428135567,0.0,0.0,0.0
428339232,0.0,0.0,0.0
428544366,0.0,0.0,0.0
428745072,0.0,0.0,0.0
428945306,0.0,0.0,0.0
429150119,0.0,0.0,0.0
429350109,0.0,0.0,0.0
429550866,0.0,0.0,0.0
429755172,0.0,0.0,0.0
429955692,0.0,0.0,0.0
430156037,0.0,0.0,0.0
430360852,0.0,0.0,0.0
430561192,0.0,0.0,0.0
430761140,0.0,0.0,0.0
430965912,0.0,0.0,0.0
431166748,0.0,0.0,0.0
431367195,0.0,0.0,0.0
431571701,0.0,0.0,0.0
431775973,0.0,0.0,0.0
431976740,0.0,0.0,0.0
432181582,0.0,0.0,0.0
432581928,0.0,0.0,0.0
432786685,0.0,0.0,0.0
432850533,0.0,0.0,0.0
459799713,0.0,0.0,0.0
460000422,0.0,0.0,0.0
460204463,0.0,0.0,0.0
460405285,0.0,0.0,0.0
460606042,0.0,0.0,0.0
460905736,0.0,0.0,0.0
461106438,0.0,0.0,0.0
461307708,0.0,0.0,0.0
461513367,0.0,0.0,0.0
461712025,0.0,0.0,0.0
461914082,0.0,0.0,0.0
462114258,0.0,0.0,0.0
462314825,0.0,0.0,0.0
462518050,0.0,0.0,0.0
462718892,0.0,0.0,0.0
462919724,0.0,0.0,0.0
463123788,0.0,0.0,0.0
463324777,0.0,0.0,0.0
463525254,0.0,0.0,0.0
463728848,0.0,0.0,0.0
463929741,0.0,0.0,0.0
464130132,0.0,0.0,0.0
464334441,0.0,0.0,0.0
464536149,0.0,0.0,0.0
464735542,0.0,0.0,0.0
465141651,0.0,0.0,0.0
465341373,0.0,0.0,0.0
465453311,0.0,0.0,0.0
475763695,0.0,0.0,0.0
475963139,0.0,0.0,0.0
476168502,0.0,0.0,0.0
476372316,0.0,0.0,0.0
476573483,0.0,0.0,0.0
476878056,0.0,0.0,0.0
477082376,0.0,0.0,0.0
477282405,0.0,0.0,0.0
477483663,0.0,0.0,0.0
477688345,0.0,0.0,0.0
477888716,0.0,0.0,0.0
478089094,0.0,0.0,0.0
478292792,0.0,0.0,0.0
478494015,0.0,0.0,0.0
478699351,0.0,0.0,0.0
478902697,0.0,0.0,0.0
479103443,0.0,0.0,0.0
479308266,0.0,0.0,0.0
479508531,0.0,0.0,0.0
479709752,0.0,0.0,0.0
479913881,0.0,0.0,0.0
480113913,0.0,0.0,0.0
480318617,0.0,0.0,0.0
480522337,0.0,0.0,0.0
480723566,0.0,0.0,0.0
480928241,0.0,0.0,0.0
481132307,0.0,0.0,0.0
481332772,0.0,0.0,0.0
481537925,0.0,0.0,0.0
481737840,0.0,0.0,0.0
481942663,0.0,0.0,0.0
482144479,0.0,0.0,0.0
482343456,0.0,0.0,0.0
482548308,0.0,0.0,0.0
482752256,0.0,0.0,0.0
482953192,0.0,0.0,0.0
483158283,0.0,0.0,0.0
483361894,0.0,0.0,0.0
483562732,0.0,0.0,0.0
483767847,0.0,0.0,0.0
483967838,0.0,0.0,0.0
484172277,0.0,0.0,0.0
484373282,0.0,0.0,0.0
484573040,0.0,0.0,0.0
484777556,0.0,0.0,0.0
484982246,0.0,0.0,0.0
485182928,0.0,0.0,0.0
485387528,0.0,0.0,0.0
485591550,0.0,0.0,0.0
485792355,0.0,0.0,0.0
485997044,0.0,0.0,0.0
486197087,0.0,0.0,0.0
486401571,0.0,0.0,0.0
486606671,0.0,0.0,0.0
486806985,0.0,0.0,0.0
487011163,0.0,0.0,0.0
487215811,0.0,0.0,0.0
487416448,0.0,0.0,0.0
487621163,0.0,0.0,0.0
487821136,0.0,0.0,0.0
488021560,0.0,0.0,0.0
488227364,0.0,0.0,0.0
488427003,0.0,0.0,0.0
488631497,0.0,0.0,0.0
488832328,0.0,0.0,0.0
489031944,0.0,0.0,0.0
489237455,0.0,0.0,0.0
489441160,0.0,0.0,0.0
489641850,0.0,0.0,0.0
489846340,0.0,0.0,0.0
490046743,0.0,0.0,0.0
490247515,0.0,0.0,0.0
490452235,0.0,0.0,0.0
490652798,0.0,0.0,0.0
490853096,0.0,0.0,0.0
491058331,0.0,0.0,0.0
491258272,0.0,0.0,0.0
491463374,0.0,0.0,0.0
491666709,0.0,0.0,0.0
491867552,0.0,0.0,0.0
492072811,0.0,0.0,0.0
492476782,0.0,0.0,0.0
492681921,0.0,0.0,0.0
492881797,0.0,0.0,0.0
493086962,0.0,0.0,0.0
493288407,0.0,0.0,0.0
493487647,0.0,0.0,0.0
493692292,0.0,0.0,0.0
493893043,0.0,0.0,0.0
494093382,0.0,0.0,0.0
494293875,0.0,0.0,0.0
494497591,0.0,0.0,0.0
494698355,0.0,0.0,0.0
494899549,0.0,0.0,0.0
495103416,0.0,0.0,0.0
495304682,0.0,0.0,0.0
495504737,0.0,0.0,0.0
495709258,0.0,0.0,0.0
495910547,0.0,0.0,0.0
496113564,0.0,0.0,0.0
496320049,0.0,0.0,0.0
496520340,0.0,0.0,0.0
496723459,0.0,0.0,0.0
496928577,0.0,0.0,0.0
497129414,0.0,0.0,0.0
497332768,0.0,0.0,0.0
497534029,0.0,0.0,0.0
497738726,0.0,0.0,0.0
497942629,0.0,0.0,0.0
498143672,0.0,0.0,0.0
498347520,0.0,0.0,0.0
498548314,0.0,0.0,0.0
498749038,0.0,0.0,0.0
498953026,0.0,0.0,0.0
499153909,0.0,0.0,0.0
499354368,0.0,0.0,0.0
499558973,0.0,0.0,0.0
499759608,0.0,0.0,0.0
499960621,0.0,0.0,0.0
500163945,0.0,0.0,0.0
500365187,0.0,0.0,0.0
500565031,0.0,0.0,0.0
500769882,0.0,0.0,0.0
500970586,0.0,0.0,0.0
501170357,0.0,0.0,0.0
501375426,0.0,0.0,0.0
501576638,0.0,0.0,0.0
501776599,0.0,0.0,0.0
501981436,0.0,0.0,0.0
502182273,0.0,0.0,0.0
502385912,0.0,0.0,0.0
502591019,0.0,0.0,0.0
502791848,0.0,0.0,0.0
502995472,0.0,0.0,0.0
503196392,0.0,0.0,0.0
503396279,0.0,0.0,0.0
503597090,0.0,0.0,0.0
503802631,0.0,0.0,0.0
504002258,0.0,0.0,0.0
504206742,0.0,0.0,0.0
504407857,0.0,0.0,0.0
504607789,0.0,0.0,0.0
504812466,0.0,0.0,0.0
505016652,0.0,0.0,0.0
505217148,0.0,0.0,0.0
505422618,0.0,0.0,0.0
505826684,0.0,0.0,0.0
506031807,0.0,0.0,0.0
506231816,0.0,0.0,0.0
506436497,0.0,0.0,0.0
506640588,0.0,0.0,0.0
506841196,0.0,0.0,0.0
507046258,0.0,0.0,0.0
507246216,0.0,0.0,0.0
507446787,0.0,0.0,0.0
507651554,0.0,0.0,0.0
507851368,0.0,0.0,0.0
508056572,0.0,0.0,0.0
508461456,0.0,0.0,0.0
508665885,0.0,0.0,0.0
508870260,0.0,0.0,0.0
509070867,0.0,0.0,0.0
509271978,0.0,0.0,0.0
509475669,0.0,0.0,0.0
509675936,0.0,0.0,0.0
509877598,0.0,0.0,0.0
510080772,0.0,0.0,0.0
510281745,0.0,0.0,0.0
510686663,0.0,0.0,0.0
510887796,0.0,0.0,0.0
511091470,0.0,0.0,0.0
511291992,0.0,0.0,0.0
511496762,0.0,0.0,0.0
511701390,0.0,0.0,0.0
511901947,0.0,0.0,0.0
512105793,0.0,0.0,0.0
512306713,0.0,0.0,0.0
512507171,0.0,0.0,0.0
512712659,0.0,0.0,0.0
512913023,0.0,0.0,0.0
513113765,0.0,0.0,0.0
513317080,0.0,0.0,0.0
513518616,0.0,0.0,0.0
513718358,0.0,0.0,0.0
513922774,0.0,0.0,0.0
514123515,0.0,0.0,0.0
514323167,0.0,0.0,0.0
514528451,0.0,0.0,0.0
514729046,0.0,0.0,0.0
514929022,0.0,0.0,0.0
515133544,0.0,0.0,0.0
515337829,0.0,0.0,0.0
515538389,0.0,0.0,0.0
515743744,0.0,0.0,0.0
515943797,0.0,0.0,0.0
516144450,0.0,0.0,0.0
516349462,0.0,0.0,0.0
516549827,0.0,0.0,0.0
516750243,0.0,0.0,0.0
517154722,0.0,0.0,0.0
517355531,0.0,0.0,0.0
517559856,0.0,0.0,0.0
517760418,0.0,0.0,0.0
518169133,0.0,0.0,0.0
518369928,0.0,0.0,0.0
518574629,0.0,0.0,0.0
518774853,0.0,0.0,0.0
518975939,0.0,0.0,0.0
519179378,0.0,0.0,0.0
519380549,0.0,0.0,0.0
519580787,0.0,0.0,0.0
519785256,0.0,0.0,0.0
519985944,0.0,0.0,0.0
520186365,0.0,0.0,0.0
520390794,0.0,0.0,0.0
520591873,0.0,0.0,0.0
520791420,0.0,0.0,0.0
520996294,0.0,0.0,0.0
521197129,0.0,0.0,0.0
521396762,0.0,0.0,0.0
521601570,0.0,0.0,0.0
521806238,0.0,0.0,0.0
522006828,0.0,0.0,0.0
522211507,0.0,0.0,0.0
522411494,0.0,0.0,0.0
522616813,0.0,0.0,0.0
522821406,0.0,0.0,0.0
523021465,0.0,0.0,0.0
523225962,0.0,0.0,0.0
523426695,0.0,0.0,0.0
523626669,0.0,0.0,0.0
523832005,0.0,0.0,0.0
524035185,0.0,0.0,0.0
524236326,0.0,0.0,0.0
524441156,0.0,0.0,0.0
524641127,0.0,0.0,0.0
524846172,0.0,0.0,0.0
525047057,0.0,0.0,0.0
525247032,0.0,0.0,0.0
525451562,0.0,0.0,0.0
525655821,0.0,0.0,0.0
525856595,0.0,0.0,0.0
526061034,0.0,0.0,0.0
526261428,0.0,0.0,0.0
526462166,0.0,0.0,0.0
526665960,0.0,0.0,0.0
526866793,0.0,0.0,0.0
527067579,0.0,0.0,0.0
527271615,0.0,0.0,0.0
527472824,0.0,0.0,0.0
527673541,0.0,0.0,0.0
527877083,0.0,0.0,0.0
528078269,0.0,0.0,0.0
528278443,0.0,0.0,0.0
528482750,0.0,0.0,0.0
528683429,0.0,0.0,0.0
529088747,0.0,0.0,0.0
529292291,0.0,0.0,0.0
529493157,0.0,0.0,0.0
529697806,0.0,0.0,0.0
530098729,0.0,0.0,0.0
530303791,0.0,0.0,0.0
530503879,0.0,0.0,0.0
530708191,0.0,0.0,0.0
530912515,0.0,0.0,0.0
531114100,0.0,0.0,0.0
531317880,0.0,0.0,0.0
531522220,0.0,0.0,0.0
531722340,0.0,0.0,0.0
531927449,0.0,0.0,0.0
532127811,0.0,0.0,0.0
532328582,0.0,0.0,0.0
532733139,0.0,0.0,0.0
532933595,0.0,0.0,0.0
533338693,0.0,0.0,0.0
533538673,0.0,0.0,0.0
533743455,0.0,0.0,0.0
533944948,0.0,0.0,0.0
534144572,0.0,0.0,0.0
534349114,0.0,0.0,0.0
534550198,0.0,0.0,0.0
534753897,0.0,0.0,0.0
534958969,0.0,0.0,0.0
535159010,0.0,0.0,0.0
535359569,0.0,0.0,0.0
535560638,0.0,0.0,0.0
535764247,0.0,0.0,0.0
535964781,0.0,0.0,0.0
536169866,0.0,0.0,0.0
536369987,0.0,0.0,0.0
536574456,0.0,0.0,0.0
536778634,0.0,0.0,0.0
536979439,0.0,0.0,0.0
537183966,0.0,0.0,0.0
537384331,0.0,0.0,0.0
537585078,0.0,0.0,0.0
537789858,0.0,0.0,0.0
537989547,0.0,0.0,0.0
538194660,0.0,0.0,0.0
538398979,0.0,0.0,0.0
538600142,0.0,0.0,0.0
538804002,0.0,0.0,0.0
539008632,0.0,0.0,0.0
539209028,0.0,0.0,0.0
539413589,0.0,0.0,0.0
539613929,0.0,0.0,0.0
539814715,0.0,0.0,0.0
540018807,0.0,0.0,0.0
540219863,0.0,0.0,0.0
540419414,0.0,0.0,0.0
540623943,0.0,0.0,0.0
540825577,0.0,0.0,0.0
541025025,0.0,0.0,0.0
541229831,0.0,0.0,0.0
541431006,0.0,0.0,0.0
541630719,0.0,0.0,0.0
541835555,0.0,0.0,0.0
542040253,0.0,0.0,0.0
542240828,0.0,0.0,0.0
542445448,0.0,0.0,0.0
542645443,0.0,0.0,0.0
542846636,0.0,0.0,0.0
543049917,0.0,0.0,0.0
543250543,0.0,0.0,0.0
543451520,0.0,0.0,0.0
543655676,0.0,0.0,0.0
543856260,0.0,0.0,0.0
544059956,0.0,0.0,0.0
544265439,0.0,0.0,0.0
544465551,0.0,0.0,0.0
544669829,0.0,0.0,0.0
544871249,0.0,0.0,0.0
545071861,0.0,0.0,0.0
545275169,0.0,0.0,0.0
545476278,0.0,0.0,0.0
545675933,0.0,0.0,0.0
545880734,0.0,0.0,0.0
546081951,0.0,0.0,0.0
546281544,0.0,0.0,0.0
546486767,0.0,0.0,0.0
546687568,0.0,0.0,0.0
546887978,0.0,0.0,0.0
547092318,0.0,0.0,0.0
547296509,0.0,0.0,0.0
547496754,0.0,0.0,0.0
547902597,0.0,0.0,0.0
548102805,0.0,0.0,0.0
548306360,0.0,0.0,0.0
548507518,0.0,0.0,0.0
548707149,0.0,0.0,0.0
548913050,0.0,0.0,0.0
549113779,0.0,0.0,0.0
549313736,0.0,0.0,0.0
549517880,0.0,0.0,0.0
549719043,0.0,0.0,0.0
549919458,0.0,0.0,0.0
550123546,0.0,0.0,0.0
550328183,0.0,0.0,0.0
550528359,0.0,0.0,0.0
550733752,0.0,0.0,0.0
550933180,0.0,0.0,0.0
551137556,0.0,0.0,0.0
551342407,0.0,0.0,0.0
551542890,0.0,0.0,0.0
551747529,0.0,0.0,0.0
551952408,0.0,0.0,0.0
552152238,0.0,0.0,0.0
552355956,0.0,0.0,0.0
552557439,0.0,0.0,0.0
552758787,0.0,0.0,0.0
552961640,0.0,0.0,0.0
553162758,0.0,0.0,0.0
553362683,0.0,0.0,0.0
553567457,0.0,0.0,0.0
553768857,0.0,0.0,0.0
553968779,0.0,0.0,0.0
554172985,0.0,0.0,0.0
554373905,0.0,0.0,0.0
554577825,0.0,0.0,0.0
554783349,0.0,0.0,0.0
554983052,0.0,0.0,0.0
555183835,0.0,0.0,0.0
555387174,0.0,0.0,0.0
555588313,0.0,0.0,0.0
555789153,0.0,0.0,0.0
555993451,0.0,0.0,0.0
556193545,0.0,0.0,0.0
556397881,0.0,0.0,0.0
556602697,0.0,0.0,0.0
556803139,0.0,0.0,0.0
557007434,0.0,0.0,0.0
557209085,0.0,0.0,0.0
557408581,0.0,0.0,0.0
557613406,0.0,0.0,0.0
557814832,0.0,0.0,0.0
558014231,0.0,0.0,0.0
558218358,0.0,0.0,0.0
558418350,0.0,0.0,0.0
558623434,0.0,0.0,0.0
558828498,0.0,0.0,0.0
559032733,0.0,0.0,0.0
559233076,0.0,0.0,0.0
559434154,0.0,0.0,0.0
559634226,0.0,0.0,0.0
559838374,0.0,0.0,0.0
560042610,0.0,0.0,0.0
560243813,0.0,0.0,0.0
560448630,0.0,0.0,0.0
560652314,0.0,0.0,0.0
560852780,0.0,0.0,0.0
561257882,0.0,0.0,0.0
561458710,0.0,0.0,0.0
561662638,0.0,0.0,0.0
561863708,0.0,0.0,0.0
562063783,0.0,0.0,0.0
562267980,0.0,0.0,0.0
562469137,0.0,0.0,0.0
562668783,0.0,0.0,0.0
562873580,0.0,0.0,0.0
563078799,0.0,0.0,0.0
563278661,0.0,0.0,0.0
563483232,0.0,0.0,0.0
563683160,0.0,0.0,0.0
563888612,0.0,0.0,0.0
564091930,0.0,0.0,0.0
564292790,0.0,0.0,0.0
564498236,0.0,0.0,0.0
564701953,0.0,0.0,0.0
564902382,0.0,0.0,0.0
565106819,0.0,0.0,0.0
565307523,0.0,0.0,0.0
565507184,0.0,0.0,0.0
565712256,0.0,0.0,0.0
565913321,0.0,0.0,0.0
566114445,0.0,0.0,0.0
566317896,0.0,0.0,0.0
566517912,0.0,0.0,0.0
566723220,0.0,0.0,0.0
566923988,0.0,0.0,0.0
567127543,0.0,0.0,0.0
567328661,0.0,0.0,0.0
567532321,0.0,0.0,0.0
567732793,0.0,0.0,0.0
567933583,0.0,0.0,0.0
568138015,0.0,0.0,0.0
568338642,0.0,0.0,0.0
568538893,0.0,0.0,0.0
568743191,0.0,0.0,0.0
568944335,0.0,0.0,0.0
569143953,0.0,0.0,0.0
569348731,0.0,0.0,0.0
569553503,0.0,0.0,0.0
569753865,0.0,0.0,0.0
569958925,0.0,0.0,0.0
570159243,0.0,0.0,0.0
570359427,0.0,0.0,0.0
570563399,0.0,0.0,0.0
570764003,0.0,0.0,0.0
570969127,0.0,0.0,0.0
571173101,0.0,0.0,0.0
571373849,0.0,0.0,0.0
571577540,0.0,0.0,0.0
571778713,0.0,0.0,0.0
571978620,0.0,0.0,0.0
572183822,0.0,0.0,0.0
572384450,0.0,0.0,0.0
572584768,0.0,0.0,0.0
572785806,0.0,0.0,0.0
572988780,0.0,0.0,0.0
573189933,0.0,0.0,0.0
573394977,0.0,0.0,0.0
573598777,0.0,0.0,0.0
573799484,0.0,0.0,0.0
574003506,0.0,0.0,0.0
574204338,0.0,0.0,0.0
574405590,0.0,0.0,0.0
574608771,0.0,0.0,0.0
574809895,0.0,0.0,0.0
575009558,0.0,0.0,0.0
575214809,0.0,0.0,0.0
575415046,0.0,0.0,0.0
575619142,0.0,0.0,0.0
575824227,0.0,0.0,0.0
576024627,0.0,0.0,0.0
576225086,0.0,0.0,0.0
576429179,0.0,0.0,0.0
576629977,0.0,0.0,0.0
576830839,0.0,0.0,0.0
577034763,0.0,0.0,0.0
577235570,0.0,0.0,0.0
577435498,0.0,0.0,0.0
577640446,0.0,0.0,0.0
577841146,0.0,0.0,0.0
578041147,0.0,0.0,0.0
578246103,0.0,0.0,0.0
578446224,0.0,0.0,0.0
578646670,0.0,0.0,0.0
578851169,0.0,0.0,0.0
579056256,0.0,0.0,0.0
579256233,0.0,0.0,0.0
579460587,0.0,0.0,0.0
579661133,0.0,0.0,0.0
579861140,0.0,0.0,0.0
580065901,0.0,0.0,0.0
580266924,0.0,0.0,0.0
580466686,0.0,0.0,0.0
580671922,0.0,0.0,0.0
580871995,0.0,0.0,0.0
581072670,0.0,0.0,0.0
581276315,0.0,0.0,0.0
581678631,0.0,0.0,0.0
581881567,0.0,0.0,0.0
582082820,0.0,0.0,0.0
582283184,0.0,0.0,0.0
582487818,0.0,0.0,0.0
582688235,0.0,0.0,0.0
582888822,0.0,0.0,0.0
583088761,0.0,0.0,0.0
583293263,0.0,0.0,0.0
583494138,0.0,0.0,0.0
583697554,0.0,0.0,0.0
583902691,0.0,0.0,0.0
584103719,0.0,0.0,0.0
584307511,0.0,0.0,0.0
584513254,0.0,0.0,0.0
584712988,0.0,0.0,0.0
584917007,0.0,0.0,0.0
585118228,0.0,0.0,0.0
585321544,0.0,0.0,0.0
585526894,0.0,0.0,0.0
585727157,0.0,0.0,0.0
585927672,0.0,0.0,0.0
586131393,0.0,0.0,0.0
586332304,0.0,0.0,0.0
586533123,0.0,0.0,0.0
586736769,0.0,0.0,0.0
586937560,0.0,0.0,0.0
587141821,0.0,0.0,0.0
587346612,0.0,0.0,0.0
587547555,0.0,0.0,0.0
587751959,0.0,0.0,0.0
587953001,0.0,0.0,0.0
588152845,0.0,0.0,0.0
588357079,0.0,0.0,0.0
588561084,0.0,0.0,0.0
588761556,0.0,0.0,0.0
588966991,0.0,0.0,0.0
589170704,0.0,0.0,0.0
589371572,0.0,0.0,0.0
589575832,0.0,0.0,0.0
589776612,0.0,0.0,0.0
589981419,0.0,0.0,0.0
590184740,0.0,0.0,0.0
590385585,0.0,0.0,0.0
590590174,0.0,0.0,0.0
590791112,0.0,0.0,0.0
590991122,0.0,0.0,0.0
591191798,0.0,0.0,0.0
591395680,0.0,0.0,0.0
591596463,0.0,0.0,0.0
591797154,0.0,0.0,0.0
592001421,0.0,0.0,0.0
592201908,0.0,0.0,0.0
592405810,0.0,0.0,0.0
592607032,0.0,0.0,0.0
592807781,0.0,0.0,0.0
593011161,0.0,0.0,0.0
593216446,0.0,0.0,0.0
593416234,0.0,0.0,0.0
593621151,0.0,0.0,0.0
593825886,0.0,0.0,0.0
594025893,0.0,0.0,0.0
594230640,0.0,0.0,0.0
594430851,0.0,0.0,0.0
594631869,0.0,0.0,0.0
594835694,0.0,0.0,0.0
595040617,0.0,0.0,0.0
595241605,0.0,0.0,0.0
595445050,0.0,0.0,0.0
595646712,0.0,0.0,0.0
595849550,0.0,0.0,0.0
596055405,0.0,0.0,0.0
596254660,0.0,0.0,0.0
596459740,0.0,0.0,0.0
596664027,0.0,0.0,0.0
596864484,0.0,0.0,0.0
597069424,0.0,0.0,0.0
597272734,0.0,0.0,0.0
597473529,0.0,0.0,0.0
597677975,0.0,0.0,0.0
597879011,0.0,0.0,0.0
598079034,0.0,0.0,0.0
598283186,0.0,0.0,0.0
598484306,0.0,0.0,0.0
598683961,0.0,0.0,0.0
598889145,0.0,0.0,0.0
599293881,0.0,0.0,0.0
599497522,0.0,0.0,0.0
599698591,0.0,0.0,0.0
599899447,0.0,0.0,0.0
600103785,0.0,0.0,0.0
600304628,0.0,0.0,0.0
600505020,0.0,0.0,0.0
600710235,0.0,0.0,0.0
600913173,0.0,0.0,0.0
601113550,0.0,0.0,0.0
601319371,0.0,0.0,0.0
601518621,0.0,0.0,0.0
601723148,0.0,0.0,0.0
601927420,0.0,0.0,0.0
602128943,0.0,0.0,0.0
602332258,0.0,0.0,0.0
602537640,0.0,0.0,0.0
602737866,0.0,0.0,0.0
602941559,0.0,0.0,0.0
603143051,0.0,0.0,0.0
603342996,0.0,0.0,0.0
603547157,0.0,0.0,0.0
603751818,0.0,0.0,0.0
603952277,0.0,0.0,0.0
604157172,0.0,0.0,0.0
604356792,0.0,0.0,0.0
604561893,0.0,0.0,0.0
604765563,0.0,0.0,0.0
604966755,0.0,0.0,0.0
605171033,0.0,0.0,0.0
605375822,0.0,0.0,0.0
605575973,0.0,0.0,0.0
605780301,0.0,0.0,0.0
605981069,0.0,0.0,0.0
606181424,0.0,0.0,0.0
606385550,0.0,0.0,0.0
606590038,0.0,0.0,0.0
606790878,0.0,0.0,0.0
606994698,0.0,0.0,0.0
607195560,0.0,0.0,0.0
607396201,0.0,0.0,0.0
607600292,0.0,0.0,0.0
607801308,0.0,0.0,0.0
608001503,0.0,0.0,0.0
608206452,0.0,0.0,0.0
608409968,0.0,0.0,0.0
608610748,0.0,0.0,0.0
608816184,0.0,0.0,0.0
609015849,0.0,0.0,0.0
609220376,0.0,0.0,0.0
609424245,0.0,0.0,0.0
609625143,0.0,0.0,0.0
609829954,0.0,0.0,0.0
610033857,0.0,0.0,0.0
610233499,0.0,0.0,0.0
610639824,0.0,0.0,0.0
610839502,0.0,0.0,0.0
611044302,0.0,0.0,0.0
611248567,0.0,0.0,0.0
611449055,0.0,0.0,0.0
611654159,0.0,0.0,0.0
611854291,0.0,0.0,0.0
612054652,0.0,0.0,0.0
612258380,0.0,0.0,0.0
612659526,0.0,0.0,0.0
612864936,0.0,0.0,0.0
613068383,0.0,0.0,0.0
613269202,0.0,0.0,0.0
613473806,0.0,0.0,0.0
613673908,0.0,0.0,0.0
613874752,0.0,0.0,0.0
614078996,0.0,0.0,0.0
614280057,0.0,0.0,0.0
614683949,0.0,0.0,0.0
614889028,0.0,0.0,0.0
615089096,0.0,0.0,0.0
615293512,0.0,0.0,0.0
615494563,0.0,0.0,0.0
615695593,0.0,0.0,0.0
615898342,0.0,0.0,0.0
616099700,0.0,0.0,0.0
616299200,0.0,0.0,0.0
616504256,0.0,0.0,0.0
616707934,0.0,0.0,0.0
616908714,0.0,0.0,0.0
617113630,0.0,0.0,0.0
617313851,0.0,0.0,0.0
617514717,0.0,0.0,0.0
617719358,0.0,0.0,0.0
617919825,0.0,0.0,0.0
618119738,0.0,0.0,0.0
618324160,0.0,0.0,0.0
618528561,0.0,0.0,0.0
618729431,0.0,0.0,0.0
618934192,0.0,0.0,0.0
619134270,0.0,0.0,0.0
619334784,0.0,0.0,0.0
619538348,0.0,0.0,0.0
619739186,0.0,0.0,0.0
619939152,0.0,0.0,0.0
620144242,0.0,0.0,0.0
620345024,0.0,0.0,0.0
620544759,0.0,0.0,0.0
620750079,0.0,0.0,0.0
620950273,0.0,0.0,0.0
621150642,0.0,0.0,0.0
621354683,0.0,0.0,0.0
621559769,0.0,0.0,0.0
621759627,0.0,0.0,0.0
621963960,0.0,0.0,0.0
622165082,0.0,0.0,0.0
622365434,0.0,0.0,0.0
622569570,0.0,0.0,0.0
622774268,0.0,0.0,0.0
622974668,0.0,0.0,0.0
623178362,0.0,0.0,0.0
623379261,0.0,0.0,0.0
623583433,0.0,0.0,0.0
623785042,0.0,0.0,0.0
623988466,0.0,0.0,0.0
624188969,0.0,0.0,0.0
624393475,0.0,0.0,0.0
624598353,0.0,0.0,0.0
625002701,0.0,0.0,0.0
625203682,0.0,0.0,0.0
625407943,0.0,0.0,0.0
625612427,0.0,0.0,0.0
625812491,0.0,0.0,0.0
626013590,0.0,0.0,0.0
626217270,0.0,0.0,0.0
626417656,0.0,0.0,0.0
626622735,0.0,0.0,0.0
626823212,0.0,0.0,0.0
627023634,0.0,0.0,0.0
627227248,0.0,0.0,0.0
627432803,0.0,0.0,0.0
627632714,0.0,0.0,0.0
628041594,0.0,0.0,0.0
628242428,0.0,0.0,0.0
628446084,0.0,0.0,0.0
628647469,0.0,0.0,0.0
628847948,0.0,0.0,0.0
629051369,0.0,0.0,0.0
629252505,0.0,0.0,0.0
629452467,0.0,0.0,0.0
629657319,0.0,0.0,0.0
629861349,0.0,0.0,0.0
630061932,0.0,0.0,0.0
630266299,0.0,0.0,0.0
630471245,0.0,0.0,0.0
630670741,0.0,0.0,0.0
630875716,0.0,0.0,0.0
631076486,0.0,0.0,0.0
631276028,0.0,0.0,0.0
631480832,0.0,0.0,0.0
631685334,0.0,0.0,0.0
631886118,0.0,0.0,0.0
632090121,0.0,0.0,0.0
632290856,0.0,0.0,0.0
632490455,0.0,0.0,0.0
632696146,0.0,0.0,0.0
632896052,0.0,0.0,0.0
633096357,0.0,0.0,0.0
633301235,0.0,0.0,0.0
633501304,0.0,0.0,0.0
633701731,0.0,0.0,0.0
633770051,0.0,0.0,0.0
674649787,0.0,0.0,0.0
674850129,0.0,0.0,0.0
675051144,0.0,0.0,0.0
675255173,0.0,0.0,0.0
675456011,0.0,0.0,0.0
675764028,0.0,0.0,0.0
675964014,0.0,0.0,0.0
676169555,0.0,0.0,0.0
676369575,0.0,0.0,0.0
676570055,0.0,0.0,0.0
676775248,0.0,0.0,0.0
676978856,0.0,0.0,0.0
677179342,0.0,0.0,0.0
677384222,0.0,0.0,0.0
677584320,0.0,0.0,0.0
677788313,0.0,0.0,0.0
677993544,0.0,0.0,0.0
678193939,0.0,0.0,0.0
678397638,0.0,0.0,0.0
678598864,0.0,0.0,0.0
678798881,0.0,0.0,0.0
679003741,0.0,0.0,0.0
679208268,0.0,0.0,0.0
679409037,0.0,0.0,0.0
679613527,0.0,0.0,0.0
679817257,0.0,0.0,0.0
680017733,0.0,0.0,0.0
680222368,0.0,0.0,0.0
680423486,0.0,0.0,0.0
680622955,0.0,0.0,0.0
680827229,0.0,0.0,0.0
681031798,0.0,0.0,0.0
681232338,0.0,0.0,0.0
681437263,0.0,0.0,0.0
681637308,0.0,0.0,0.0
681837976,0.0,0.0,0.0
682041796,0.0,0.0,0.0
682242859,0.0,0.0,0.0
682442553,0.0,0.0,0.0
682647981,0.0,0.0,0.0
682848502,0.0,0.0,0.0
683048316,0.0,0.0,0.0
683253195,0.0,0.0,0.0
683453294,0.0,0.0,0.0
683653730,0.0,0.0,0.0
683857939,0.0,0.0,0.0
684059453,0.0,0.0,0.0
684259015,0.0,0.0,0.0
684464046,0.0,0.0,0.0
684665409,0.0,0.0,0.0
684865014,0.0,0.0,0.0
685069883,0.0,0.0,0.0
685273254,0.0,0.0,0.0
685473773,0.0,0.0,0.0
685678133,0.0,0.0,0.0
685878737,0.0,0.0,0.0
686079726,0.0,0.0,0.0
686283255,0.0,0.0,0.0
686484492,0.0,0.0,0.0
686684040,0.0,0.0,0.0
686889296,0.0,0.0,0.0
687093498,0.0,0.0,0.0
687294031,0.0,0.0,0.0
687499093,0.0,0.0,0.0
687702725,0.0,0.0,0.0
687903583,0.0,0.0,0.0
688107725,0.0,0.0,0.0
688308442,0.0,0.0,0.0
688508021,0.0,0.0,0.0
688714377,0.0,0.0,0.0
688913731,0.0,0.0,0.0
689118167,0.0,0.0,0.0
689319443,0.0,0.0,0.0
689519467,0.0,0.0,0.0
689720598,0.0,0.0,0.0
689923250,0.0,0.0,0.0
690124497,0.0,0.0,0.0
690324467,0.0,0.0,0.0
690525280,0.0,0.0,0.0
690730135,0.0,0.0,0.0
690930055,0.0,0.0,0.0
691134935,0.0,0.0,0.0
691338832,0.0,0.0,0.0
691539235,0.0,0.0,0.0
691744163,0.0,0.0,0.0
691945051,0.0,0.0,0.0
692145227,0.0,0.0,0.0
692348858,0.0,0.0,0.0
692549899,0.0,0.0,0.0
692750126,0.0,0.0,0.0
692955192,0.0,0.0,0.0
693155155,0.0,0.0,0.0
693355635,0.0,0.0,0.0
693561006,0.0,0.0,0.0
693764431,0.0,0.0,0.0
693965308,0.0,0.0,0.0
694169620,0.0,0.0,0.0
694370765,0.0,0.0,0.0
694570378,0.0,0.0,0.0
694775139,0.0,0.0,0.0
694976361,0.0,0.0,0.0
695175926,0.0,0.0,0.0
695380041,0.0,0.0,0.0
695580631,0.0,0.0,0.0
695781347,0.0,0.0,0.0
695985173,0.0,0.0,0.0
696186049,0.0,0.0,0.0
696386446,0.0,0.0,0.0
696590934,0.0,0.0,0.0
696792041,0.0,0.0,0.0
696991673,0.0,0.0,0.0
697196028,0.0,0.0,0.0
697400539,0.0,0.0,0.0
697601160,0.0,0.0,0.0
697806294,0.0,0.0,0.0
698010091,0.0,0.0,0.0
698210657,0.0,0.0,0.0
698414944,0.0,0.0,0.0
698616317,0.0,0.0,0.0
698815662,0.0,0.0,0.0
699020433,0.0,0.0,0.0
699221596,0.0,0.0,0.0
699421559,0.0,0.0,0.0
699626021,0.0,0.0,0.0
699826041,0.0,0.0,0.0
700026465,0.0,0.0,0.0
700231244,0.0,0.0,0.0
700431697,0.0,0.0,0.0
700632731,0.0,0.0,0.0
700836025,0.0,0.0,0.0
701037882,0.0,0.0,0.0
701237588,0.0,0.0,0.0
701442046,0.0,0.0,0.0
701645936,0.0,0.0,0.0
701846866,0.0,0.0,0.0
702050535,0.0,0.0,0.0
702255665,0.0,0.0,0.0
702456732,0.0,0.0,0.0
702660452,0.0,0.0,0.0
702861550,0.0,0.0,0.0
703061130,0.0,0.0,0.0
703265889,0.0,0.0,0.0
703467194,0.0,0.0,0.0
703667112,0.0,0.0,0.0
703871640,0.0,0.0,0.0
704071929,0.0,0.0,0.0
704476032,0.0,0.0,0.0
704677314,0.0,0.0,0.0
704876842,0.0,0.0,0.0
705082341,0.0,0.0,0.0
705282898,0.0,0.0,0.0
705482609,0.0,0.0,0.0
705687506,0.0,0.0,0.0
705891722,0.0,0.0,0.0
706092614,0.0,0.0,0.0
706296484,0.0,0.0,0.0
706497294,0.0,0.0,0.0
706697636,0.0,0.0,0.0
706902107,0.0,0.0,0.0
707103176,0.0,0.0,0.0
707303192,0.0,0.0,0.0
707503503,0.0,0.0,0.0
707707656,0.0,0.0,0.0
707908471,0.0,0.0,0.0
708108931,0.0,0.0,0.0
708314822,0.0,0.0,0.0
708514370,0.0,0.0,0.0
708718039,0.0,0.0,0.0
708923041,0.0,0.0,0.0
709122726,0.0,0.0,0.0
709327527,0.0,0.0,0.0
709528633,0.0,0.0,0.0
709728298,0.0,0.0,0.0
709933152,0.0,0.0,0.0
710137149,0.0,0.0,0.0
710338224,0.0,0.0,0.0
710542164,0.0,0.0,0.0
710742732,0.0,0.0,0.0
710943528,0.0,0.0,0.0
711147337,0.0,0.0,0.0
711348494,0.0,0.0,0.0
711548439,0.0,0.0,0.0
711748930,0.0,0.0,0.0
711953553,0.0,0.0,0.0
712154088,0.0,0.0,0.0
712358311,0.0,0.0,0.0
712559230,0.0,0.0,0.0
712760503,0.0,0.0,0.0
712963246,0.0,0.0,0.0
713169134,0.0,0.0,0.0
713368988,0.0,0.0,0.0
713573558,0.0,0.0,0.0
713773602,0.0,0.0,0.0
713974398,0.0,0.0,0.0
714174738,0.0,0.0,0.0
714378857,0.0,0.0,0.0
714579674,0.0,0.0,0.0
714783671,0.0,0.0,0.0
714988489,0.0,0.0,0.0
715189257,0.0,0.0,0.0
715393252,0.0,0.0,0.0
715594050,0.0,0.0,0.0
715794080,0.0,0.0,0.0
715999226,0.0,0.0,0.0
716202862,0.0,0.0,0.0
716403236,0.0,0.0,0.0
716607765,0.0,0.0,0.0
716809122,0.0,0.0,0.0
717009147,0.0,0.0,0.0
717213624,0.0,0.0,0.0
717414409,0.0,0.0,0.0
717614337,0.0,0.0,0.0
717818455,0.0,0.0,0.0
718018852,0.0,0.0,0.0
718219245,0.0,0.0,0.0
718423917,0.0,0.0,0.0
718624720,0.0,0.0,0.0
718825208,0.0,0.0,0.0
719029275,0.0,0.0,0.0
719230153,0.0,0.0,0.0
719430081,0.0,0.0,0.0
719635099,0.0,0.0,0.0
719838538,0.0,0.0,0.0
720040390,0.0,0.0,0.0
720244158,0.0,0.0,0.0
720448969,0.0,0.0,0.0
720648836,0.0,0.0,0.0
720853538,0.0,0.0,0.0
721054302,0.0,0.0,0.0
721254311,0.0,0.0,0.0
721458531,0.0,0.0,0.0
721659448,0.0,0.0,0.0
721859644,0.0,0.0,0.0
722064323,0.0,0.0,0.0
722265129,0.0,0.0,0.0
722465519,0.0,0.0,0.0
722669444,0.0,0.0,0.0
722870364,0.0,0.0,0.0
723070144,0.0,0.0,0.0
723274446,0.0,0.0,0.0
723480037,0.0,0.0,0.0
723679935,0.0,0.0,0.0
723884361,0.0,0.0,0.0
724088754,0.0,0.0,0.0
724289130,0.0,0.0,0.0
724493249,0.0,0.0,0.0
724694140,0.0,0.0,0.0
724894552,0.0,0.0,0.0
725098743,0.0,0.0,0.0
725299331,0.0,0.0,0.0
725499748,0.0,0.0,0.0
725704707,0.0,0.0,0.0
725908611,0.0,0.0,0.0
726108822,0.0,0.0,0.0
726314604,0.0,0.0,0.0
726513966,0.0,0.0,0.0
726719913,0.0,0.0,0.0
726920458,0.0,0.0,0.0
727120999,0.0,0.0,0.0
727320244,0.0,0.0,0.0
727524143,0.0,0.0,0.0
727729019,0.0,0.0,0.0
727929142,0.0,0.0,0.0
728133964,0.0,0.0,0.0
728333938,0.0,0.0,0.0
728534855,0.0,0.0,0.0
728738850,0.0,0.0,0.0
728939676,0.0,0.0,0.0
729139649,0.0,0.0,0.0
729344514,0.0,0.0,0.0
729548352,0.0,0.0,0.0
729748941,0.0,0.0,0.0
729954366,0.0,0.0,0.0
730154185,0.0,0.0,0.0
730358790,0.0,0.0,0.0
730559450,0.0,0.0,0.0
730759903,0.0,0.0,0.0
730960198,0.0,0.0,0.0
731164485,0.0,0.0,0.0
731365496,0.0,0.0,0.0
731565318,0.0,0.0,0.0
731769639,0.0,0.0,0.0
731970104,0.0,0.0,0.0
732170430,0.0,0.0,0.0
732374729,0.0,0.0,0.0
732575963,0.0,0.0,0.0
732776243,0.0,0.0,0.0
732976532,0.0,0.0,0.0
733177597,0.0,0.0,0.0
733377596,0.0,0.0,0.0
733577914,0.0,0.0,0.0
733782216,0.0,0.0,0.0
733983054,0.0,0.0,0.0
734182837,0.0,0.0,0.0
734387411,0.0,0.0,0.0
734591828,0.0,0.0,0.0
734792507,0.0,0.0,0.0
734997387,0.0,0.0,0.0
735201121,0.0,0.0,0.0
735401921,0.0,0.0,0.0
735606388,0.0,0.0,0.0
735806879,0.0,0.0,0.0
736007445,0.0,0.0,0.0
736211516,0.0,0.0,0.0
736411151,0.0,0.0,0.0
736616248,0.0,0.0,0.0
736821128,0.0,0.0,0.0
737021166,0.0,0.0,0.0
737222429,0.0,0.0,0.0
737425898,0.0,0.0,0.0
737626751,0.0,0.0,0.0
737826735,0.0,0.0,0.0
738031559,0.0,0.0,0.0
738232259,0.0,0.0,0.0
738435960,0.0,0.0,0.0
738637423,0.0,0.0,0.0
738840788,0.0,0.0,0.0
739041587,0.0,0.0,0.0
739246038,0.0,0.0,0.0
739446851,0.0,0.0,0.0
739646644,0.0,0.0,0.0
739851195,0.0,0.0,0.0
740051982,0.0,0.0,0.0
740256462,0.0,0.0,0.0
740460829,0.0,0.0,0.0
740661124,0.0,0.0,0.0
740862303,0.0,0.0,0.0
741066261,0.0,0.0,0.0
741266783,0.0,0.0,0.0
741466685,0.0,0.0,0.0
741671818,0.0,0.0,0.0
741872792,0.0,0.0,0.0
742072630,0.0,0.0,0.0
742277485,0.0,0.0,0.0
742481127,0.0,0.0,0.0
742681914,0.0,0.0,0.0
742886083,0.0,0.0,0.0
743086837,0.0,0.0,0.0
743286669,0.0,0.0,0.0
743491188,0.0,0.0,0.0
743691932,0.0,0.0,0.0
743896234,0.0,0.0,0.0
744101353,0.0,0.0,0.0
744301052,0.0,0.0,0.0
744505571,0.0,0.0,0.0
744710213,0.0,0.0,0.0
744910645,0.0,0.0,0.0
745115177,0.0,0.0,0.0
745320304,0.0,0.0,0.0
745520855,0.0,0.0,0.0
745723961,0.0,0.0,0.0
745925126,0.0,0.0,0.0
746124763,0.0,0.0,0.0
746329570,0.0,0.0,0.0
746533943,0.0,0.0,0.0
746734627,0.0,0.0,0.0
746938713,0.0,0.0,0.0
747139508,0.0,0.0,0.0
747339979,0.0,0.0,0.0
747544857,0.0,0.0,0.0
747745426,0.0,0.0,0.0
747945432,0.0,0.0,0.0
748149579,0.0,0.0,0.0
748354267,0.0,0.0,0.0
748554363,0.0,0.0,0.0
748758646,0.0,0.0,0.0
748959769,0.0,0.0,0.0
749161109,0.0,0.0,0.0
749364273,0.0,0.0,0.0
749565139,0.0,0.0,0.0
749765084,0.0,0.0,0.0
749969554,0.0,0.0,0.0
750173820,0.0,0.0,0.0
750374637,0.0,0.0,0.0
750578436,0.0,0.0,0.0
750779554,0.0,0.0,0.0
750980164,0.0,0.0,0.0
751184808,0.0,0.0,0.0
751385089,0.0,0.0,0.0
751585046,0.0,0.0,0.0
751789830,0.0,0.0,0.0
751990261,0.0,0.0,0.0
752190641,0.0,0.0,0.0
752394608,0.0,0.0,0.0
752599788,0.0,0.0,0.0
752800330,0.0,0.0,0.0
753004246,0.0,0.0,0.0
753205034,0.0,0.0,0.0
753405457,0.0,0.0,0.0
753609541,0.0,0.0,0.0
753809920,0.0,0.0,0.0
754010739,0.0,0.0,0.0
754214838,0.0,0.0,0.0
754415817,0.0,0.0,0.0
754615863,0.0,0.0,0.0
754816264,0.0,0.0,0.0
755021991,0.0,0.0,0.0
755221423,0.0,0.0,0.0
755425912,0.0,0.0,0.0
755630220,0.0,0.0,0.0
755830658,0.0,0.0,0.0
756034705,0.0,0.0,0.0
756235547,0.0,0.0,0.0
756435170,0.0,0.0,0.0
756640260,0.0,0.0,0.0
756841476,0.0,0.0,0.0
757041037,0.0,0.0,0.0
757245913,0.0,0.0,0.0
757450570,0.0,0.0,0.0
757650975,0.0,0.0,0.0
757854739,0.0,0.0,0.0
758060038,0.0,0.0,0.0
758260146,0.0,0.0,0.0
758464807,0.0,0.0,0.0
758668492,0.0,0.0,0.0
758868735,0.0,0.0,0.0
759073827,0.0,0.0,0.0
759274219,0.0,0.0,0.0
759474852,0.0,0.0,0.0
759678718,0.0,0.0,0.0
759879235,0.0,0.0,0.0
760079134,0.0,0.0,0.0
760284225,0.0,0.0,0.0
760488612,0.0,0.0,0.0
760689146,0.0,0.0,0.0
760894260,0.0,0.0,0.0
761094171,0.0,0.0,0.0
761298814,0.0,0.0,0.0
761503126,0.0,0.0,0.0
761704232,0.0,0.0,0.0
761907651,0.0,0.0,0.0
762112707,0.0,0.0,0.0
762312633,0.0,0.0,0.0
762518326,0.0,0.0,0.0
762718648,0.0,0.0,0.0
762918643,0.0,0.0,0.0
763120242,0.0,0.0,0.0
763320193,0.0,0.0,0.0
763519709,0.0,0.0,0.0
763723641,0.0,0.0,0.0
763928986,0.0,0.0,0.0
764132466,0.0,0.0,0.0
764333302,0.0,0.0,0.0
764537601,0.0,0.0,0.0
764738384,0.0,0.0,0.0
764942850,0.0,0.0,0.0
765146861,0.0,0.0,0.0
765347347,0.0,0.0,0.0
765551555,0.0,0.0,0.0
765752791,0.0,0.0,0.0
765953271,0.0,0.0,0.0
766153150,0.0,0.0,0.0
766357286,0.0,0.0,0.0
766558130,0.0,0.0,0.0
766762202,0.0,0.0,0.0
766966893,0.0,0.0,0.0
767166620,0.0,0.0,0.0
767371504,0.0,0.0,0.0
767443814,0.0,0.0,0.0
782416283,0.0,0.0,0.0
782616224,0.0,0.0,0.0
782821300,0.0,0.0,0.0
783024978,0.0,0.0,0.0
783225571,0.0,0.0,0.0
783534158,0.0,0.0,0.0
783738720,0.0,0.0,0.0
783939423,0.0,0.0,0.0
784143975,0.0,0.0,0.0
784344528,0.0,0.0,0.0
784544318,0.0,0.0,0.0
784749042,0.0,0.0,0.0
784949433,0.0,0.0,0.0
785150275,0.0,0.0,0.0
785353581,0.0,0.0,0.0
785559006,0.0,0.0,0.0
785758947,0.0,0.0,0.0
785963545,0.0,0.0,0.0
786167607,0.0,0.0,0.0
786368588,0.0,0.0,0.0
786573136,0.0,0.0,0.0
786773455,0.0,0.0,0.0
786974052,0.0,0.0,0.0
787177551,0.0,0.0,0.0
787378702,0.0,0.0,0.0
787578725,0.0,0.0,0.0
787783604,0.0,0.0,0.0
787983944,0.0,0.0,0.0
788184439,0.0,0.0,0.0
788388207,0.0,0.0,0.0
788593031,0.0,0.0,0.0
788793572,0.0,0.0,0.0
788997848,0.0,0.0,0.0
789199039,0.0,0.0,0.0
789398897,0.0,0.0,0.0
789603147,0.0,0.0,0.0
789807552,0.0,0.0,0.0
790008664,0.0,0.0,0.0
790211950,0.0,0.0,0.0
790417193,0.0,0.0,0.0
790617124,0.0,0.0,0.0
790822179,0.0,0.0,0.0
791023435,0.0,0.0,0.0
791222680,0.0,0.0,0.0
791427175,0.0,0.0,0.0
791631751,0.0,0.0,0.0
791832389,0.0,0.0,0.0
792036242,0.0,0.0,0.0
792237054,0.0,0.0,0.0
792437509,0.0,0.0,0.0
792641920,0.0,0.0,0.0
792842377,0.0,0.0,0.0
793042682,0.0,0.0,0.0
793247565,0.0,0.0,0.0
793448051,0.0,0.0,0.0
793648495,0.0,0.0,0.0
793852183,0.0,0.0,0.0
794053388,0.0,0.0,0.0
794253403,0.0,0.0,0.0
794453853,0.0,0.0,0.0
794657884,0.0,0.0,0.0
794858653,0.0,0.0,0.0
795058369,0.0,0.0,0.0
795263865,0.0,0.0,0.0
795464938,0.0,0.0,0.0
795664393,0.0,0.0,0.0
795869049,0.0,0.0,0.0
796069252,0.0,0.0,0.0
796269958,0.0,0.0,0.0
796473534,0.0,0.0,0.0
796674705,0.0,0.0,0.0
796874744,0.0,0.0,0.0
797079463,0.0,0.0,0.0
797283530,0.0,0.0,0.0
797484319,0.0,0.0,0.0
797689089,0.0,0.0,0.0
797889152,0.0,0.0,0.0
798089957,0.0,0.0,0.0
798294273,0.0,0.0,0.0
798494774,0.0,0.0,0.0
798695032,0.0,0.0,0.0
798895608,0.0,0.0,0.0
799099383,0.0,0.0,0.0
799300328,0.0,0.0,0.0
799500323,0.0,0.0,0.0
799705570,0.0,0.0,0.0
799908770,0.0,0.0,0.0
800109589,0.0,0.0,0.0
800311474,0.0,0.0,0.0
800512008,0.0,0.0,0.0
800712487,0.0,0.0,0.0
800915170,0.0,0.0,0.0
801116293,0.0,0.0,0.0
801316296,0.0,0.0,0.0
801521089,0.0,0.0,0.0
801725395,0.0,0.0,0.0
801925969,0.0,0.0,0.0
802130785,0.0,0.0,0.0
802335050,0.0,0.0,0.0
802535874,0.0,0.0,0.0
802739517,0.0,0.0,0.0
802940327,0.0,0.0,0.0
803140434,0.0,0.0,0.0
803345447,0.0,0.0,0.0
803545592,0.0,0.0,0.0
803746593,0.0,0.0,0.0
803949916,0.0,0.0,0.0
804155372,0.0,0.0,0.0
804355022,0.0,0.0,0.0
804559750,0.0,0.0,0.0
804760634,0.0,0.0,0.0
804960565,0.0,0.0,0.0
805165446,0.0,0.0,0.0
805369127,0.0,0.0,0.0
805569970,0.0,0.0,0.0
805773936,0.0,0.0,0.0
805974977,0.0,0.0,0.0
806174907,0.0,0.0,0.0
806379152,0.0,0.0,0.0
806579534,0.0,0.0,0.0
806779942,0.0,0.0,0.0
806984342,0.0,0.0,0.0
807189982,0.0,0.0,0.0
807390226,0.0,0.0,0.0
807593930,0.0,0.0,0.0
807794742,0.0,0.0,0.0
807994674,0.0,0.0,0.0
808199828,0.0,0.0,0.0
808399820,0.0,0.0,0.0
808600536,0.0,0.0,0.0
808804314,0.0,0.0,0.0
809005112,0.0,0.0,0.0
809206041,0.0,0.0,0.0
809409556,0.0,0.0,0.0
809610990,0.0,0.0,0.0
809810352,0.0,0.0,0.0
810015943,0.0,0.0,0.0
810219467,0.0,0.0,0.0
810419959,0.0,0.0,0.0
810624233,0.0,0.0,0.0
810825163,0.0,0.0,0.0
811025107,0.0,0.0,0.0
811230047,0.0,0.0,0.0
811433891,0.0,0.0,0.0
811634372,0.0,0.0,0.0
811838996,0.0,0.0,0.0
812039761,0.0,0.0,0.0
812240444,0.0,0.0,0.0
812444032,0.0,0.0,0.0
812645265,0.0,0.0,0.0
812844967,0.0,0.0,0.0
813050087,0.0,0.0,0.0
813254160,0.0,0.0,0.0
813454967,0.0,0.0,0.0
813658536,0.0,0.0,0.0
813859683,0.0,0.0,0.0
814059711,0.0,0.0,0.0
814264528,0.0,0.0,0.0
814465520,0.0,0.0,0.0
814665312,0.0,0.0,0.0
814869948,0.0,0.0,0.0
815070617,0.0,0.0,0.0
815271192,0.0,0.0,0.0
815470921,0.0,0.0,0.0
815675768,0.0,0.0,0.0
815880366,0.0,0.0,0.0
816080350,0.0,0.0,0.0
816284409,0.0,0.0,0.0
816485557,0.0,0.0,0.0
816685134,0.0,0.0,0.0
816890367,0.0,0.0,0.0
817090562,0.0,0.0,0.0
817274447,0.0,0.0,0.0
819623726,0.0,0.0,0.0
819825049,0.0,0.0,0.0
820026851,0.0,0.0,0.0
820226871,0.0,0.0,0.0
820426881,0.0,0.0,0.0
820731235,0.0,0.0,0.0
820931677,0.0,0.0,0.0
821132389,0.0,0.0,0.0
821336711,0.0,0.0,0.0
821537048,0.0,0.0,0.0
821741254,0.0,0.0,0.0
821942103,0.0,0.0,0.0
822145968,0.0,0.0,0.0
822350907,0.0,0.0,0.0
822550984,0.0,0.0,0.0
822755435,0.0,0.0,0.0
822956516,0.0,0.0,0.0
823156167,0.0,0.0,0.0
823360964,0.0,0.0,0.0
823561459,0.0,0.0,0.0
823762153,0.0,0.0,0.0
823966081,0.0,0.0,0.0
824170855,0.0,0.0,0.0
824370569,0.0,0.0,0.0
824575558,0.0,0.0,0.0
824691237,0.0,0.0,0.0
1103760377,0.0,0.0,0.0
1103961323,0.0,0.0,0.0
1104161227,0.0,0.0,0.0
1104366205,0.0,0.0,0.0
1104570085,0.0,0.0,0.0
1104863640,0.0,0.0,0.0
1105066549,0.0,0.0,0.0
1105266599,0.0,0.0,0.0
1105471542,0.0,0.0,0.0
1105675686,0.0,0.0,0.0
1105876056,0.0,0.0,0.0
1106080334,0.0,0.0,0.0
1106285340,0.0,0.0,0.0
1106485366,0.0,0.0,0.0
1106689817,0.0,0.0,0.0
1106894262,0.0,0.0,0.0
1107094150,0.0,0.0,0.0
1107298451,0.0,0.0,0.0
1107502939,0.0,0.0,0.0
1107703210,0.0,0.0,0.0
1107904009,0.0,0.0,0.0
1108107430,0.0,0.0,0.0
1108308310,0.0,0.0,0.0
1108508357,0.0,0.0,0.0
1108713367,0.0,0.0,0.0
1108913375,0.0,0.0,0.0
1109113153,0.0,0.0,0.0
1109318170,0.0,0.0,0.0
1109521635,0.0,0.0,0.0
1109722449,0.0,0.0,0.0
1109926893,0.0,0.0,0.0
1110130854,0.0,0.0,0.0
1110331703,0.0,0.0,0.0
1110536239,0.0,0.0,0.0
1110740651,0.0,0.0,0.0
1110940137,0.0,0.0,0.0
1111145172,0.0,0.0,0.0
1111349459,0.0,0.0,0.0
1111549248,0.0,0.0,0.0
1111754252,0.0,0.0,0.0
1111958076,0.0,0.0,0.0
1112158855,0.0,0.0,0.0
1112362809,0.0,0.0,0.0
1112566895,0.0,0.0,0.0
1112768005,0.0,0.0,0.0
1112971338,0.0,0.0,0.0
1113176748,0.0,0.0,0.0
1113377069,0.0,0.0,0.0
1113577323,0.0,0.0,0.0
1113780948,0.0,0.0,0.0
1113981281,0.0,0.0,0.0
1114181734,0.0,0.0,0.0
1114386171,0.0,0.0,0.0
1114586927,0.0,0.0,0.0
1114786832,0.0,0.0,0.0
1114990738,0.0,0.0,0.0
1115192039,0.0,0.0,0.0
1115395565,0.0,0.0,0.0
1115596196,0.0,0.0,0.0
1115800785,0.0,0.0,0.0
1116004414,0.0,0.0,0.0
1116205304,0.0,0.0,0.0
1116409601,0.0,0.0,0.0
1116610120,0.0,0.0,0.0
1116809891,0.0,0.0,0.0
1117015182,0.0,0.0,0.0
1117218534,0.0,0.0,0.0
1117418901,0.0,0.0,0.0
1117619692,0.0,0.0,0.0
1117823602,0.0,0.0,0.0
1118024499,0.0,0.0,0.0
1118057057,0.0,0.0,0.0
1121321139,0.0,0.0,0.0
1121525736,0.0,0.0,0.0
1121730401,0.0,0.0,0.0
1121930577,0.0,0.0,0.0
1122230745,0.0,0.0,0.0
1122431563,0.0,0.0,0.0
1122635669,0.0,0.0,0.0
1122839991,0.0,0.0,0.0
1123040529,0.0,0.0,0.0
1123244428,0.0,0.0,0.0
1123445928,0.0,0.0,0.0
1123645551,0.0,0.0,0.0
1123848839,0.0,0.0,0.0
1124054352,0.0,0.0,0.0
1124254686,0.0,0.0,0.0
1124454807,0.0,0.0,0.0
1124658531,0.0,0.0,0.0
1124859252,0.0,0.0,0.0
1125059632,0.0,0.0,0.0
1125264769,0.0,0.0,0.0
1125465110,0.0,0.0,0.0
1125668493,0.0,0.0,0.0
1125869593,0.0,0.0,0.0
1126073361,0.0,0.0,0.0
1126273425,0.0,0.0,0.0
1126473664,0.0,0.0,0.0
1126678196,0.0,0.0,0.0
1126879378,0.0,0.0,0.0
1127078942,0.0,0.0,0.0
1127282725,0.0,0.0,0.0
1127487720,0.0,0.0,0.0
1127683495,0.0,0.0,0.0
1142976816,0.0,0.0,0.0
1143181161,0.0,0.0,0.0
1143381282,0.0,0.0,0.0
1143582156,0.0,0.0,0.0
1143785891,0.0,0.0,0.0
1144070431,0.0,0.0,0.0
1144270698,0.0,0.0,0.0
1144475219,0.0,0.0,0.0
1144679851,0.0,0.0,0.0
1144879462,0.0,0.0,0.0
1145084339,0.0,0.0,0.0
1145288543,0.0,0.0,0.0
1145488599,0.0,0.0,0.0
1145689254,0.0,0.0,0.0
1145892733,0.0,0.0,0.0
1146093920,0.0,0.0,0.0
1146293570,0.0,0.0,0.0
1146499044,0.0,0.0,0.0
1146702756,0.0,0.0,0.0
1146902685,0.0,0.0,0.0
1147107510,0.0,0.0,0.0
1147311438,0.0,0.0,0.0
1147512572,0.0,0.0,0.0
1147715935,0.0,0.0,0.0
1147917158,0.0,0.0,0.0
1148116758,0.0,0.0,0.0
1148321013,0.0,0.0,0.0
1148525573,0.0,0.0,0.0
1148725930,0.0,0.0,0.0
1148926661,0.0,0.0,0.0
1149130744,0.0,0.0,0.0
1149334652,0.0,0.0,0.0
1149535518,0.0,0.0,0.0
1149739160,0.0,0.0,0.0
1149944393,0.0,0.0,0.0
1150144232,0.0,0.0,0.0
1150349030,0.0,0.0,0.0
1150553287,0.0,0.0,0.0
1150752989,0.0,0.0,0.0
1150958291,0.0,0.0,0.0
1151158194,0.0,0.0,0.0
1151358841,0.0,0.0,0.0
1151558798,0.0,0.0,0.0
1151763553,0.0,0.0,0.0
1151963146,0.0,0.0,0.0
1152168366,0.0,0.0,0.0
1152372341,0.0,0.0,0.0
1152576578,0.0,0.0,0.0
1152777076,0.0,0.0,0.0
1152981261,0.0,0.0,0.0
1153182195,0.0,0.0,0.0
1153385579,0.0,0.0,0.0
1153590126,0.0,0.0,0.0
1153790883,0.0,0.0,0.0
1153990668,0.0,0.0,0.0
1154195490,0.0,0.0,0.0
1154399845,0.0,0.0,0.0
1154600987,0.0,0.0,0.0
1154804332,0.0,0.0,0.0
1155004571,0.0,0.0,0.0
1155205102,0.0,0.0,0.0
1155409006,0.0,0.0,0.0
1155614238,0.0,0.0,0.0
1155814054,0.0,0.0,0.0
1156018620,0.0,0.0,0.0
1156223046,0.0,0.0,0.0
1156422764,0.0,0.0,0.0
1156627169,0.0,0.0,0.0
1156831464,0.0,0.0,0.0
1157032509,0.0,0.0,0.0
1157235937,0.0,0.0,0.0
1157641415,0.0,0.0,0.0
1157845005,0.0,0.0,0.0
1158050017,0.0,0.0,0.0
1158249830,0.0,0.0,0.0
1158455549,0.0,0.0,0.0
1158658352,0.0,0.0,0.0
1158859169,0.0,0.0,0.0
1159063877,0.0,0.0,0.0
1159267491,0.0,0.0,0.0
1159468331,0.0,0.0,0.0
1159672252,0.0,0.0,0.0
1159873119,0.0,0.0,0.0
1160073241,0.0,0.0,0.0
1160273162,0.0,0.0,0.0
1160478594,0.0,0.0,0.0
1160681952,0.0,0.0,0.0
1160882339,0.0,0.0,0.0
1161086782,0.0,0.0,0.0
1161287870,0.0,0.0,0.0
1161487443,0.0,0.0,0.0
1161691161,0.0,0.0,0.0
1161896556,0.0,0.0,0.0
1162096214,0.0,0.0,0.0
1162301395,0.0,0.0,0.0
1162505138,0.0,0.0,0.0
1162705556,0.0,0.0,0.0
1162910095,0.0,0.0,0.0
1163111156,0.0,0.0,0.0
1163311365,0.0,0.0,0.0
1163511355,0.0,0.0,0.0
1163715134,0.0,0.0,0.0
1163919782,0.0,0.0,0.0
1164120473,0.0,0.0,0.0
1164324620,0.0,0.0,0.0
1164528538,0.0,0.0,0.0
1164728844,0.0,0.0,0.0
1164933022,0.0,0.0,0.0
1165134136,0.0,0.0,0.0
1165334219,0.0,0.0,0.0
1165538571,0.0,0.0,0.0
1165743028,0.0,0.0,0.0
1165942616,0.0,0.0,0.0
1166147169,0.0,0.0,0.0
1166351623,0.0,0.0,0.0
1166552246,0.0,0.0,0.0
1166756151,0.0,0.0,0.0
1166957770,0.0,0.0,0.0
1167157433,0.0,0.0,0.0
1167361910,0.0,0.0,0.0
1167565843,0.0,0.0,0.0
1167766220,0.0,0.0,0.0
1167966665,0.0,0.0,0.0
1168170751,0.0,0.0,0.0
1168371534,0.0,0.0,0.0
1168571484,0.0,0.0,0.0
1168776296,0.0,0.0,0.0
1168976657,0.0,0.0,0.0
1169180320,0.0,0.0,0.0
1169381087,0.0,0.0,0.0
1169585426,0.0,0.0,0.0
1169785897,0.0,0.0,0.0
1169990227,0.0,0.0,0.0
1170194753,0.0,0.0,0.0
1170394761,0.0,0.0,0.0
1170598661,0.0,0.0,0.0
1170803543,0.0,0.0,0.0
1171003532,0.0,0.0,0.0
1171204504,0.0,0.0,0.0
1171408418,0.0,0.0,0.0
1171609192,0.0,0.0,0.0
1171809465,0.0,0.0,0.0
1172013105,0.0,0.0,0.0
1172214201,0.0,0.0,0.0
1172414241,0.0,0.0,0.0
1172615216,0.0,0.0,0.0
1172818672,0.0,0.0,0.0
1173019557,0.0,0.0,0.0
1173219524,0.0,0.0,0.0
1173424612,0.0,0.0,0.0
1173625115,0.0,0.0,0.0
1173828269,0.0,0.0,0.0
1174029417,0.0,0.0,0.0
1174233331,0.0,0.0,0.0
1174433951,0.0,0.0,0.0
1174638427,0.0,0.0,0.0
1174841950,0.0,0.0,0.0
1175042731,0.0,0.0,0.0
1175242657,0.0,0.0,0.0
1175447440,0.0,0.0,0.0
1175647721,0.0,0.0,0.0
1175848528,0.0,0.0,0.0
1176051930,0.0,0.0,0.0
1176257352,0.0,0.0,0.0
1176457908,0.0,0.0,0.0
1176661006,0.0,0.0,0.0
1176865577,0.0,0.0,0.0
1177065925,0.0,0.0,0.0
1177270850,0.0,0.0,0.0
1177471008,0.0,0.0,0.0
1177670990,0.0,0.0,0.0
1177871508,0.0,0.0,0.0
1178075183,0.0,0.0,0.0
1178280458,0.0,0.0,0.0
1178480332,0.0,0.0,0.0
1178681383,0.0,0.0,0.0
1178885140,0.0,0.0,0.0
1179086226,0.0,0.0,0.0
1179289574,0.0,0.0,0.0
1179494346,0.0,0.0,0.0
1179695002,0.0,0.0,0.0
1179898330,0.0,0.0,0.0
1180103823,0.0,0.0,0.0
1180303642,0.0,0.0,0.0
1180507345,0.0,0.0,0.0
1180712828,0.0,0.0,0.0
1180912598,0.0,0.0,0.0
1181117054,0.0,0.0,0.0
1181321154,0.0,0.0,0.0
1181521539,0.0,0.0,0.0
1181725819,0.0,0.0,0.0
1181926662,0.0,0.0,0.0
1182126947,0.0,0.0,0.0
1182326782,0.0,0.0,0.0
1182531497,0.0,0.0,0.0
1182735445,0.0,0.0,0.0
1182936614,0.0,0.0,0.0
1183139930,0.0,0.0,0.0
1183341060,0.0,0.0,0.0
1183541920,0.0,0.0,0.0
1183745656,0.0,0.0,0.0
1183949920,0.0,0.0,0.0
1184149967,0.0,0.0,0.0
1184354536,0.0,0.0,0.0
1184559160,0.0,0.0,0.0
1184760155,0.0,0.0,0.0
1184963770,0.0,0.0,0.0
1185167746,0.0,0.0,0.0
1185368172,0.0,0.0,0.0
1185572391,0.0,0.0,0.0
1185773566,0.0,0.0,0.0
1185973236,0.0,0.0,0.0
1186177777,0.0,0.0,0.0
1186382732,0.0,0.0,0.0
1186582132,0.0,0.0,0.0
1186786567,0.0,0.0,0.0
1186990766,0.0,0.0,0.0
1187191751,0.0,0.0,0.0
1187395434,0.0,0.0,0.0
1187600941,0.0,0.0,0.0
1187800637,0.0,0.0,0.0
1188004502,0.0,0.0,0.0
1188209921,0.0,0.0,0.0
1188410081,0.0,0.0,0.0
1188610205,0.0,0.0,0.0
1188813904,0.0,0.0,0.0
1189014913,0.0,0.0,0.0
1189214825,0.0,0.0,0.0
1189419415,0.0,0.0,0.0
1189619666,0.0,0.0,0.0
1189819728,0.0,0.0,0.0
1190020154,0.0,0.0,0.0
1190224568,0.0,0.0,0.0
1190425478,0.0,0.0,0.0
1190625347,0.0,0.0,0.0
1190829746,0.0,0.0,0.0
1191030155,0.0,0.0,0.0
1191229647,0.0,0.0,0.0
1191434451,0.0,0.0,0.0
1191638719,0.0,0.0,0.0
1191840015,0.0,0.0,0.0
1192043630,0.0,0.0,0.0
1192248550,0.0,0.0,0.0
1192448380,0.0,0.0,0.0
1192652041,0.0,0.0,0.0
1192858916,0.0,0.0,0.0
1193057148,0.0,0.0,0.0
1193262744,0.0,0.0,0.0
1193465966,0.0,0.0,0.0
1193666379,0.0,0.0,0.0
1193870885,0.0,0.0,0.0
1194075490,0.0,0.0,0.0
1194275502,0.0,0.0,0.0
1194479799,0.0,0.0,0.0
1194680843,0.0,0.0,0.0
1194884356,0.0,0.0,0.0
1195085053,0.0,0.0,0.0
1195288772,0.0,0.0,0.0
1195489082,0.0,0.0,0.0
1195689569,0.0,0.0,0.0
1195893826,0.0,0.0,0.0
1196098700,0.0,0.0,0.0
1196298385,0.0,0.0,0.0
1196503454,0.0,0.0,0.0
1196703852,0.0,0.0,0.0
1196903832,0.0,0.0,0.0
1197107944,0.0,0.0,0.0
1197312817,0.0,0.0,0.0
1197513364,0.0,0.0,0.0
1197717494,0.0,0.0,0.0
1197918289,0.0,0.0,0.0
1198118236,0.0,0.0,0.0
1198322370,0.0,0.0,0.0
1198526712,0.0,0.0,0.0
1198727177,0.0,0.0,0.0
1198927823,0.0,0.0,0.0
1199131493,0.0,0.0,0.0
1199332311,0.0,0.0,0.0
1199532524,0.0,0.0,0.0
1199732523,0.0,0.0,0.0
1199937325,0.0,0.0,0.0
1200137329,0.0,0.0,0.0
1200337943,0.0,0.0,0.0
1200542403,0.0,0.0,0.0
1200743184,0.0,0.0,0.0
1200943621,0.0,0.0,0.0
1201143482,0.0,0.0,0.0
1201347709,0.0,0.0,0.0
1201551993,0.0,0.0,0.0
1201752781,0.0,0.0,0.0
1201956442,0.0,0.0,0.0
1202157849,0.0,0.0,0.0
1202357836,0.0,0.0,0.0
1202561791,0.0,0.0,0.0
1202762138,0.0,0.0,0.0
1202962082,0.0,0.0,0.0
1203166867,0.0,0.0,0.0
1203370927,0.0,0.0,0.0
1203571337,0.0,0.0,0.0
1203775980,0.0,0.0,0.0
1203980342,0.0,0.0,0.0
1204180443,0.0,0.0,0.0
1204380459,0.0,0.0,0.0
1204584832,0.0,0.0,0.0
1204785315,0.0,0.0,0.0
1204985738,0.0,0.0,0.0
1205190165,0.0,0.0,0.0
1205391179,0.0,0.0,0.0
1205590840,0.0,0.0,0.0
1205794457,0.0,0.0,0.0
1205999868,0.0,0.0,0.0
1206199975,0.0,0.0,0.0
1206400483,0.0,0.0,0.0
1206604480,0.0,0.0,0.0
1206804999,0.0,0.0,0.0
1207005219,0.0,0.0,0.0
1207209906,0.0,0.0,0.0
1207410206,0.0,0.0,0.0
1207609756,0.0,0.0,0.0
1207815252,0.0,0.0,0.0
1207986536,0.0,0.0,0.0
1211533322,0.0,0.0,0.0
1211733472,0.0,0.0,0.0
1211938371,0.0,0.0,0.0
1212142159,0.0,0.0,0.0
1212342084,0.0,0.0,0.0
1212646776,0.0,0.0,0.0
1212846734,0.0,0.0,0.0
1213051350,0.0,0.0,0.0
1213257135,0.0,0.0,0.0
1213456708,0.0,0.0,0.0
1213660445,0.0,0.0,0.0
1213860878,0.0,0.0,0.0
1214060962,0.0,0.0,0.0
1214266327,0.0,0.0,0.0
1214466699,0.0,0.0,0.0
1214670092,0.0,0.0,0.0
1214870839,0.0,0.0,0.0
1215074559,0.0,0.0,0.0
1215275651,0.0,0.0,0.0
1215319527,0.0,0.0,0.0
1219778921,0.0,0.0,0.0
1219979552,0.0,0.0,0.0
1220183669,0.0,0.0,0.0
1220387172,0.0,0.0,0.0
1220588312,0.0,0.0,0.0
1220904946,0.0,0.0,0.0
1221105317,0.0,0.0,0.0
1221309148,0.0,0.0,0.0
1221510297,0.0,0.0,0.0
1221713743,0.0,0.0,0.0
1221914543,0.0,0.0,0.0
1222114839,0.0,0.0,0.0
1222320253,0.0,0.0,0.0
1222523709,0.0,0.0,0.0
1222723341,0.0,0.0,0.0
1222928805,0.0,0.0,0.0
1223132161,0.0,0.0,0.0
1223333289,0.0,0.0,0.0
1223537268,0.0,0.0,0.0
1223738135,0.0,0.0,0.0
1223937738,0.0,0.0,0.0
1224141938,0.0,0.0,0.0
1224346874,0.0,0.0,0.0
1224546898,0.0,0.0,0.0
1224747640,0.0,0.0,0.0
1224951530,0.0,0.0,0.0
1225153009,0.0,0.0,0.0
1225336707,0.0,0.0,0.0
1242180959,0.0,0.0,0.0
1242385216,0.0,0.0,0.0
1242585908,0.0,0.0,0.0
1242789826,0.0,0.0,0.0
1242991805,0.0,0.0,0.0
1243292982,0.0,0.0,0.0
1243492999,0.0,0.0,0.0
1243698231,0.0,0.0,0.0
1243898728,0.0,0.0,0.0
1244305055,0.0,0.0,0.0
1244509223,0.0,0.0,0.0
1244714041,0.0,0.0,0.0
1244913856,0.0,0.0,0.0
1245319800,0.0,0.0,0.0
1245525165,0.0,0.0,0.0
1245930986,0.0,0.0,0.0
1246337827,0.0,0.0,0.0
1246743808,0.0,0.0,0.0
1247146860,0.0,0.0,0.0
1247755470,0.0,0.0,0.0
1247960306,0.0,0.0,0.0
1248365186,0.0,0.0,0.0
1248569211,0.0,0.0,0.0
1248770667,0.0,0.0,0.0
1249178180,0.0,0.0,0.0
1249382918,0.0,0.0,0.0
1249787409,0.0,0.0,0.0
1249992823,0.0,0.0,0.0
1250193215,0.0,0.0,0.0
1250396319,0.0,0.0,0.0
1250596752,0.0,0.0,0.0
1250801186,0.0,0.0,0.0
1251002231,0.0,0.0,0.0
1251205938,0.0,0.0,0.0
1251405550,0.0,0.0,0.0
1251610446,0.0,0.0,0.0
1251814946,0.0,0.0,0.0
1252016020,0.0,0.0,0.0
1252219148,0.0,0.0,0.0
1252420372,0.0,0.0,0.0
1252621843,0.0,0.0,0.0
1252822975,0.0,0.0,0.0
1253024750,0.0,0.0,0.0
1253225924,0.0,0.0,0.0
1253425547,0.0,0.0,0.0
1253629862,0.0,0.0,0.0
1253830870,0.0,0.0,0.0
1254030784,0.0,0.0,0.0
1254234372,0.0,0.0,0.0
1254439458,0.0,0.0,0.0
1254640195,0.0,0.0,0.0
1254844358,0.0,0.0,0.0
1255048302,0.0,0.0,0.0
1255249166,0.0,0.0,0.0
1255453404,0.0,0.0,0.0
1255657655,0.0,0.0,0.0
1255857926,0.0,0.0,0.0
1256063824,0.0,0.0,0.0
1256265048,0.0,0.0,0.0
1256466741,0.0,0.0,0.0
1256667154,0.0,0.0,0.0
1256871606,0.0,0.0,0.0
1257072238,0.0,0.0,0.0
1257276158,0.0,0.0,0.0
1257481609,0.0,0.0,0.0
1257681453,0.0,0.0,0.0
1257885850,0.0,0.0,0.0
1258089892,0.0,0.0,0.0
1258290147,0.0,0.0,0.0
1258490367,0.0,0.0,0.0
1258694694,0.0,0.0,0.0
1258895667,0.0,0.0,0.0
1259095442,0.0,0.0,0.0
1259300286,0.0,0.0,0.0
1259504370,0.0,0.0,0.0
1259705359,0.0,0.0,0.0
1259905025,0.0,0.0,0.0
1260109340,0.0,0.0,0.0
1260310236,0.0,0.0,0.0
1260513958,0.0,0.0,0.0
1260719053,0.0,0.0,0.0
1261123431,0.0,0.0,0.0
1261328256,0.0,0.0,0.0
1261527683,0.0,0.0,0.0
1261732308,0.0,0.0,0.0
1261936600,0.0,0.0,0.0
1262137140,0.0,0.0,0.0
1262337149,0.0,0.0,0.0
1262542392,0.0,0.0,0.0
1262745915,0.0,0.0,0.0
1262946729,0.0,0.0,0.0
1263150661,0.0,0.0,0.0
1263351088,0.0,0.0,0.0
1263551708,0.0,0.0,0.0
1263755163,0.0,0.0,0.0
1263956287,0.0,0.0,0.0
1264155934,0.0,0.0,0.0
1264361253,0.0,0.0,0.0
1264565123,0.0,0.0,0.0
1264765455,0.0,0.0,0.0
1264966180,0.0,0.0,0.0
1265169892,0.0,0.0,0.0
1265370733,0.0,0.0,0.0
1265570384,0.0,0.0,0.0
1265775655,0.0,0.0,0.0
1265979558,0.0,0.0,0.0
1266179966,0.0,0.0,0.0
1266384405,0.0,0.0,0.0
1266584747,0.0,0.0,0.0
1266784751,0.0,0.0,0.0
1266989098,0.0,0.0,0.0
1267194143,0.0,0.0,0.0
1267394093,0.0,0.0,0.0
1267598753,0.0,0.0,0.0
1267799761,0.0,0.0,0.0
1268000254,0.0,0.0,0.0
1268199417,0.0,0.0,0.0
1268403516,0.0,0.0,0.0
1268604320,0.0,0.0,0.0
1268804342,0.0,0.0,0.0
1269004739,0.0,0.0,0.0
1269209022,0.0,0.0,0.0
1269410357,0.0,0.0,0.0
1269613933,0.0,0.0,0.0
1269815081,0.0,0.0,0.0
1270018897,0.0,0.0,0.0
1270218668,0.0,0.0,0.0
1270424205,0.0,0.0,0.0
1270627491,0.0,0.0,0.0
1270827962,0.0,0.0,0.0
1271032594,0.0,0.0,0.0
1271233305,0.0,0.0,0.0
1271433406,0.0,0.0,0.0
1271636729,0.0,0.0,0.0
1271842641,0.0,0.0,0.0
1272042754,0.0,0.0,0.0
1272246615,0.0,0.0,0.0
1272447747,0.0,0.0,0.0
1272648190,0.0,0.0,0.0
1272851567,0.0,0.0,0.0
1273055486,0.0,0.0,0.0
1273256940,0.0,0.0,0.0
1273456846,0.0,0.0,0.0
1273661450,0.0,0.0,0.0
1273861416,0.0,0.0,0.0
1274061844,0.0,0.0,0.0
1274265546,0.0,0.0,0.0
1274466753,0.0,0.0,0.0
1274666699,0.0,0.0,0.0
1274870624,0.0,0.0,0.0
1275071613,0.0,0.0,0.0
1275275493,0.0,0.0,0.0
1275476316,0.0,0.0,0.0
1275680518,0.0,0.0,0.0
1275881020,0.0,0.0,0.0
1276080760,0.0,0.0,0.0
1276285862,0.0,0.0,0.0
1276489868,0.0,0.0,0.0
1276689572,0.0,0.0,0.0
1276894844,0.0,0.0,0.0
1277098674,0.0,0.0,0.0
1277299502,0.0,0.0,0.0
1277503865,0.0,0.0,0.0
1277704695,0.0,0.0,0.0
1277904249,0.0,0.0,0.0
1278107971,0.0,0.0,0.0
1278312808,0.0,0.0,0.0
1278512749,0.0,0.0,0.0
1278718005,0.0,0.0,0.0
1278922047,0.0,0.0,0.0
1279122336,0.0,0.0,0.0
1279326642,0.0,0.0,0.0
1279527925,0.0,0.0,0.0
1279727660,0.0,0.0,0.0
1279931141,0.0,0.0,0.0
1280136363,0.0,0.0,0.0
1280336320,0.0,0.0,0.0
1280541412,0.0,0.0,0.0
1280745196,0.0,0.0,0.0
1280945951,0.0,0.0,0.0
1281145797,0.0,0.0,0.0
1281350895,0.0,0.0,0.0
1281551197,0.0,0.0,0.0
1281751450,0.0,0.0,0.0
1281951715,0.0,0.0,0.0
1282155158,0.0,0.0,0.0
1282355959,0.0,0.0,0.0
1282560323,0.0,0.0,0.0
1282765363,0.0,0.0,0.0
1282965407,0.0,0.0,0.0
1283168796,0.0,0.0,0.0
1283369907,0.0,0.0,0.0
1283573981,0.0,0.0,0.0
1283774848,0.0,0.0,0.0
1283978718,0.0,0.0,0.0
1284179599,0.0,0.0,0.0
1284379473,0.0,0.0,0.0
1284583645,0.0,0.0,0.0
1284784600,0.0,0.0,0.0
1284988326,0.0,0.0,0.0
1285189053,0.0,0.0,0.0
1285393152,0.0,0.0,0.0
1285593601,0.0,0.0,0.0
1285799201,0.0,0.0,0.0
1285999948,0.0,0.0,0.0
1286202746,0.0,0.0,0.0
1286402450,0.0,0.0,0.0
1286607749,0.0,0.0,0.0
1286811520,0.0,0.0,0.0
1287011944,0.0,0.0,0.0
1287216585,0.0,0.0,0.0
1287417319,0.0,0.0,0.0
1287616772,0.0,0.0,0.0
1287821871,0.0,0.0,0.0
1288022116,0.0,0.0,0.0
1288222011,0.0,0.0,0.0
1288426338,0.0,0.0,0.0
1288631375,0.0,0.0,0.0
1288831550,0.0,0.0,0.0
1289035155,0.0,0.0,0.0
1289240271,0.0,0.0,0.0
1289440311,0.0,0.0,0.0
1289644016,0.0,0.0,0.0
1289849408,0.0,0.0,0.0
1290050265,0.0,0.0,0.0
1290253804,0.0,0.0,0.0
1290457964,0.0,0.0,0.0
1290659077,0.0,0.0,0.0
1290862674,0.0,0.0,0.0
1291067093,0.0,0.0,0.0
1291267418,0.0,0.0,0.0
1291472373,0.0,0.0,0.0
1291676298,0.0,0.0,0.0
1291876303,0.0,0.0,0.0
1292081307,0.0,0.0,0.0
1292285179,0.0,0.0,0.0
1292485593,0.0,0.0,0.0
1292690050,0.0,0.0,0.0
1292893964,0.0,0.0,0.0
1293094345,0.0,0.0,0.0
1293299001,0.0,0.0,0.0
1293499868,0.0,0.0,0.0
1293700155,0.0,0.0,0.0
1293900299,0.0,0.0,0.0
1294103954,0.0,0.0,0.0
1294308460,0.0,0.0,0.0
1294509103,0.0,0.0,0.0
1294713173,0.0,0.0,0.0
1294913981,0.0,0.0,0.0
1295113912,0.0,0.0,0.0
1295318828,0.0,0.0,0.0
1295523257,0.0,0.0,0.0
1295722940,0.0,0.0,0.0
1295927238,0.0,0.0,0.0
1296131567,0.0,0.0,0.0
1296332981,0.0,0.0,0.0
1296536462,0.0,0.0,0.0
1296737273,0.0,0.0,0.0
1296937242,0.0,0.0,0.0
1297143029,0.0,0.0,0.0
1297345903,0.0,0.0,0.0
1297546597,0.0,0.0,0.0
1297746963,0.0,0.0,0.0
1297951175,0.0,0.0,0.0
1298151981,0.0,0.0,0.0
1298352243,0.0,0.0,0.0
1298556788,0.0,0.0,0.0
1298760484,0.0,0.0,0.0
1298960463,0.0,0.0,0.0
1299165267,0.0,0.0,0.0
1299369548,0.0,0.0,0.0
1299569947,0.0,0.0,0.0
1299770113,0.0,0.0,0.0
1299975150,0.0,0.0,0.0
1300175151,0.0,0.0,0.0
1300374727,0.0,0.0,0.0
1300579330,0.0,0.0,0.0
1300784314,0.0,0.0,0.0
1300984604,0.0,0.0,0.0
1301188547,0.0,0.0,0.0
1301389302,0.0,0.0,0.0
1301589654,0.0,0.0,0.0
1301793734,0.0,0.0,0.0
1301994269,0.0,0.0,0.0
1302194144,0.0,0.0,0.0
1302602873,0.0,0.0,0.0
1302803699,0.0,0.0,0.0
1303007934,0.0,0.0,0.0
1303209138,0.0,0.0,0.0
1303608728,0.0,0.0,0.0
1303813211,0.0,0.0,0.0
1304017835,0.0,0.0,0.0
1304218560,0.0,0.0,0.0
1304269885,0.0,0.0,0.0
1326809364,0.0,0.0,0.0
1327009455,0.0,0.0,0.0
1327213162,0.0,0.0,0.0
1327417840,0.0,0.0,0.0
1327618405,0.0,0.0,0.0
1328127224,0.0,0.0,0.0
1328331699,0.0,0.0,0.0
1329141154,0.0,0.0,0.0
1329344772,0.0,0.0,0.0
1329550536,0.0,0.0,0.0
1329750377,0.0,0.0,0.0
1330159082,0.0,0.0,0.0
1330359006,0.0,0.0,0.0
1330559691,0.0,0.0,0.0
1330763508,0.0,0.0,0.0
1330964312,0.0,0.0,0.0
1331164220,0.0,0.0,0.0
1331369996,0.0,0.0,0.0
1331573114,0.0,0.0,0.0
1331977894,0.0,0.0,0.0
1332182435,0.0,0.0,0.0
1332383080,0.0,0.0,0.0
1332586576,0.0,0.0,0.0
1332787522,0.0,0.0,0.0
1332987143,0.0,0.0,0.0
1333192218,0.0,0.0,0.0
1333394119,0.0,0.0,0.0
1333593080,0.0,0.0,0.0
1333798011,0.0,0.0,0.0
1333998584,0.0,0.0,0.0
1334199047,0.0,0.0,0.0
1334398553,0.0,0.0,0.0
1334602712,0.0,0.0,0.0
1334806627,0.0,0.0,0.0
1335007440,0.0,0.0,0.0
1335211484,0.0,0.0,0.0
1335416231,0.0,0.0,0.0
1335616622,0.0,0.0,0.0
1335821639,0.0,0.0,0.0
1336021835,0.0,0.0,0.0
1336221442,0.0,0.0,0.0
1336425540,0.0,0.0,0.0
1336630587,0.0,0.0,0.0
1336831003,0.0,0.0,0.0
1337034358,0.0,0.0,0.0
1337239697,0.0,0.0,0.0
1337439443,0.0,0.0,0.0
1337644286,0.0,0.0,0.0
1337848675,0.0,0.0,0.0
1338048730,0.0,0.0,0.0
1338253036,0.0,0.0,0.0
1338457143,0.0,0.0,0.0
1338657952,0.0,0.0,0.0
1338862036,0.0,0.0,0.0
1339062824,0.0,0.0,0.0
1339262654,0.0,0.0,0.0
1339467496,0.0,0.0,0.0
1339671647,0.0,0.0,0.0
1339872251,0.0,0.0,0.0
1340076312,0.0,0.0,0.0
1340280749,0.0,0.0,0.0
1340481109,0.0,0.0,0.0
1340685048,0.0,0.0,0.0
1340890175,0.0,0.0,0.0
1341089799,0.0,0.0,0.0
1341294669,0.0,0.0,0.0
1341498716,0.0,0.0,0.0
1341699196,0.0,0.0,0.0
1341903528,0.0,0.0,0.0
1342104538,0.0,0.0,0.0
1342304589,0.0,0.0,0.0
1342504329,0.0,0.0,0.0
1342709308,0.0,0.0,0.0
1342909409,0.0,0.0,0.0
1343109838,0.0,0.0,0.0
1343313539,0.0,0.0,0.0
1343518628,0.0,0.0,0.0
1343719662,0.0,0.0,0.0
1343923354,0.0,0.0,0.0
1344127444,0.0,0.0,0.0
1344328232,0.0,0.0,0.0
1344531996,0.0,0.0,0.0
1344736223,0.0,0.0,0.0
1344937169,0.0,0.0,0.0
1345142018,0.0,0.0,0.0
1345342027,0.0,0.0,0.0
1345542250,0.0,0.0,0.0
1345746671,0.0,0.0,0.0
1345950995,0.0,0.0,0.0
1346152179,0.0,0.0,0.0
1346355144,0.0,0.0,0.0
1346556445,0.0,0.0,0.0
1346755967,0.0,0.0,0.0
1346960235,0.0,0.0,0.0
1347165071,0.0,0.0,0.0
1347365750,0.0,0.0,0.0
1347566413,0.0,0.0,0.0
1347769984,0.0,0.0,0.0
1347970386,0.0,0.0,0.0
1348170683,0.0,0.0,0.0
1348375560,0.0,0.0,0.0
1348579612,0.0,0.0,0.0
1348779959,0.0,0.0,0.0
1348984584,0.0,0.0,0.0
1349184644,0.0,0.0,0.0
1349384737,0.0,0.0,0.0
1349590068,0.0,0.0,0.0
1349793918,0.0,0.0,0.0
1349994133,0.0,0.0,0.0
1350199503,0.0,0.0,0.0
1350402743,0.0,0.0,0.0
1350603161,0.0,0.0,0.0
1350807778,0.0,0.0,0.0
1351008368,0.0,0.0,0.0
1351208649,0.0,0.0,0.0
1351408743,0.0,0.0,0.0
1351613411,0.0,0.0,0.0
1351813995,0.0,0.0,0.0
1352017834,0.0,0.0,0.0
1352222031,0.0,0.0,0.0
1352422744,0.0,0.0,0.0
1352623389,0.0,0.0,0.0
1352827554,0.0,0.0,0.0
1353032382,0.0,0.0,0.0
1353232656,0.0,0.0,0.0
1353436291,0.0,0.0,0.0
1353637635,0.0,0.0,0.0
1353837393,0.0,0.0,0.0
1354041646,0.0,0.0,0.0
1354246271,0.0,0.0,0.0
1354446426,0.0,0.0,0.0
1354854659,0.0,0.0,0.0
1355056156,0.0,0.0,0.0
1355259545,0.0,0.0,0.0
1355460299,0.0,0.0,0.0
1355660288,0.0,0.0,0.0
1355864727,0.0,0.0,0.0
1356069402,0.0,0.0,0.0
