timestamp,condition_calibration_enabled,condition_system_sensors_initialized,condition_system_hotplug_timeout,condition_system_returned_to_home,condition_auto_mission_available,condition_global_position_valid,condition_home_position_valid,condition_local_position_valid,condition_local_velocity_valid,condition_local_altitude_valid,condition_power_input_valid,circuit_breaker_engaged_power_check,circuit_breaker_engaged_airspd_check,circuit_breaker_engaged_enginefailure_check,circuit_breaker_engaged_gpsfailure_check,circuit_breaker_flight_termination_disabled,circuit_breaker_engaged_usb_check,circuit_breaker_engaged_posfailure_check,offboard_control_signal_found_once,offboard_control_signal_lost,offboard_control_set_by_command,offboard_control_loss_timeout,rc_signal_found_once,rc_input_blocked,rc_calibration_valid,vtol_transition_failure,usb_connected
30507522,0,1,1,0,0,0,0,0,0,1,1,0,0,1,0,1,0,0,0,1,0,0,0,0,1,0,0
32517334,0,1,1,0,0,0,0,0,0,1,1,0,0,1,0,1,0,0,0,1,0,0,0,0,1,0,0
33525155,0,1,1,0,0,0,0,0,0,1,1,0,0,1,0,1,0,0,0,1,0,0,0,0,1,0,0
34530039,0,1,1,0,0,0,0,0,0,1,1,0,0,1,0,1,0,0,0,1,0,0,0,0,1,0,0
35531534,0,1,1,0,0,0,0,0,0,1,1,0,0,1,0,1,0,0,0,1,0,0,0,0,1,0,0
36541390,0,1,1,0,0,0,0,0,0,1,1,0,0,1,0,1,0,0,0,1,0,0,0,0,1,0,0
37545332,0,1,1,0,0,0,0,0,0,1,1,0,0,1,0,1,0,0,0,1,0,0,0,0,1,0,0
38551452,0,1,1,0,0,0,0,0,0,1,1,0,0,1,0,1,0,0,0,1,0,0,0,0,1,0,0
39558424,0,1,1,0,0,0,0,0,0,1,1,0,0,1,0,1,0,0,0,1,0,0,0,0,1,0,0
40561572,0,1,1,0,0,0,0,0,0,1,1,0,0,1,0,1,0,0,0,1,0,0,0,0,1,0,0
41574094,0,1,1,0,0,0,0,0,0,1,1,0,0,1,0,1,0,0,0,1,0,0,0,0,1,0,0
42581422,0,1,1,0,0,0,0,0,0,1,1,0,0,1,0,1,0,0,0,1,0,0,0,0,1,0,0
43581600,0,1,1,0,0,0,0,0,0,1,1,0,0,1,0,1,0,0,0,1,0,0,0,0,1,0,0
44592388,0,1,1,0,0,0,0,0,0,1,1,0,0,1,0,1,0,0,0,1,0,0,0,0,1,0,0
45596937,0,1,1,0,0,0,0,0,0,1,1,0,0,1,0,1,0,0,0,1,0,0,0,0,1,0,0
46171454,0,1,1,0,0,1,0,0,0,1,1,0,0,1,0,1,0,0,0,1,0,0,0,0,1,0,0
47174755,0,1,1,0,0,1,0,0,0,1,1,0,0,1,0,1,0,0,0,1,0,0,0,0,1,0,0
47262984,0,1,1,0,0,1,1,1,1,1,1,0,0,1,0,1,0,0,0,1,0,0,0,0,1,0,0
47273515,0,1,1,0,0,1,1,1,1,1,1,0,0,1,0,1,0,0,0,1,0,0,0,0,1,0,0
48284368,0,1,1,0,1,1,1,1,1,1,1,0,0,1,0,1,0,0,0,1,0,0,0,0,1,0,0
49289436,0,1,1,0,1,1,1,1,1,1,1,0,0,1,0,1,0,0,0,1,0,0,0,0,1,0,0
50291693,0,1,1,0,1,1,1,1,1,1,1,0,0,1,0,1,0,0,0,1,0,0,0,0,1,0,0
51302750,0,1,1,0,1,1,1,1,1,1,1,0,0,1,0,1,0,0,0,1,0,0,0,0,1,0,0
52302955,0,1,1,0,1,1,1,1,1,1,1,0,0,1,0,1,0,0,0,1,0,0,0,0,1,0,0
53311529,0,1,1,0,1,1,1,1,1,1,1,0,0,1,0,1,0,0,0,1,0,0,0,0,1,0,0
54311568,0,1,1,0,1,1,1,1,1,1,1,0,0,1,0,1,0,0,0,1,0,0,0,0,1,0,0
55316372,0,1,1,0,1,1,1,1,1,1,1,0,0,1,0,1,0,0,0,1,0,0,0,0,1,0,0
56319522,0,1,1,0,1,1,1,1,1,1,1,0,0,1,0,1,0,0,0,1,0,0,0,0,1,0,0
57322662,0,1,1,0,1,1,1,1,1,1,1,0,0,1,0,1,0,0,0,1,0,0,0,0,1,0,0
58326430,0,1,1,0,1,1,1,1,1,1,1,0,0,1,0,1,0,0,0,1,0,0,0,0,1,0,0
59338044,0,1,1,0,1,1,1,1,1,1,1,0,0,1,0,1,0,0,0,1,0,0,0,0,1,0,0
60341576,0,1,1,0,1,1,1,1,1,1,1,0,0,1,0,1,0,0,0,1,0,0,0,0,1,0,0
61346147,0,1,1,0,1,1,1,1,1,1,1,0,0,1,0,1,0,0,0,1,0,0,0,0,1,0,0
62352646,0,1,1,0,1,1,1,1,1,1,1,0,0,1,0,1,0,0,0,1,0,0,0,0,1,0,0
63361037,0,1,1,0,1,1,1,1,1,1,1,0,0,1,0,1,0,0,0,1,0,0,0,0,1,0,0
64365960,0,1,1,0,1,1,1,1,1,1,1,0,0,1,0,1,0,0,0,1,0,0,0,0,1,0,0
65371921,0,1,1,0,1,1,1,1,1,1,1,0,0,1,0,1,0,0,0,1,0,0,0,0,1,0,0
66376167,0,1,1,0,1,1,1,1,1,1,1,0,0,1,0,1,0,0,0,1,0,0,0,0,1,0,0
67377429,0,1,1,0,1,1,1,1,1,1,1,0,0,1,0,1,0,0,0,1,0,0,0,0,1,0,0
68383021,0,1,1,0,1,1,1,1,1,1,1,0,0,1,0,1,0,0,0,1,0,0,0,0,1,0,0
69391622,0,1,1,0,1,1,1,1,1,1,1,0,0,1,0,1,0,0,0,1,0,0,0,0,1,0,0
70401326,0,1,1,0,1,1,1,1,1,1,1,0,0,1,0,1,0,0,0,1,0,0,0,0,1,0,0
71403469,0,1,1,0,1,1,1,1,1,1,1,0,0,1,0,1,0,0,0,1,0,0,0,0,1,0,0
72414328,0,1,1,0,1,1,1,1,1,1,1,0,0,1,0,1,0,0,0,1,0,0,0,0,1,0,0
73421875,0,1,1,0,1,1,1,1,1,1,1,0,0,1,0,1,0,0,0,1,0,0,0,0,1,0,0
74421948,0,1,1,0,1,1,1,1,1,1,1,0,0,1,0,1,0,0,0,1,0,0,0,0,1,0,0
75424460,0,1,1,0,1,1,1,1,1,1,1,0,0,1,0,1,0,0,0,1,0,0,0,0,1,0,0
76428328,0,1,1,0,1,1,1,1,1,1,1,0,0,1,0,1,0,0,0,1,0,0,0,0,1,0,0
77430372,0,1,1,0,1,1,1,1,1,1,1,0,0,1,0,1,0,0,0,1,0,0,0,0,1,0,0
78436392,0,1,1,0,1,1,1,1,1,1,1,0,0,1,0,1,0,0,0,1,0,0,0,0,1,0,0
79443501,0,1,1,0,1,1,1,1,1,1,1,0,0,1,0,1,0,0,0,1,0,0,0,0,1,0,0
80450644,0,1,1,0,1,1,1,1,1,1,1,0,0,1,0,1,0,0,0,1,0,0,0,0,1,0,0
81458336,0,1,1,0,1,1,1,1,1,1,1,0,0,1,0,1,0,0,0,1,0,0,0,0,1,0,0
82462703,0,1,1,0,1,1,1,1,1,1,1,0,0,1,0,1,0,0,0,1,0,0,0,0,1,0,0
83473208,0,1,1,0,1,1,1,1,1,1,1,0,0,1,0,1,0,0,0,1,0,0,0,0,1,0,0
84478337,0,1,1,0,1,1,1,1,1,1,1,0,0,1,0,1,0,0,0,1,0,0,0,0,1,0,0
85484635,0,1,1,0,1,1,1,1,1,1,1,0,0,1,0,1,0,0,0,1,0,0,0,0,1,0,0
86497635,0,1,1,0,1,1,1,1,1,1,1,0,0,1,0,1,0,0,0,1,0,0,0,0,1,0,0
87498329,0,1,1,0,1,1,1,1,1,1,1,0,0,1,0,1,0,0,0,1,0,0,0,0,1,0,0
88500534,0,1,1,0,1,1,1,1,1,1,1,0,0,1,0,1,0,0,0,1,0,0,0,0,1,0,0
89503195,0,1,1,0,1,1,1,1,1,1,1,0,0,1,0,1,0,0,0,1,0,0,0,0,1,0,0
90503569,0,1,1,0,1,1,1,1,1,1,1,0,0,1,0,1,0,0,0,1,0,0,0,0,1,0,0
91511569,0,1,1,0,1,1,1,1,1,1,1,0,0,1,0,1,0,0,0,1,0,0,0,0,1,0,0
92515120,0,1,1,0,1,1,1,1,1,1,1,0,0,1,0,1,0,0,0,1,0,0,0,0,1,0,0
93517389,0,1,1,0,1,1,1,1,1,1,1,0,0,1,0,1,0,0,0,1,0,0,0,0,1,0,0
94529312,0,1,1,0,1,1,1,1,1,1,1,0,0,1,0,1,0,0,0,1,0,0,0,0,1,0,0
95540742,0,1,1,0,1,1,1,1,1,1,1,0,0,1,0,1,0,0,0,1,0,0,0,0,1,0,0
96541585,0,1,1,0,1,1,1,1,1,1,1,0,0,1,0,1,0,0,0,1,0,0,0,0,1,0,0
97551029,0,1,1,0,1,1,1,1,1,1,1,0,0,1,0,1,0,0,0,1,0,0,0,0,1,0,0
98558863,0,1,1,0,1,1,1,1,1,1,1,0,0,1,0,1,0,0,0,1,0,0,0,0,1,0,0
99560490,0,1,1,0,1,1,1,1,1,1,1,0,0,1,0,1,0,0,0,1,0,0,0,0,1,0,0
100562654,0,1,1,0,1,1,1,1,1,1,1,0,0,1,0,1,0,0,0,1,0,0,0,0,1,0,0
101572674,0,1,1,0,1,1,1,1,1,1,1,0,0,1,0,1,0,0,0,1,0,0,0,0,1,0,0
102577428,0,1,1,0,1,1,1,1,1,1,1,0,0,1,0,1,0,0,0,1,0,0,0,0,1,0,0
103585369,0,1,1,0,1,1,1,1,1,1,1,0,0,1,0,1,0,0,0,1,0,0,0,0,1,0,0
104595403,0,1,1,0,1,1,1,1,1,1,1,0,0,1,0,1,0,0,0,1,0,0,0,0,1,0,0
105597878,0,1,1,0,1,1,1,1,1,1,1,0,0,1,0,1,0,0,0,1,0,0,0,0,1,0,0
106605838,0,1,1,0,1,1,1,1,1,1,1,0,0,1,0,1,0,0,0,1,0,0,0,0,1,0,0
107613594,0,1,1,0,1,1,1,1,1,1,1,0,0,1,0,1,0,0,0,1,0,0,0,0,1,0,0
108624560,0,1,1,0,1,1,1,1,1,1,1,0,0,1,0,1,0,0,0,1,0,0,0,0,1,0,0
109628149,0,1,1,0,1,1,1,1,1,1,1,0,0,1,0,1,0,0,0,1,0,0,0,0,1,0,0
110637496,0,1,1,0,1,1,1,1,1,1,1,0,0,1,0,1,0,0,0,1,0,0,0,0,1,0,0
111647806,0,1,1,0,1,1,1,1,1,1,1,0,0,1,0,1,0,0,0,1,0,0,0,0,1,0,0
112654654,0,1,1,0,1,1,1,1,1,1,1,0,0,1,0,1,0,0,0,1,0,0,0,0,1,0,0
113655478,0,1,1,0,1,1,1,1,1,1,1,0,0,1,0,1,0,0,0,1,0,0,0,0,1,0,0
114656460,0,1,1,0,1,1,1,1,1,1,1,0,0,1,0,1,0,0,0,1,0,0,0,0,1,0,0
115659505,0,1,1,0,1,1,1,1,1,1,1,0,0,1,0,1,0,0,0,1,0,0,0,0,1,0,0
116664423,0,1,1,0,1,1,1,1,1,1,1,0,0,1,0,1,0,0,0,1,0,0,0,0,1,0,0
117673370,0,1,1,0,1,1,1,1,1,1,1,0,0,1,0,1,0,0,0,1,0,0,0,0,1,0,0
118681896,0,1,1,0,1,1,1,1,1,1,1,0,0,1,0,1,0,0,0,1,0,0,0,0,1,0,0
119685364,0,1,1,0,1,1,1,1,1,1,1,0,0,1,0,1,0,0,0,1,0,0,0,0,1,0,0
120692447,0,1,1,0,1,1,1,1,1,1,1,0,0,1,0,1,0,0,0,1,0,0,0,0,1,0,0
121700385,0,1,1,0,1,1,1,1,1,1,1,0,0,1,0,1,0,0,0,1,0,0,0,0,1,0,0
122710912,0,1,1,0,1,1,1,1,1,1,1,0,0,1,0,1,0,0,0,1,0,0,0,0,1,0,0
123714728,0,1,1,0,1,1,1,1,1,1,1,0,0,1,0,1,0,0,0,1,0,0,0,0,1,0,0
124725626,0,1,1,0,1,1,1,1,1,1,1,0,0,1,0,1,0,0,0,1,0,0,0,0,1,0,0
125729324,0,1,1,0,1,1,1,1,1,1,1,0,0,1,0,1,0,0,0,1,0,0,0,0,1,0,0
126737377,0,1,1,0,1,1,1,1,1,1,1,0,0,1,0,1,0,0,0,1,0,0,0,0,1,0,0
127742363,0,1,1,0,1,1,1,1,1,1,1,0,0,1,0,1,0,0,0,1,0,0,0,0,1,0,0
128744372,0,1,1,0,1,1,1,1,1,1,1,0,0,1,0,1,0,0,0,1,0,0,0,0,1,0,0
129754438,0,1,1,0,1,1,1,1,1,1,1,0,0,1,0,1,0,0,0,1,0,0,0,0,1,0,0
130761603,0,1,1,0,1,1,1,1,1,1,1,0,0,1,0,1,0,0,0,1,0,0,0,0,1,0,0
131769498,0,1,1,0,1,1,1,1,1,1,1,0,0,1,0,1,0,0,0,1,0,0,0,0,1,0,0
132772372,0,1,1,0,1,1,1,1,1,1,1,0,0,1,0,1,0,0,0,1,0,0,0,0,1,0,0
133783185,0,1,1,0,1,1,1,1,1,1,1,0,0,1,0,1,0,0,0,1,0,0,0,0,1,0,0
134790734,0,1,1,0,1,1,1,1,1,1,1,0,0,1,0,1,0,0,0,1,0,0,0,0,1,0,0
135798111,0,1,1,0,1,1,1,1,1,1,1,0,0,1,0,1,0,0,0,1,0,0,0,0,1,0,0
136808480,0,1,1,0,1,1,1,1,1,1,1,0,0,1,0,1,0,0,0,1,0,0,0,0,1,0,0
137816452,0,1,1,0,1,1,1,1,1,1,1,0,0,1,0,1,0,0,0,1,0,0,0,0,1,0,0
139836633,0,1,1,0,1,1,1,1,1,1,1,0,0,1,0,1,0,0,0,1,0,0,0,0,1,0,0
140842283,0,1,1,0,1,1,1,1,1,1,1,0,0,1,0,1,0,0,0,1,0,0,0,0,1,0,0
141852604,0,1,1,0,1,1,1,1,1,1,1,0,0,1,0,1,0,0,0,1,0,0,0,0,1,0,0
142862370,0,1,1,0,1,1,1,1,1,1,1,0,0,1,0,1,0,0,0,1,0,0,0,0,1,0,0
143863146,0,1,1,0,1,1,1,1,1,1,1,0,0,1,0,1,0,0,0,1,0,0,0,0,1,0,0
144866332,0,1,1,0,1,1,1,1,1,1,1,0,0,1,0,1,0,0,0,1,0,0,0,0,1,0,0
145873001,0,1,1,0,1,1,1,1,1,1,1,0,0,1,0,1,0,0,0,1,0,0,0,0,1,0,0
146883904,0,1,1,0,1,1,1,1,1,1,1,0,0,1,0,1,0,0,0,1,0,0,0,0,1,0,0
147895104,0,1,1,0,1,1,1,1,1,1,1,0,0,1,0,1,0,0,0,1,0,0,0,0,1,0,0
148900372,0,1,1,0,1,1,1,1,1,1,1,0,0,1,0,1,0,0,0,1,0,0,0,0,1,0,0
149901859,0,1,1,0,1,1,1,1,1,1,1,0,0,1,0,1,0,0,0,1,0,0,0,0,1,0,0
150505430,0,1,1,0,1,1,1,1,1,1,1,0,0,1,0,1,0,0,0,1,0,0,0,0,1,0,0
151510429,0,1,1,0,1,1,1,1,1,1,1,0,0,1,0,1,0,0,0,1,0,0,0,0,1,0,0
152513850,0,1,1,0,1,1,1,1,1,1,1,0,0,1,0,1,0,0,0,1,0,0,0,0,1,0,0
153520670,0,1,1,0,1,1,1,1,1,1,1,0,0,1,0,1,0,0,0,1,0,0,0,0,1,0,0
154528329,0,1,1,0,1,1,1,1,1,1,1,0,0,1,0,1,0,0,0,1,0,0,0,0,1,0,0
155531339,0,1,1,0,1,1,1,1,1,1,1,0,0,1,0,1,0,0,0,1,0,0,0,0,1,0,0
156535450,0,1,1,0,1,1,1,1,1,1,1,0,0,1,0,1,0,0,0,1,0,0,0,0,1,0,0
157537845,0,1,1,0,1,1,1,1,1,1,1,0,0,1,0,1,0,0,0,1,0,0,0,0,1,0,0
158539520,0,1,1,0,1,1,1,1,1,1,1,0,0,1,0,1,0,0,0,1,0,0,0,0,1,0,0
159543569,0,1,1,0,1,1,1,1,1,1,1,0,0,1,0,1,0,0,0,1,0,0,0,0,1,0,0
161561923,0,1,1,0,1,1,1,1,1,1,1,0,0,1,0,1,0,0,0,1,0,0,0,0,1,0,0
162568425,0,1,1,0,1,1,1,1,1,1,1,0,0,1,0,1,0,0,0,1,0,0,0,0,1,0,0
163572462,0,1,1,0,1,1,1,1,1,1,1,0,0,1,0,1,0,0,0,1,0,0,0,0,1,0,0
164580288,0,1,1,0,1,1,1,1,1,1,1,0,0,1,0,1,0,0,0,1,0,0,0,0,1,0,0
165590179,0,1,1,0,1,1,1,1,1,1,1,0,0,1,0,1,0,0,0,1,0,0,0,0,1,0,0
166596735,0,1,1,0,1,1,1,1,1,1,1,0,0,1,0,1,0,0,0,1,0,0,0,0,1,0,0
167607146,0,1,1,0,1,1,1,1,1,1,1,0,0,1,0,1,0,0,0,1,0,0,0,0,1,0,0
168618813,0,1,1,0,1,1,1,1,1,1,1,0,0,1,0,1,0,0,0,1,0,0,0,0,1,0,0
169619475,0,1,1,0,1,1,1,1,1,1,1,0,0,1,0,1,0,0,0,1,0,0,0,0,1,0,0
170628757,0,1,1,0,1,1,1,1,1,1,1,0,0,1,0,1,0,0,0,1,0,0,0,0,1,0,0
171640312,0,1,1,0,1,1,1,1,1,1,1,0,0,1,0,1,0,0,0,1,0,0,0,0,1,0,0
172642405,0,1,1,0,1,1,1,1,1,1,1,0,0,1,0,1,0,0,0,1,0,0,0,0,1,0,0
173647486,0,1,1,0,1,1,1,1,1,1,1,0,0,1,0,1,0,0,0,1,0,0,0,0,1,0,0
174652331,0,1,1,0,1,1,1,1,1,1,1,0,0,1,0,1,0,0,0,1,0,0,0,0,1,0,0
175663454,0,1,1,0,1,1,1,1,1,1,1,0,0,1,0,1,0,0,0,1,0,0,0,0,1,0,0
176668550,0,1,1,0,1,1,1,1,1,1,1,0,0,1,0,1,0,0,0,1,0,0,0,0,1,0,0
177669359,0,1,1,0,1,1,1,1,1,1,1,0,0,1,0,1,0,0,0,1,0,0,0,0,1,0,0
178676947,0,1,1,0,1,1,1,1,1,1,1,0,0,1,0,1,0,0,0,1,0,0,0,0,1,0,0
179679451,0,1,1,0,1,1,1,1,1,1,1,0,0,1,0,1,0,0,0,1,0,0,0,0,1,0,0
180682552,0,1,1,0,1,1,1,1,1,1,1,0,0,1,0,1,0,0,0,1,0,0,0,0,1,0,0
181690277,0,1,1,0,1,1,1,1,1,1,1,0,0,1,0,1,0,0,0,1,0,0,0,0,1,0,0
182691886,0,1,1,0,1,1,1,1,1,1,1,0,0,1,0,1,0,0,0,1,0,0,0,0,1,0,0
182760689,0,1,1,0,1,1,1,1,1,1,1,0,0,1,0,1,0,0,0,1,0,0,1,0,1,0,0
183765336,0,1,1,0,1,1,1,1,1,1,1,0,0,1,0,1,0,0,0,1,0,0,1,0,1,0,0
184774684,0,1,1,0,1,1,1,1,1,1,1,0,0,1,0,1,0,0,0,1,0,0,1,0,1,0,0
185782142,0,1,1,0,1,1,1,1,1,1,1,0,0,1,0,1,0,0,0,1,0,0,1,0,1,0,0
186785491,0,1,1,0,1,1,1,1,1,1,1,0,0,1,0,1,0,0,0,1,0,0,1,0,1,0,0
187791518,0,1,1,0,1,1,1,1,1,1,1,0,0,1,0,1,0,0,0,1,0,0,1,0,1,0,0
188795618,0,1,1,0,1,1,1,1,1,1,1,0,0,1,0,1,0,0,0,1,0,0,1,0,1,0,0
189801209,0,1,1,0,1,1,1,1,1,1,1,0,0,1,0,1,0,0,0,1,0,0,1,0,1,0,0
190805646,0,1,1,0,1,1,1,1,1,1,1,0,0,1,0,1,0,0,0,1,0,0,1,0,1,0,0
191811498,0,1,1,0,1,1,1,1,1,1,1,0,0,1,0,1,0,0,0,1,0,0,1,0,1,0,0
192813465,0,1,1,0,1,1,1,1,1,1,1,0,0,1,0,1,0,0,0,1,0,0,1,0,1,0,0
193821305,0,1,1,0,1,1,1,1,1,1,1,0,0,1,0,1,0,0,0,1,0,0,1,0,1,0,0
194823101,0,1,1,0,1,1,1,1,1,1,1,0,0,1,0,1,0,0,0,1,0,0,1,0,1,0,0
195824445,0,1,1,0,1,1,1,1,1,1,1,0,0,1,0,1,0,0,0,1,0,0,1,0,1,0,0
196830546,0,1,1,0,1,1,1,1,1,1,1,0,0,1,0,1,0,0,0,1,0,0,1,0,1,0,0
197632141,0,1,1,0,1,1,1,1,1,1,1,0,0,1,0,1,0,0,0,1,0,0,1,0,1,0,0
198535468,0,1,1,0,1,1,1,1,1,1,1,0,0,1,0,1,0,0,0,1,0,0,1,0,1,0,0
199538097,0,1,1,0,1,1,1,1,1,1,1,0,0,1,0,1,0,0,0,1,0,0,1,0,1,0,0
200540434,0,1,1,0,1,1,1,1,1,1,1,0,0,1,0,1,0,0,0,1,0,0,1,0,1,0,0
200872444,0,1,1,0,1,1,1,1,1,1,1,0,0,1,0,1,0,0,0,1,0,0,1,0,1,0,0
201879708,0,1,1,0,1,1,1,1,1,1,1,0,0,1,0,1,0,0,0,1,0,0,1,0,1,0,0
202890444,0,1,1,0,1,1,1,1,1,1,1,0,0,1,0,1,0,0,0,1,0,0,1,0,1,0,0
203891447,0,1,1,0,1,1,1,1,1,1,1,0,0,1,0,1,0,0,0,1,0,0,1,0,1,0,0
204900386,0,1,1,0,1,1,1,1,1,1,1,0,0,1,0,1,0,0,0,1,0,0,1,0,1,0,0
205903052,0,1,1,0,1,1,1,1,1,1,1,0,0,1,0,1,0,0,0,1,0,0,1,0,1,0,0
206909876,0,1,1,0,1,1,1,1,1,1,1,0,0,1,0,1,0,0,0,1,0,0,1,0,1,0,0
207913639,0,1,1,0,1,1,1,1,1,1,1,0,0,1,0,1,0,0,0,1,0,0,1,0,1,0,0
208915472,0,1,1,0,1,1,1,1,1,1,1,0,0,1,0,1,0,0,0,1,0,0,1,0,1,0,0
209918849,0,1,1,0,1,1,1,1,1,1,1,0,0,1,0,1,0,0,0,1,0,0,1,0,1,0,0
210929740,0,1,1,0,1,1,1,1,1,1,1,0,0,1,0,1,0,0,0,1,0,0,1,0,1,0,0
211937454,0,1,1,0,1,1,1,1,1,1,1,0,0,1,0,1,0,0,0,1,0,0,1,0,1,0,0
212945950,0,1,1,0,1,1,1,1,1,1,1,0,0,1,0,1,0,0,0,1,0,0,1,0,1,0,0
213950216,0,1,1,0,1,1,1,1,1,1,1,0,0,1,0,1,0,0,0,1,0,0,1,0,1,0,0
214951728,0,1,1,0,1,1,1,1,1,1,1,0,0,1,0,1,0,0,0,1,0,0,1,0,1,0,0
215959616,0,1,1,0,1,1,1,1,1,1,1,0,0,1,0,1,0,0,0,1,0,0,1,0,1,0,0
216969934,0,1,1,0,1,1,1,1,1,1,1,0,0,1,0,1,0,0,0,1,0,0,1,0,1,0,0
217970644,0,1,1,0,1,1,1,1,1,1,1,0,0,1,0,1,0,0,0,1,0,0,1,0,1,0,0
218979070,0,1,1,0,1,1,1,1,1,1,1,0,0,1,0,1,0,0,0,1,0,0,1,0,1,0,0
219991933,0,1,1,0,1,1,1,1,1,1,1,0,0,1,0,1,0,0,0,1,0,0,1,0,1,0,0
220993222,0,1,1,0,1,1,1,1,1,1,1,0,0,1,0,1,0,0,0,1,0,0,1,0,1,0,0
221997386,0,1,1,0,1,1,1,1,1,1,1,0,0,1,0,1,0,0,0,1,0,0,1,0,1,0,0
223004426,0,1,1,0,1,1,1,1,1,1,1,0,0,1,0,1,0,0,0,1,0,0,1,0,1,0,0
224008684,0,1,1,0,1,1,1,1,1,1,1,0,0,1,0,1,0,0,0,1,0,0,1,0,1,0,0
225017341,0,1,1,0,1,1,1,1,1,1,1,0,0,1,0,1,0,0,0,1,0,0,1,0,1,0,0
226026101,0,1,1,0,1,1,1,1,1,1,1,0,0,1,0,1,0,0,0,1,0,0,1,0,1,0,0
227029338,0,1,1,0,1,1,1,1,1,1,1,0,0,1,0,1,0,0,0,1,0,0,1,0,1,0,0
228040309,0,1,1,0,1,1,1,1,1,1,1,0,0,1,0,1,0,0,0,1,0,0,1,0,1,0,0
229047183,0,1,1,0,1,1,1,1,1,1,1,0,0,1,0,1,0,0,0,1,0,0,1,0,1,0,0
230054247,0,1,1,0,1,1,1,1,1,1,1,0,0,1,0,1,0,0,0,1,0,0,1,0,1,0,0
231059568,0,1,1,0,1,1,1,1,1,1,1,0,0,1,0,1,0,0,0,1,0,0,1,0,1,0,0
232063461,0,1,1,0,1,1,1,1,1,1,1,0,0,1,0,1,0,0,0,1,0,0,1,0,1,0,0
233073925,0,1,1,0,1,1,1,1,1,1,1,0,0,1,0,1,0,0,0,1,0,0,1,0,1,0,0
234076517,0,1,1,0,1,1,1,1,1,1,1,0,0,1,0,1,0,0,0,1,0,0,1,0,1,0,0
235083457,0,1,1,0,1,1,1,1,1,1,1,0,0,1,0,1,0,0,0,1,0,0,1,0,1,0,0
236085595,0,1,1,0,1,1,1,1,1,1,1,0,0,1,0,1,0,0,0,1,0,0,1,0,1,0,0
237089221,0,1,1,0,1,1,1,1,1,1,1,0,0,1,0,1,0,0,0,1,0,0,1,0,1,0,0
238099592,0,1,1,0,1,1,1,1,1,1,1,0,0,1,0,1,0,0,0,1,0,0,1,0,1,0,0
239109606,0,1,1,0,1,1,1,1,1,1,1,0,0,1,0,1,0,0,0,1,0,0,1,0,1,0,0
240116664,0,1,1,0,1,1,1,1,1,1,1,0,0,1,0,1,0,0,0,1,0,0,1,0,1,0,0
241121402,0,1,1,0,1,1,1,1,1,1,1,0,0,1,0,1,0,0,0,1,0,0,1,0,1,0,0
242131458,0,1,1,0,1,1,1,1,1,1,1,0,0,1,0,1,0,0,0,1,0,0,1,0,1,0,0
243133582,0,1,1,0,1,1,1,1,1,1,1,0,0,1,0,1,0,0,0,1,0,0,1,0,1,0,0
244143566,0,1,1,0,1,1,1,1,1,1,1,0,0,1,0,1,0,0,0,1,0,0,1,0,1,0,0
245146401,0,1,1,0,1,1,1,1,1,1,1,0,0,1,0,1,0,0,0,1,0,0,1,0,1,0,0
246157029,0,1,1,0,1,1,1,1,1,1,1,0,0,1,0,1,0,0,0,1,0,0,1,0,1,0,0
247164388,0,1,1,0,1,1,1,1,1,1,1,0,0,1,0,1,0,0,0,1,0,0,1,0,1,0,0
248171892,0,1,1,0,1,1,1,1,1,1,1,0,0,1,0,1,0,0,0,1,0,0,1,0,1,0,0
249177755,0,1,1,0,1,1,1,1,1,1,1,0,0,1,0,1,0,0,0,1,0,0,1,0,1,0,0
250183563,0,1,1,0,1,1,1,1,1,1,1,0,0,1,0,1,0,0,0,1,0,0,1,0,1,0,0
251191628,0,1,1,0,1,1,1,1,1,1,1,0,0,1,0,1,0,0,0,1,0,0,1,0,1,0,0
252193136,0,1,1,0,1,1,1,1,1,1,1,0,0,1,0,1,0,0,0,1,0,0,1,0,1,0,0
253195443,0,1,1,0,1,1,1,1,1,1,1,0,0,1,0,1,0,0,0,1,0,0,1,0,1,0,0
254201346,0,1,1,0,1,1,1,1,1,1,1,0,0,1,0,1,0,0,0,1,0,0,1,0,1,0,0
255208511,0,1,1,0,1,1,1,1,1,1,1,0,0,1,0,1,0,0,0,1,0,0,1,0,1,0,0
256216394,0,1,1,0,1,1,1,1,1,1,1,0,0,1,0,1,0,0,0,1,0,0,1,0,1,0,0
257217782,0,1,1,0,1,1,1,1,1,1,1,0,0,1,0,1,0,0,0,1,0,0,1,0,1,0,0
258224150,0,1,1,0,1,1,1,1,1,1,1,0,0,1,0,1,0,0,0,1,0,0,1,0,1,0,0
259229452,0,1,1,0,1,1,1,1,1,1,1,0,0,1,0,1,0,0,0,1,0,0,1,0,1,0,0
260234725,0,1,1,0,1,1,1,1,1,1,1,0,0,1,0,1,0,0,0,1,0,0,1,0,1,0,0
261235489,0,1,1,0,1,1,1,1,1,1,1,0,0,1,0,1,0,0,0,1,0,0,1,0,1,0,0
262244384,0,1,1,0,1,1,1,1,1,1,1,0,0,1,0,1,0,0,0,1,0,0,1,0,1,0,0
263253657,0,1,1,0,1,1,1,1,1,1,1,0,0,1,0,1,0,0,0,1,0,0,1,0,1,0,0
264256172,0,1,1,0,1,1,1,1,1,1,1,0,0,1,0,1,0,0,0,1,0,0,1,0,1,0,0
265263097,0,1,1,0,1,1,1,1,1,1,1,0,0,1,0,1,0,0,0,1,0,0,1,0,1,0,0
266273233,0,1,1,0,1,1,1,1,1,1,1,0,0,1,0,1,0,0,0,1,0,0,1,0,1,0,0
267283646,0,1,1,0,1,1,1,1,1,1,1,0,0,1,0,1,0,0,0,1,0,0,1,0,1,0,0
268286985,0,1,1,0,1,1,1,1,1,1,1,0,0,1,0,1,0,0,0,1,0,0,1,0,1,0,0
269292715,0,1,1,0,1,1,1,1,1,1,1,0,0,1,0,1,0,0,0,1,0,0,1,0,1,0,0
270301378,0,1,1,0,1,1,1,1,1,1,1,0,0,1,0,1,0,0,0,1,0,0,1,0,1,0,0
271309495,0,1,1,0,1,1,1,1,1,1,1,0,0,1,0,1,0,0,0,1,0,0,1,0,1,0,0
272313388,0,1,1,0,1,1,1,1,1,1,1,0,0,1,0,1,0,0,0,1,0,0,1,0,1,0,0
273315458,0,1,1,0,1,1,1,1,1,1,1,0,0,1,0,1,0,0,0,1,0,0,1,0,1,0,0
274326666,0,1,1,0,1,1,1,1,1,1,1,0,0,1,0,1,0,0,0,1,0,0,1,0,1,0,0
275332714,0,1,1,0,1,1,1,1,1,1,1,0,0,1,0,1,0,0,0,1,0,0,1,0,1,0,0
276342967,0,1,1,0,1,1,1,1,1,1,1,0,0,1,0,1,0,0,0,1,0,0,1,0,1,0,0
277345454,0,1,1,0,1,1,1,1,1,1,1,0,0,1,0,1,0,0,0,1,0,0,1,0,1,0,0
278350437,0,1,1,0,1,1,1,1,1,1,1,0,0,1,0,1,0,0,0,1,0,0,1,0,1,0,0
279355149,0,1,1,0,1,1,1,1,1,1,1,0,0,1,0,1,0,0,0,1,0,0,1,0,1,0,0
280356310,0,1,1,0,1,1,1,1,1,1,1,0,0,1,0,1,0,0,0,1,0,0,1,0,1,0,0
281361396,0,1,1,0,1,1,1,1,1,1,1,0,0,1,0,1,0,0,0,1,0,0,1,0,1,0,0
282369157,0,1,1,0,1,1,1,1,1,1,1,0,0,1,0,1,0,0,0,1,0,0,1,0,1,0,0
283373446,0,1,1,0,1,1,1,1,1,1,1,0,0,1,0,1,0,0,0,1,0,0,1,0,1,0,0
283965505,0,1,1,0,1,1,1,1,1,1,1,0,0,1,0,1,0,0,0,1,0,0,1,0,1,0,0
284966427,0,1,1,0,1,1,1,1,1,1,1,0,0,1,0,1,0,0,0,1,0,0,1,0,1,0,0
285975076,0,1,1,0,1,1,1,1,1,1,1,0,0,1,0,1,0,0,0,1,0,0,1,0,1,0,0
286985325,0,1,1,0,1,1,1,1,1,1,1,0,0,1,0,1,0,0,0,1,0,0,1,0,1,0,0
287989397,0,1,1,0,1,1,1,1,1,1,1,0,0,1,0,1,0,0,0,1,0,0,1,0,1,0,0
288124940,0,1,1,0,1,1,1,1,1,1,1,0,0,1,0,1,0,0,0,1,0,0,1,0,1,0,0
289131483,0,1,1,0,1,1,1,1,1,1,1,0,0,1,0,1,0,0,0,1,0,0,1,0,1,0,0
289156029,0,1,1,0,1,1,1,1,1,1,1,0,0,1,0,1,0,0,0,1,0,0,1,0,1,0,0
290165420,0,1,1,0,1,1,1,1,1,1,1,0,0,1,0,1,0,0,0,1,0,0,1,0,1,0,0
291168022,0,1,1,0,1,1,1,1,1,1,1,0,0,1,0,1,0,0,0,1,0,0,1,0,1,0,0
292169635,0,1,1,0,1,1,1,1,1,1,1,0,0,1,0,1,0,0,0,1,0,0,1,0,1,0,0
293170419,0,1,1,0,1,1,1,1,1,1,1,0,0,1,0,1,0,0,0,1,0,0,1,0,1,0,0
294175469,0,1,1,0,1,1,1,1,1,1,1,0,0,1,0,1,0,0,0,1,0,0,1,0,1,0,0
294785303,0,1,1,0,1,1,1,1,1,1,1,0,0,1,0,1,0,0,0,1,0,0,1,0,1,0,0
294832978,0,1,1,0,1,1,1,1,1,1,1,0,0,1,0,1,0,0,0,1,0,0,1,0,1,0,0
294876731,0,1,1,0,1,1,1,1,1,1,1,0,0,1,0,1,0,0,0,1,0,0,1,0,1,0,0
295674219,0,1,1,0,1,1,1,1,1,1,1,0,0,1,0,1,0,0,0,1,0,0,1,0,1,0,0
296680948,0,1,1,0,1,1,1,1,1,1,1,0,0,1,0,1,0,0,0,1,0,0,1,0,1,0,0
297691514,0,1,1,0,1,1,1,1,1,1,1,0,0,1,0,1,0,0,0,1,0,0,1,0,1,0,0
298693522,0,1,1,0,1,1,1,1,1,1,1,0,0,1,0,1,0,0,0,1,0,0,1,0,1,0,0
299696350,0,1,1,0,1,1,1,1,1,1,1,0,0,1,0,1,0,0,0,1,0,0,1,0,1,0,0
300701574,0,1,1,0,1,1,1,1,1,1,1,0,0,1,0,1,0,0,0,1,0,0,1,0,1,0,0
301707537,0,1,1,0,1,1,1,1,1,1,1,0,0,1,0,1,0,0,0,1,0,0,1,0,1,0,0
301741461,0,1,1,0,1,1,1,1,1,1,1,0,0,1,0,1,0,0,0,1,0,0,1,0,1,0,0
301802345,0,1,1,0,1,1,1,1,1,1,1,0,0,1,0,1,0,0,0,1,0,0,1,0,1,0,0
302802392,0,1,1,0,1,1,1,1,1,1,1,0,0,1,0,1,0,0,0,1,0,0,1,0,1,0,0
303812390,0,1,1,0,1,1,1,1,1,1,1,0,0,1,0,1,0,0,0,1,0,0,1,0,1,0,0
304820571,0,1,1,0,1,1,1,1,1,1,1,0,0,1,0,1,0,0,0,1,0,0,1,0,1,0,0
305823430,0,1,1,0,1,0,1,0,0,1,1,0,0,1,0,1,0,0,0,1,0,0,1,0,1,0,0
306830307,0,1,1,0,1,0,1,0,0,1,1,0,0,1,0,1,0,0,0,1,0,0,1,0,1,0,0
307835574,0,1,1,0,1,0,1,0,0,1,1,0,0,1,0,1,0,0,0,1,0,0,1,0,1,0,0
308846444,0,1,1,0,1,0,1,0,0,1,1,0,0,1,0,1,0,0,0,1,0,0,1,0,1,0,0
309856610,0,1,1,0,1,0,1,0,0,1,1,0,0,1,0,1,0,0,0,1,0,0,1,0,1,0,0
310857380,0,1,1,0,1,0,1,0,0,1,1,0,0,1,0,1,0,0,0,1,0,0,1,0,1,0,0
311247678,0,1,1,0,1,0,1,0,0,1,1,0,0,1,0,1,0,0,0,1,0,0,1,0,1,0,0
311258350,0,1,1,0,1,1,1,1,1,1,1,0,0,1,0,1,0,0,0,1,0,0,1,0,1,0,0
312265967,0,1,1,0,1,1,1,1,1,1,1,0,0,1,0,1,0,0,0,1,0,0,1,0,1,0,0
313276944,0,1,1,0,1,1,1,1,1,1,1,0,0,1,0,1,0,0,0,1,0,0,1,0,1,0,0
314280934,0,1,1,0,1,1,1,1,1,1,1,0,0,1,0,1,0,0,0,1,0,0,1,0,1,0,0
315290936,0,1,1,0,1,1,1,1,1,1,1,0,0,1,0,1,0,0,0,1,0,0,1,0,1,0,0
315324318,0,1,1,0,1,1,1,0,0,1,1,0,0,1,0,1,0,0,0,1,0,0,1,0,1,0,0
316325828,0,1,1,0,1,1,1,0,0,1,1,0,0,1,0,1,0,0,0,1,0,0,1,0,1,0,0
316511970,0,1,1,0,1,1,1,1,1,1,1,0,0,1,0,1,0,0,0,1,0,0,1,0,1,0,0
316580368,0,1,1,0,1,1,1,0,0,1,1,0,0,1,0,1,0,0,0,1,0,0,1,0,1,0,0
318582854,0,1,1,0,1,0,1,0,0,1,1,0,0,1,0,1,0,0,0,1,0,0,1,0,1,0,0
319593192,0,1,1,0,1,0,1,0,0,1,1,0,0,1,0,1,0,0,0,1,0,0,1,0,1,0,0
320603706,0,1,1,0,1,0,1,0,0,1,1,0,0,1,0,1,0,0,0,1,0,0,1,0,1,0,0
321611383,0,1,1,0,1,0,1,0,0,1,1,0,0,1,0,1,0,0,0,1,0,0,1,0,1,0,0
322617437,0,1,1,0,1,0,1,0,0,1,1,0,0,1,0,1,0,0,0,1,0,0,1,0,1,0,0
323628531,0,1,1,0,1,0,1,0,0,1,1,0,0,1,0,1,0,0,0,1,0,0,1,0,1,0,0
324637777,0,1,1,0,1,0,1,0,0,1,1,0,0,1,0,1,0,0,0,1,0,0,1,0,1,0,0
325642282,0,1,1,0,1,0,1,0,0,1,1,0,0,1,0,1,0,0,0,1,0,0,1,0,1,0,0
326397755,0,1,1,0,1,1,1,1,1,1,1,0,0,1,0,1,0,0,0,1,0,0,1,0,1,0,0
327406329,0,1,1,0,1,1,1,1,1,1,1,0,0,1,0,1,0,0,0,1,0,0,1,0,1,0,0
328413322,0,1,1,0,1,1,1,1,1,1,1,0,0,1,0,1,0,0,0,1,0,0,1,0,1,0,0
329422613,0,1,1,0,1,1,1,1,1,1,1,0,0,1,0,1,0,0,0,1,0,0,1,0,1,0,0
330424367,0,1,1,0,1,1,1,1,1,1,1,0,0,1,0,1,0,0,0,1,0,0,1,0,1,0,0
331424389,0,1,1,0,1,1,1,1,1,1,1,0,0,1,0,1,0,0,0,1,0,0,1,0,1,0,0
332425458,0,1,1,0,1,1,1,1,1,1,1,0,0,1,0,1,0,0,0,1,0,0,1,0,1,0,0
333430724,0,1,1,0,1,1,1,1,1,1,1,0,0,1,0,1,0,0,0,1,0,0,1,0,1,0,0
334431243,0,1,1,0,1,1,1,1,1,1,1,0,0,1,0,1,0,0,0,1,0,0,1,0,1,0,0
335440551,0,1,1,0,1,1,1,1,1,1,1,0,0,1,0,1,0,0,0,1,0,0,1,0,1,0,0
336441506,0,1,1,0,1,1,1,1,1,1,1,0,0,1,0,1,0,0,0,1,0,0,1,0,1,0,0
337448345,0,1,1,0,1,1,1,1,1,1,1,0,0,1,0,1,0,0,0,1,0,0,1,0,1,0,0
338451565,0,1,1,0,1,1,1,1,1,1,1,0,0,1,0,1,0,0,0,1,0,0,1,0,1,0,0
339460707,0,1,1,0,1,1,1,1,1,1,1,0,0,1,0,1,0,0,0,1,0,0,1,0,1,0,0
340469246,0,1,1,0,1,1,1,1,1,1,1,0,0,1,0,1,0,0,0,1,0,0,1,0,1,0,0
341469918,0,1,1,0,1,1,1,1,1,1,1,0,0,1,0,1,0,0,0,1,0,0,1,0,1,0,0
342476392,0,1,1,0,1,1,1,1,1,1,1,0,0,1,0,1,0,0,0,1,0,0,1,0,1,0,0
343486637,0,1,1,0,1,1,1,1,1,1,1,0,0,1,0,1,0,0,0,1,0,0,1,0,1,0,0
344497902,0,1,1,0,1,1,1,1,1,1,1,0,0,1,0,1,0,0,0,1,0,0,1,0,1,0,0
345508715,0,1,1,0,1,1,1,1,1,1,1,0,0,1,0,1,0,0,0,1,0,0,1,0,1,0,0
346510568,0,1,1,0,1,1,1,1,1,1,1,0,0,1,0,1,0,0,0,1,0,0,1,0,1,0,0
347516293,0,1,1,0,1,1,1,1,1,1,1,0,0,1,0,1,0,0,0,1,0,0,1,0,1,0,0
348526291,0,1,1,0,1,1,1,1,1,1,1,0,0,1,0,1,0,0,0,1,0,0,1,0,1,0,0
349531197,0,1,1,0,1,1,1,1,1,1,1,0,0,1,0,1,0,0,0,1,0,0,1,0,1,0,0
350539391,0,1,1,0,1,1,1,1,1,1,1,0,0,1,0,1,0,0,0,1,0,0,1,0,1,0,0
351546397,0,1,1,0,1,1,1,1,1,1,1,0,0,1,0,1,0,0,0,1,0,0,1,0,1,0,0
352547515,0,1,1,0,1,1,1,1,1,1,1,0,0,1,0,1,0,0,0,1,0,0,1,0,1,0,0
353558768,0,1,1,0,1,1,1,1,1,1,1,0,0,1,0,1,0,0,0,1,0,0,1,0,1,0,0
354559240,0,1,1,0,1,1,1,1,1,1,1,0,0,1,0,1,0,0,0,1,0,0,1,0,1,0,0
355568267,0,1,1,0,1,1,1,1,1,1,1,0,0,1,0,1,0,0,0,1,0,0,1,0,1,0,0
356574199,0,1,1,0,1,1,1,1,1,1,1,0,0,1,0,1,0,0,0,1,0,0,1,0,1,0,0
357577198,0,1,1,0,1,1,1,1,1,1,1,0,0,1,0,1,0,0,0,1,0,0,1,0,1,0,0
358577870,0,1,1,0,1,1,1,1,1,1,1,0,0,1,0,1,0,0,0,1,0,0,1,0,1,0,0
359579485,0,1,1,0,1,1,1,1,1,1,1,0,0,1,0,1,0,0,0,1,0,0,1,0,1,0,0
359715244,0,1,1,0,1,1,1,1,1,1,1,0,0,1,0,1,0,0,0,1,0,0,1,0,1,0,0
360715452,0,1,1,0,1,1,1,1,1,1,1,0,0,1,0,1,0,0,0,1,0,0,1,0,1,0,0
361725542,0,1,1,0,1,1,1,1,1,1,1,0,0,1,0,1,0,0,0,1,0,0,1,0,1,0,0
362727908,0,1,1,0,1,1,1,1,1,1,1,0,0,1,0,1,0,0,0,1,0,0,1,0,1,0,0
363729316,0,1,1,0,1,1,1,1,1,1,1,0,0,1,0,1,0,0,0,1,0,0,1,0,1,0,0
364732540,0,1,1,0,1,1,1,1,1,1,1,0,0,1,0,1,0,0,0,1,0,0,1,0,1,0,0
365735419,0,1,1,0,1,1,1,1,1,1,1,0,0,1,0,1,0,0,0,1,0,0,1,0,1,0,0
366737194,0,1,1,0,1,1,1,1,1,1,1,0,0,1,0,1,0,0,0,1,0,0,1,0,1,0,0
367491695,0,1,1,0,1,1,1,1,1,1,1,0,0,1,0,1,0,0,0,1,0,0,1,0,1,0,0
368497985,0,1,1,0,1,1,1,1,1,1,1,0,0,1,0,1,0,0,0,1,0,0,1,0,1,0,0
368557429,0,1,1,0,1,1,1,1,1,1,1,0,0,1,0,1,0,0,0,1,0,0,1,0,1,0,0
369563854,0,1,1,0,1,1,1,1,1,1,1,0,0,1,0,1,0,0,0,1,0,0,1,0,1,0,0
370565419,0,1,1,0,1,1,1,1,1,1,1,0,0,1,0,1,0,0,0,1,0,0,1,0,1,0,0
371566255,0,1,1,0,1,1,1,1,1,1,1,0,0,1,0,1,0,0,0,1,0,0,1,0,1,0,0
372569930,0,1,1,0,1,1,1,1,1,1,1,0,0,1,0,1,0,0,0,1,0,0,1,0,1,0,0
373571204,0,1,1,0,1,1,1,1,1,1,1,0,0,1,0,1,0,0,0,1,0,0,1,0,1,0,0
374580277,0,1,1,0,1,1,1,1,1,1,1,0,0,1,0,1,0,0,0,1,0,0,1,0,1,0,0
375584596,0,1,1,0,1,1,1,1,1,1,1,0,0,1,0,1,0,0,0,1,0,0,1,0,1,0,0
376592168,0,1,1,0,1,1,1,1,1,1,1,0,0,1,0,1,0,0,0,1,0,0,1,0,1,0,0
377598613,0,1,1,0,1,1,1,1,1,1,1,0,0,1,0,1,0,0,0,1,0,0,1,0,1,0,0
378601227,0,1,1,0,1,1,1,1,1,1,1,0,0,1,0,1,0,0,0,1,0,0,1,0,1,0,0
379610176,0,1,1,0,1,1,1,1,1,1,1,0,0,1,0,1,0,0,0,1,0,0,1,0,1,0,0
380613501,0,1,1,0,1,1,1,1,1,1,1,0,0,1,0,1,0,0,0,1,0,0,1,0,1,0,0
381623727,0,1,1,0,1,1,1,1,1,1,1,0,0,1,0,1,0,0,0,1,0,0,1,0,1,0,0
382633308,0,1,1,0,1,1,1,1,1,1,1,0,0,1,0,1,0,0,0,1,0,0,1,0,1,0,0
383635508,0,1,1,0,1,1,1,1,1,1,1,0,0,1,0,1,0,0,0,1,0,0,1,0,1,0,0
384637934,0,1,1,0,1,1,1,1,1,1,1,0,0,1,0,1,0,0,0,1,0,0,1,0,1,0,0
385644485,0,1,1,0,1,1,1,1,1,1,1,0,0,1,0,1,0,0,0,1,0,0,1,0,1,0,0
386655394,0,1,1,0,1,1,1,1,1,1,1,0,0,1,0,1,0,0,0,1,0,0,1,0,1,0,0
387666248,0,1,1,0,1,1,1,1,1,1,1,0,0,1,0,1,0,0,0,1,0,0,1,0,1,0,0
388668431,0,1,1,0,1,1,1,1,1,1,1,0,0,1,0,1,0,0,0,1,0,0,1,0,1,0,0
389671234,0,1,1,0,1,1,1,1,1,1,1,0,0,1,0,1,0,0,0,1,0,0,1,0,1,0,0
390675384,0,1,1,0,1,1,1,1,1,1,1,0,0,1,0,1,0,0,0,1,0,0,1,0,1,0,0
391681326,0,1,1,0,1,1,1,1,1,1,1,0,0,1,0,1,0,0,0,1,0,0,1,0,1,0,0
392686250,0,1,1,0,1,1,1,1,1,1,1,0,0,1,0,1,0,0,0,1,0,0,1,0,1,0,0
393693919,0,1,1,0,1,1,1,1,1,1,1,0,0,1,0,1,0,0,0,1,0,0,1,0,1,0,0
394704480,0,1,1,0,1,1,1,1,1,1,1,0,0,1,0,1,0,0,0,1,0,0,1,0,1,0,0
395706828,0,1,1,0,1,1,1,1,1,1,1,0,0,1,0,1,0,0,0,1,0,0,1,0,1,0,0
396710226,0,1,1,0,1,1,1,1,1,1,1,0,0,1,0,1,0,0,0,1,0,0,1,0,1,0,0
397718196,0,1,1,0,1,1,1,1,1,1,1,0,0,1,0,1,0,0,0,1,0,0,1,0,1,0,0
398726202,0,1,1,0,1,1,1,1,1,1,1,0,0,1,0,1,0,0,0,1,0,0,1,0,1,0,0
399732025,0,1,1,0,1,1,1,1,1,1,1,0,0,1,0,1,0,0,0,1,0,0,1,0,1,0,0
400738620,0,1,1,0,1,1,1,1,1,1,1,0,0,1,0,1,0,0,0,1,0,0,1,0,1,0,0
401741527,0,1,1,0,1,1,1,1,1,1,1,0,0,1,0,1,0,0,0,1,0,0,1,0,1,0,0
402747140,0,1,1,0,1,1,1,1,1,1,1,0,0,1,0,1,0,0,0,1,0,0,1,0,1,0,0
403758414,0,1,1,0,1,1,1,1,1,1,1,0,0,1,0,1,0,0,0,1,0,0,1,0,1,0,0
404761415,0,1,1,0,1,1,1,1,1,1,1,0,0,1,0,1,0,0,0,1,0,0,1,0,1,0,0
405762885,0,1,1,0,1,1,1,1,1,1,1,0,0,1,0,1,0,0,0,1,0,0,1,0,1,0,0
406772369,0,1,1,0,1,1,1,1,1,1,1,0,0,1,0,1,0,0,0,1,0,0,1,0,1,0,0
407778857,0,1,1,0,1,1,1,1,1,1,1,0,0,1,0,1,0,0,0,1,0,0,1,0,1,0,0
407811498,0,1,1,0,1,1,1,1,1,1,1,0,0,1,0,1,0,0,0,1,0,0,1,0,1,0,0
409824598,0,1,1,0,1,1,1,1,1,1,1,0,0,1,0,1,0,0,0,1,0,0,1,0,1,0,0
410835416,0,1,1,0,1,1,1,1,1,1,1,0,0,1,0,1,0,0,0,1,0,0,1,0,1,0,0
411837276,0,1,1,0,1,1,1,1,1,1,1,0,0,1,0,1,0,0,0,1,0,0,1,0,1,0,0
412840435,0,1,1,0,1,1,1,1,1,1,1,0,0,1,0,1,0,0,0,1,0,0,1,0,1,0,0
413846612,0,1,1,0,1,1,1,1,1,1,1,0,0,1,0,1,0,0,0,1,0,0,1,0,1,0,0
414851938,0,1,1,0,1,1,1,1,1,1,1,0,0,1,0,1,0,0,0,1,0,0,1,0,1,0,0
415855196,0,1,1,0,1,1,1,1,1,1,1,0,0,1,0,1,0,0,0,1,0,0,1,0,1,0,0
416861974,0,1,1,0,1,1,1,1,1,1,1,0,0,1,0,1,0,0,0,1,0,0,1,0,1,0,0
417868238,0,1,1,0,1,1,1,1,1,1,1,0,0,1,0,1,0,0,0,1,0,0,1,0,1,0,0
418878002,0,1,1,0,1,1,1,1,1,1,1,0,0,1,0,1,0,0,0,1,0,0,1,0,1,0,0
419880498,0,1,1,0,1,1,1,1,1,1,1,0,0,1,0,1,0,0,0,1,0,0,1,0,1,0,0
420890900,0,1,1,0,1,1,1,1,1,1,1,0,0,1,0,1,0,0,0,1,0,0,1,0,1,0,0
421893250,0,1,1,0,1,1,1,1,1,1,1,0,0,1,0,1,0,0,0,1,0,0,1,0,1,0,0
422900161,0,1,1,0,1,1,1,1,1,1,1,0,0,1,0,1,0,0,0,1,0,0,1,0,1,0,0
423910088,0,1,1,0,1,1,1,1,1,1,1,0,0,1,0,1,0,0,0,1,0,0,1,0,1,0,0
424920260,0,1,1,0,1,1,1,1,1,1,1,0,0,1,0,1,0,0,0,1,0,0,1,0,1,0,0
425927134,0,1,1,0,1,1,1,1,1,1,1,0,0,1,0,1,0,0,0,1,0,0,1,0,1,0,0
426248575,0,1,1,0,1,1,1,1,1,1,1,0,0,1,0,1,0,0,0,1,0,0,1,0,1,0,0
426328592,0,1,1,0,1,1,1,1,1,1,1,0,0,1,0,1,0,0,0,1,0,0,1,0,1,0,0
428346235,0,1,1,0,1,1,1,1,1,1,1,0,0,1,0,1,0,0,0,1,0,0,1,0,1,0,0
429346973,0,1,1,0,1,1,1,1,1,1,1,0,0,1,0,1,0,0,0,1,0,0,1,0,1,0,0
430349196,0,1,1,0,1,1,1,1,1,1,1,0,0,1,0,1,0,0,0,1,0,0,1,0,1,0,0
431356229,0,1,1,0,1,1,1,1,1,1,1,0,0,1,0,1,0,0,0,1,0,0,1,0,1,0,0
432365279,0,1,1,0,1,1,1,1,1,1,1,0,0,1,0,1,0,0,0,1,0,0,1,0,1,0,0
432853495,0,1,1,0,1,1,1,1,1,1,1,0,0,1,0,1,0,0,0,1,0,0,1,0,1,0,0
433559201,0,1,1,0,1,1,1,1,1,1,1,0,0,1,0,1,0,0,0,1,0,0,1,0,1,0,0
434560426,0,1,1,0,1,1,1,1,1,1,1,0,0,1,0,1,0,0,0,1,0,0,1,0,1,0,0
435561073,0,1,1,0,1,1,1,1,1,1,1,0,0,1,0,1,0,0,0,1,0,0,1,0,1,0,0
436563620,0,1,1,0,1,1,1,1,1,1,1,0,0,1,0,1,0,0,0,1,0,0,1,0,1,0,0
437564256,0,1,1,0,1,1,1,1,1,1,1,0,0,1,0,1,0,0,0,1,0,0,1,0,1,0,0
438574249,0,1,1,0,1,1,1,1,1,1,1,0,0,1,0,1,0,0,0,1,0,0,1,0,1,0,0
439576566,0,1,1,0,1,1,1,1,1,1,1,0,0,1,0,1,0,0,0,1,0,0,1,0,1,0,0
440586352,0,1,1,0,1,1,1,1,1,1,1,0,0,1,0,1,0,0,0,1,0,0,1,0,1,0,0
441590445,0,1,1,0,1,1,1,1,1,1,1,0,0,1,0,1,0,0,0,1,0,0,1,0,1,0,0
441909808,0,1,1,0,1,0,1,0,0,1,1,0,0,1,0,1,0,0,0,1,0,0,1,0,1,0,0
442915912,0,1,1,0,1,0,1,0,0,1,1,0,0,1,0,1,0,0,0,1,0,0,1,0,1,0,0
443926145,0,1,1,0,1,0,1,0,0,1,1,0,0,1,0,1,0,0,0,1,0,0,1,0,1,0,0
444933238,0,1,1,0,1,0,1,0,0,1,1,0,0,1,0,1,0,0,0,1,0,0,1,0,1,0,0
445938404,0,1,1,0,1,0,1,0,0,1,1,0,0,1,0,1,0,0,0,1,0,0,1,0,1,0,0
446944692,0,1,1,0,1,0,1,0,0,1,1,0,0,1,0,1,0,0,0,1,0,0,1,0,1,0,0
447947600,0,1,1,0,1,0,1,0,0,1,1,0,0,1,0,1,0,0,0,1,0,0,1,0,1,0,0
448950282,0,1,1,0,1,0,1,0,0,1,1,0,0,1,0,1,0,0,0,1,0,0,1,0,1,0,0
449960228,0,1,1,0,1,0,1,0,0,1,1,0,0,1,0,1,0,0,0,1,0,0,1,0,1,0,0
450967381,0,1,1,0,1,0,1,0,0,1,1,0,0,1,0,1,0,0,0,1,0,0,1,0,1,0,0
451969301,0,1,1,0,1,0,1,0,0,1,1,0,0,1,0,1,0,0,0,1,0,0,1,0,1,0,0
452971243,0,1,1,0,1,0,1,0,0,1,1,0,0,1,0,1,0,0,0,1,0,0,1,0,1,0,0
453973423,0,1,1,0,1,0,1,0,0,1,1,0,0,1,0,1,0,0,0,1,0,0,1,0,1,0,0
454984708,0,1,1,0,1,0,1,0,0,1,1,0,0,1,0,1,0,0,0,1,0,0,1,0,1,0,0
455994282,0,1,1,0,1,0,1,0,0,1,1,0,0,1,0,1,0,0,0,1,0,0,1,0,1,0,0
457005284,0,1,1,0,1,0,1,0,0,1,1,0,0,1,0,1,0,0,0,1,0,0,1,0,1,0,0
458010230,0,1,1,0,1,0,1,0,0,1,1,0,0,1,0,1,0,0,0,1,0,0,1,0,1,0,0
459022657,0,1,1,0,1,0,1,0,0,1,1,0,0,1,0,1,0,0,0,1,0,0,1,0,1,0,0
459798342,0,1,1,0,1,0,1,0,0,1,1,0,0,1,0,1,0,0,0,1,0,0,1,0,1,0,0
459809358,0,1,1,0,1,1,1,1,1,1,1,0,0,1,0,1,0,0,0,1,0,0,1,0,1,0,0
461822576,0,1,1,0,1,1,1,1,1,1,1,0,0,1,0,1,0,0,0,1,0,0,1,0,1,0,0
462823635,0,1,1,0,1,1,1,1,1,1,1,0,0,1,0,1,0,0,0,1,0,0,1,0,1,0,0
463825286,0,1,1,0,1,1,1,1,1,1,1,0,0,1,0,1,0,0,0,1,0,0,1,0,1,0,0
464826510,0,1,1,0,1,1,1,1,1,1,1,0,0,1,0,1,0,0,0,1,0,0,1,0,1,0,0
465366305,0,1,1,0,1,1,1,1,1,1,1,0,0,1,0,1,0,0,0,1,0,0,1,0,1,0,0
465401802,0,1,1,0,1,1,1,1,1,1,1,0,0,1,0,1,0,0,0,1,0,0,1,0,1,0,0
465600325,0,1,1,0,1,1,1,1,1,1,1,0,0,1,0,1,0,0,0,1,0,0,1,0,1,0,0
466607252,0,1,1,0,1,1,1,1,1,1,1,0,0,1,0,1,0,0,0,1,0,0,1,0,1,0,0
467608203,0,1,1,0,1,1,1,1,1,1,1,0,0,1,0,1,0,0,0,1,0,0,1,0,1,0,0
468610443,0,1,1,0,1,1,1,1,1,1,1,0,0,1,0,1,0,0,0,1,0,0,1,0,1,0,0
469620824,0,1,1,0,1,1,1,1,1,1,1,0,0,1,0,1,0,0,0,1,0,0,1,0,1,0,0
470624492,0,1,1,0,1,1,1,1,1,1,1,0,0,1,0,1,0,0,0,1,0,0,1,0,1,0,0
471630346,0,1,1,0,1,1,1,1,1,1,1,0,0,1,0,1,0,0,0,1,0,0,1,0,1,0,0
472011055,0,1,1,0,1,1,1,1,1,1,1,0,0,1,0,1,0,0,0,1,0,0,1,0,1,0,0
472046882,0,1,1,0,1,1,1,1,1,1,1,0,0,1,0,1,0,0,0,1,0,0,1,0,1,0,0
473047240,0,1,1,0,1,1,1,1,1,1,1,0,0,1,0,1,0,0,0,1,0,0,1,0,1,0,0
474055500,0,1,1,0,1,1,1,1,1,1,1,0,0,1,0,1,0,0,0,1,0,0,1,0,1,0,0
475066686,0,1,1,0,1,1,1,1,1,1,1,0,0,1,0,1,0,0,0,1,0,0,1,0,1,0,0
475761345,0,1,1,0,1,1,1,1,1,1,1,0,0,1,0,1,0,0,0,1,0,0,1,0,1,0,0
475772350,0,1,1,0,1,1,1,0,0,1,1,0,0,1,0,1,0,0,0,1,0,0,1,0,1,0,0
476763384,0,1,1,0,1,0,1,0,0,1,1,0,0,1,0,1,0,0,0,1,0,0,1,0,1,0,0
477766251,0,1,1,0,1,0,1,0,0,1,1,0,0,1,0,1,0,0,0,1,0,0,1,0,1,0,0
478769315,0,1,1,0,1,0,1,0,0,1,1,0,0,1,0,1,0,0,0,1,0,0,1,0,1,0,0
479781836,0,1,1,0,1,0,1,0,0,1,1,0,0,1,0,1,0,0,0,1,0,0,1,0,1,0,0
480791809,0,1,1,0,1,0,1,0,0,1,1,0,0,1,0,1,0,0,0,1,0,0,1,0,1,0,0
481795388,0,1,1,0,1,0,1,0,0,1,1,0,0,1,0,1,0,0,0,1,0,0,1,0,1,0,0
482806131,0,1,1,0,1,0,1,0,0,1,1,0,0,1,0,1,0,0,0,1,0,0,1,0,1,0,0
483807757,0,1,1,0,1,0,1,0,0,1,1,0,0,1,0,1,0,0,0,1,0,0,1,0,1,0,0
484818574,0,1,1,0,1,0,1,0,0,1,1,0,0,1,0,1,0,0,0,1,0,0,1,0,1,0,0
485825407,0,1,1,0,1,0,1,0,0,1,1,0,0,1,0,1,0,0,0,1,0,0,1,0,1,0,0
486827623,0,1,1,0,1,0,1,0,0,1,1,0,0,1,0,1,0,0,0,1,0,0,1,0,1,0,0
487829356,0,1,1,0,1,0,1,0,0,1,1,0,0,1,0,1,0,0,0,1,0,0,1,0,1,0,0
488836981,0,1,1,0,1,0,1,0,0,1,1,0,0,1,0,1,0,0,0,1,0,0,1,0,1,0,0
489839396,0,1,1,0,1,0,1,0,0,1,1,0,0,1,0,1,0,0,0,1,0,0,1,0,1,0,0
490849238,0,1,1,0,1,0,1,0,0,1,1,0,0,1,0,1,0,0,0,1,0,0,1,0,1,0,0
491857239,0,1,1,0,1,0,1,0,0,1,1,0,0,1,0,1,0,0,0,1,0,0,1,0,1,0,0
492858260,0,1,1,0,1,0,1,0,0,1,1,0,0,1,0,1,0,0,0,1,0,0,1,0,1,0,0
493860286,0,1,1,0,1,0,1,0,0,1,1,0,0,1,0,1,0,0,0,1,0,0,1,0,1,0,0
494864526,0,1,1,0,1,0,1,0,0,1,1,0,0,1,0,1,0,0,0,1,0,0,1,0,1,0,0
495871604,0,1,1,0,1,0,1,0,0,1,1,0,0,1,0,1,0,0,0,1,0,0,1,0,1,0,0
496876584,0,1,1,0,1,0,1,0,0,1,1,0,0,1,0,1,0,0,0,1,0,0,1,0,1,0,0
497885194,0,1,1,0,1,0,1,0,0,1,1,0,0,1,0,1,0,0,0,1,0,0,1,0,1,0,0
498893600,0,1,1,0,1,0,1,0,0,1,1,0,0,1,0,1,0,0,0,1,0,0,1,0,1,0,0
499904026,0,1,1,0,1,0,1,0,0,1,1,0,0,1,0,1,0,0,0,1,0,0,1,0,1,0,0
500906243,0,1,1,0,1,0,1,0,0,1,1,0,0,1,0,1,0,0,0,1,0,0,1,0,1,0,0
501909975,0,1,1,0,1,0,1,0,0,1,1,0,0,1,0,1,0,0,0,1,0,0,1,0,1,0,0
502911928,0,1,1,0,1,0,1,0,0,1,1,0,0,1,0,1,0,0,0,1,0,0,1,0,1,0,0
503922911,0,1,1,0,1,0,1,0,0,1,1,0,0,1,0,1,0,0,0,1,0,0,1,0,1,0,0
504931190,0,1,1,0,1,0,1,0,0,1,1,0,0,1,0,1,0,0,0,1,0,0,1,0,1,0,0
505935384,0,1,1,0,1,0,1,0,0,1,1,0,0,1,0,1,0,0,0,1,0,0,1,0,1,0,0
506701184,0,1,1,0,1,0,1,0,0,0,1,0,0,1,0,1,0,0,0,1,0,0,1,0,1,0,0
507705328,0,1,1,0,1,0,1,0,0,0,1,0,0,1,0,1,0,0,0,1,0,0,1,0,1,0,0
508706156,0,1,1,0,1,0,1,0,0,0,1,0,0,1,0,1,0,0,0,1,0,0,1,0,1,0,0
509714198,0,1,1,0,1,0,1,0,0,0,1,0,0,1,0,1,0,0,0,1,0,0,1,0,1,0,0
510133902,0,1,1,0,1,0,1,1,1,0,1,0,0,1,0,1,0,0,0,1,0,0,1,0,1,0,0
511144020,0,1,1,0,1,0,1,1,1,0,1,0,0,1,0,1,0,0,0,1,0,0,1,0,1,0,0
512147083,0,1,1,0,1,0,1,1,1,0,1,0,0,1,0,1,0,0,0,1,0,0,1,0,1,0,0
513154027,0,1,1,0,1,0,1,1,1,0,1,0,0,1,0,1,0,0,0,1,0,0,1,0,1,0,0
514155906,0,1,1,0,1,0,1,1,1,0,1,0,0,1,0,1,0,0,0,1,0,0,1,0,1,0,0
515166780,0,0,1,0,1,0,1,1,1,0,1,0,0,1,0,1,0,0,0,1,0,0,1,0,1,0,0
516177657,0,0,1,0,1,0,1,1,1,0,1,0,0,1,0,1,0,0,0,1,0,0,1,0,1,0,0
517186632,0,0,1,0,1,0,1,1,1,0,1,0,0,1,0,1,0,0,0,1,0,0,1,0,1,0,0
518197435,0,0,1,0,1,0,1,1,1,0,1,0,0,1,0,1,0,0,0,1,0,0,1,0,1,0,0
519206309,0,0,1,0,1,0,1,1,1,0,1,0,0,1,0,1,0,0,0,1,0,0,1,0,1,0,0
520216490,0,0,1,0,1,0,1,1,1,0,1,0,0,1,0,1,0,0,0,1,0,0,1,0,1,0,0
521221327,0,0,1,0,1,0,1,1,1,0,1,0,0,1,0,1,0,0,0,1,0,0,1,0,1,0,0
522225528,0,0,1,0,1,0,1,1,1,0,1,0,0,1,0,1,0,0,0,1,0,0,1,0,1,0,0
523227179,0,0,1,0,1,0,1,1,1,0,1,0,0,1,0,1,0,0,0,1,0,0,1,0,1,0,0
523587219,0,0,1,0,1,0,1,0,0,0,1,0,0,1,0,1,0,0,0,1,0,0,1,0,1,0,0
524597190,0,0,1,0,1,0,1,0,0,0,1,0,0,1,0,1,0,0,0,1,0,0,1,0,1,0,0
525602193,0,0,1,0,1,0,1,0,0,0,1,0,0,1,0,1,0,0,0,1,0,0,1,0,1,0,0
526606303,0,0,1,0,1,0,1,0,0,0,1,0,0,1,0,1,0,0,0,1,0,0,1,0,1,0,0
527612432,0,0,1,0,1,0,1,0,0,0,1,0,0,1,0,1,0,0,0,1,0,0,1,0,1,0,0
528615253,0,0,1,0,1,0,1,0,0,0,1,0,0,1,0,1,0,0,0,1,0,0,1,0,1,0,0
529617161,0,0,1,0,1,0,1,0,0,0,1,0,0,1,0,1,0,0,0,1,0,0,1,0,1,0,0
530621246,0,0,1,0,1,0,1,0,0,0,1,0,0,1,0,1,0,0,0,1,0,0,1,0,1,0,0
531629305,0,0,1,0,1,0,1,0,0,0,1,0,0,1,0,1,0,0,0,1,0,0,1,0,1,0,0
532633316,0,0,1,0,1,0,1,0,0,0,1,0,0,1,0,1,0,0,0,1,0,0,1,0,1,0,0
533640328,0,0,1,0,1,0,1,0,0,0,1,0,0,1,0,1,0,0,0,1,0,0,1,0,1,0,0
534646333,0,0,1,0,1,0,1,0,0,0,1,0,0,1,0,1,0,0,0,1,0,0,1,0,1,0,0
535657309,0,0,1,0,1,0,1,0,0,0,1,0,0,1,0,1,0,0,0,1,0,0,1,0,1,0,0
536667596,0,0,1,0,1,0,1,0,0,0,1,0,0,1,0,1,0,0,0,1,0,0,1,0,1,0,0
537673897,0,0,1,0,1,0,1,0,0,0,1,0,0,1,0,1,0,0,0,1,0,0,1,0,1,0,0
538683735,0,0,1,0,1,0,1,0,0,0,1,0,0,1,0,1,0,0,0,1,0,0,1,0,1,0,0
539684251,0,0,1,0,1,0,1,0,0,0,1,0,0,1,0,1,0,0,0,1,0,0,1,0,1,0,0
540693073,0,0,1,0,1,0,1,0,0,0,1,0,0,1,0,1,0,0,0,1,0,0,1,0,1,0,0
540901887,0,0,1,0,1,0,1,0,0,1,1,0,0,1,0,1,0,0,0,1,0,0,1,0,1,0,0
541912288,0,0,1,0,1,0,1,0,0,1,1,0,0,1,0,1,0,0,0,1,0,0,1,0,1,0,0
542921744,0,0,1,0,1,0,1,0,0,1,1,0,0,1,0,1,0,0,0,1,0,0,1,0,1,0,0
543924677,0,0,1,0,1,0,1,0,0,1,1,0,0,1,0,1,0,0,0,1,0,0,1,0,1,0,0
544936020,0,0,1,0,1,0,1,0,0,1,1,0,0,1,0,1,0,0,0,1,0,0,1,0,1,0,0
545937300,0,0,1,0,1,0,1,0,0,1,1,0,0,1,0,1,0,0,0,1,0,0,1,0,1,0,0
546948234,0,0,1,0,1,0,1,0,0,1,1,0,0,1,0,1,0,0,0,1,0,0,1,0,1,0,0
547955256,0,0,1,0,1,0,1,0,0,1,1,0,0,1,0,1,0,0,0,1,0,0,1,0,1,0,0
548295006,0,0,1,0,1,0,1,0,0,1,1,0,0,1,0,1,0,0,0,1,0,0,1,0,1,0,0
549297472,0,0,1,0,1,0,1,0,0,1,1,0,0,1,0,1,0,0,0,1,0,0,1,0,1,0,0
550308370,0,0,1,0,1,0,1,0,0,1,1,0,0,1,0,1,0,0,0,1,0,0,1,0,1,0,0
551319927,0,0,1,0,1,0,1,0,0,1,1,0,0,1,0,1,0,0,0,1,0,0,1,0,1,0,0
552325511,0,0,1,0,1,0,1,0,0,1,1,0,0,1,0,1,0,0,0,1,0,0,1,0,1,0,0
553335390,0,0,1,0,1,0,1,0,0,1,1,0,0,1,0,1,0,0,0,1,0,0,1,0,1,0,0
554343293,0,0,1,0,1,0,1,0,0,1,1,0,0,1,0,1,0,0,0,1,0,0,1,0,1,0,0
555344016,0,0,1,0,1,0,1,0,0,1,1,0,0,1,0,1,0,0,0,1,0,0,1,0,1,0,0
556351373,0,0,1,0,1,0,1,0,0,1,1,0,0,1,0,1,0,0,0,1,0,0,1,0,1,0,0
557361049,0,0,1,0,1,0,1,0,0,1,1,0,0,1,0,1,0,0,0,1,0,0,1,0,1,0,0
558371225,0,0,1,0,1,0,1,0,0,1,1,0,0,1,0,1,0,0,0,1,0,0,1,0,1,0,0
559381540,0,0,1,0,1,0,1,0,0,1,1,0,0,1,0,1,0,0,0,1,0,0,1,0,1,0,0
560386283,0,0,1,0,1,0,1,0,0,1,1,0,0,1,0,1,0,0,0,1,0,0,1,0,1,0,0
561398553,0,0,1,0,1,0,1,0,0,1,1,0,0,1,0,1,0,0,0,1,0,0,1,0,1,0,0
562409184,0,0,1,0,1,0,1,0,0,1,1,0,0,1,0,1,0,0,0,1,0,0,1,0,1,0,0
563415928,0,0,1,0,1,0,1,0,0,1,1,0,0,1,0,1,0,0,0,1,0,0,1,0,1,0,0
564425546,0,0,1,0,1,0,1,0,0,1,1,0,0,1,0,1,0,0,0,1,0,0,1,0,1,0,0
565261507,0,0,1,0,1,0,1,0,0,1,1,0,0,1,0,1,0,0,0,1,0,0,1,0,1,0,0
566262131,0,0,1,0,1,0,1,0,0,1,1,0,0,1,0,1,0,0,0,1,0,0,1,0,1,0,0
567272761,0,0,1,0,1,0,1,0,0,1,1,0,0,1,0,1,0,0,0,1,0,0,1,0,1,0,0
568280291,0,0,1,0,1,0,1,0,0,1,1,0,0,1,0,1,0,0,0,1,0,0,1,0,1,0,0
569281357,0,0,1,0,1,0,1,0,0,1,1,0,0,1,0,1,0,0,0,1,0,0,1,0,1,0,0
570289246,0,0,1,0,1,0,1,0,0,1,1,0,0,1,0,1,0,0,0,1,0,0,1,0,1,0,0
571293613,0,0,1,0,1,0,1,0,0,1,1,0,0,1,0,1,0,0,0,1,0,0,1,0,1,0,0
572295684,0,0,1,0,1,0,1,0,0,1,1,0,0,1,0,1,0,0,0,1,0,0,1,0,1,0,0
573306777,0,0,1,0,1,0,1,0,0,1,1,0,0,1,0,1,0,0,0,1,0,0,1,0,1,0,0
574316725,0,0,1,0,1,0,1,0,0,1,1,0,0,1,0,1,0,0,0,1,0,0,1,0,1,0,0
575317192,0,0,1,0,1,0,1,0,0,1,1,0,0,1,0,1,0,0,0,1,0,0,1,0,1,0,0
576325829,0,0,1,0,1,0,1,0,0,1,1,0,0,1,0,1,0,0,0,1,0,0,1,0,1,0,0
577326307,0,0,1,0,1,0,1,0,0,1,1,0,0,1,0,1,0,0,0,1,0,0,1,0,1,0,0
578335117,0,0,1,0,1,0,1,0,0,1,1,0,0,1,0,1,0,0,0,1,0,0,1,0,1,0,0
579344730,0,0,1,0,1,0,1,0,0,1,1,0,0,1,0,1,0,0,0,1,0,0,1,0,1,0,0
580349368,0,0,1,0,1,0,1,0,0,1,1,0,0,1,0,1,0,0,0,1,0,0,1,0,1,0,0
581350312,0,0,1,0,1,0,1,0,0,1,1,0,0,1,0,1,0,0,0,1,0,0,1,0,1,0,0
582354227,0,0,1,0,1,0,1,0,0,1,1,0,0,1,0,1,0,0,0,1,0,0,1,0,1,0,0
582991192,0,0,1,0,1,0,1,0,0,0,1,0,0,1,0,1,0,0,0,1,0,0,1,0,1,0,0
583991634,0,0,1,0,1,0,1,0,0,0,1,0,0,1,0,1,0,0,0,1,0,0,1,0,1,0,0
584995431,0,0,1,0,1,0,1,0,0,0,1,0,0,1,0,1,0,0,0,1,0,0,1,0,1,0,0
586003927,0,0,1,0,1,0,1,0,0,0,1,0,0,1,0,1,0,0,0,1,0,0,1,0,1,0,0
587012286,0,0,1,0,1,0,1,0,0,0,1,0,0,1,0,1,0,0,0,1,0,0,1,0,1,0,0
588021306,0,0,1,0,1,0,1,0,0,0,1,0,0,1,0,1,0,0,0,1,0,0,1,0,1,0,0
589023824,0,0,1,0,1,0,1,0,0,0,1,0,0,1,0,1,0,0,0,1,0,0,1,0,1,0,0
590029613,0,0,1,0,1,0,1,0,0,0,1,0,0,1,0,1,0,0,0,1,0,0,1,0,1,0,0
591032303,0,0,1,0,1,0,1,0,0,0,1,0,0,1,0,1,0,0,0,1,0,0,1,0,1,0,0
592033879,0,0,1,0,1,0,1,0,0,0,1,0,0,1,0,1,0,0,0,1,0,0,1,0,1,0,0
593040196,0,0,1,0,1,0,1,0,0,0,1,0,0,1,0,1,0,0,0,1,0,0,1,0,1,0,0
594040255,0,0,1,0,1,0,1,0,0,0,1,0,0,1,0,1,0,0,0,1,0,0,1,0,1,0,0
595049082,0,0,1,0,1,0,1,0,0,0,1,0,0,1,0,1,0,0,0,1,0,0,1,0,1,0,0
596051474,0,0,1,0,1,0,1,0,0,0,1,0,0,1,0,1,0,0,0,1,0,0,1,0,1,0,0
596336336,0,0,1,0,1,0,1,0,0,0,1,0,0,1,0,1,0,0,0,1,0,0,1,0,1,0,0
597344956,0,0,1,0,1,0,1,0,0,0,1,0,0,1,0,1,0,0,0,1,0,0,1,0,1,0,0
597490569,0,0,1,0,1,0,1,1,1,0,1,0,0,1,0,1,0,0,0,1,0,0,1,0,1,0,0
597569655,0,0,1,0,1,0,1,1,1,0,1,0,0,1,0,1,0,0,0,1,0,0,1,0,1,0,0
598577245,0,0,1,0,1,0,1,1,1,0,1,0,0,1,0,1,0,0,0,1,0,0,1,0,1,0,0
599412575,0,0,1,0,1,0,1,1,1,0,1,0,0,1,0,1,0,0,0,1,0,0,1,0,1,0,0
600225002,0,0,1,0,1,0,1,1,1,0,1,0,0,1,0,1,0,0,0,1,0,0,1,0,1,0,0
601135704,0,0,1,0,1,0,1,1,1,0,1,0,0,1,0,1,0,0,0,1,0,0,1,0,1,0,0
601927701,0,0,1,0,1,0,1,1,1,0,1,0,0,1,0,1,0,0,0,1,0,0,1,0,1,0,0
602936273,0,0,1,0,1,0,1,1,1,0,1,0,0,1,0,1,0,0,0,1,0,0,1,0,1,0,0
603936815,0,0,1,0,1,0,1,1,1,0,1,0,0,1,0,1,0,0,0,1,0,0,1,0,1,0,0
604945221,0,0,1,0,1,0,1,1,1,0,1,0,0,1,0,1,0,0,0,1,0,0,1,0,1,0,0
605949606,0,0,1,0,1,0,1,1,1,0,1,0,0,1,0,1,0,0,0,1,0,0,1,0,1,0,0
606953601,0,0,1,0,1,0,1,1,1,0,1,0,0,1,0,1,0,0,0,1,0,0,1,0,1,0,0
607961569,0,0,1,0,1,0,1,1,1,0,1,0,0,1,0,1,0,0,0,1,0,0,1,0,1,0,0
608967911,0,0,1,0,1,0,1,1,1,0,1,0,0,1,0,1,0,0,0,1,0,0,1,0,1,0,0
609450624,0,0,1,0,1,0,1,1,1,0,1,0,0,1,0,1,0,0,0,1,0,0,1,0,1,0,0
610455657,0,0,1,0,1,0,1,1,1,0,1,0,0,1,0,1,0,0,0,1,0,0,1,0,1,0,0
611462083,0,0,1,0,1,0,1,1,1,0,1,0,0,1,0,1,0,0,0,1,0,0,1,0,1,0,0
611760446,0,0,1,0,1,0,1,1,1,0,1,0,0,1,0,1,0,0,0,1,0,0,1,0,1,0,0
612771800,0,0,1,0,1,0,1,1,1,0,1,0,0,1,0,1,0,0,0,1,0,0,1,0,1,0,0
613778660,0,0,1,0,1,0,1,1,1,0,1,0,0,1,0,1,0,0,0,1,0,0,1,0,1,0,0
614780620,0,0,1,0,1,0,1,1,1,0,1,0,0,1,0,1,0,0,0,1,0,0,1,0,1,0,0
615787422,0,0,1,0,1,0,1,1,1,0,1,0,0,1,0,1,0,0,0,1,0,0,1,0,1,0,0
616661409,0,0,1,0,1,0,1,1,1,0,1,0,0,1,0,1,0,0,0,1,0,0,1,0,1,0,0
617672284,0,0,1,0,1,0,1,1,1,0,1,0,0,1,0,1,0,0,0,1,0,0,1,0,1,0,0
618682025,0,0,1,0,1,0,1,1,1,0,1,0,0,1,0,1,0,0,0,1,0,0,1,0,1,0,0
619022285,0,0,1,0,1,0,1,1,1,0,1,0,0,1,0,1,0,0,0,1,0,0,1,0,1,0,0
620031626,0,0,1,0,1,0,1,1,1,0,1,0,0,1,0,1,0,0,0,1,0,0,1,0,1,0,0
621039396,0,0,1,0,1,0,1,1,1,0,1,0,0,1,0,1,0,0,0,1,0,0,1,0,1,0,0
622050239,0,0,1,0,1,0,1,1,1,0,1,0,0,1,0,1,0,0,0,1,0,0,1,0,1,0,0
623055408,0,0,1,0,1,0,1,1,1,0,1,0,0,1,0,1,0,0,0,1,0,0,1,0,1,0,0
623908850,0,0,1,0,1,0,1,1,1,1,1,0,0,1,0,1,0,0,0,1,0,0,1,0,1,0,0
624902847,0,0,1,0,1,1,1,1,1,1,1,0,0,1,0,1,0,0,0,1,0,0,1,0,1,0,0
625910592,0,0,1,0,1,1,1,1,1,1,1,0,0,1,0,1,0,0,0,1,0,0,1,0,1,0,0
626913335,0,0,1,0,1,1,1,1,1,1,1,0,0,1,0,1,0,0,0,1,0,0,1,0,1,0,0
627921585,0,0,1,0,1,1,1,1,1,1,1,0,0,1,0,1,0,0,0,1,0,0,1,0,1,0,0
628929353,0,0,1,0,1,1,1,1,1,1,1,0,0,1,0,1,0,0,0,1,0,0,1,0,1,0,0
629936320,0,0,1,0,1,1,1,1,1,1,1,0,0,1,0,1,0,0,0,1,0,0,1,0,1,0,0
630937194,0,0,1,0,1,1,1,1,1,1,1,0,0,1,0,1,0,0,0,1,0,0,1,0,1,0,0
631942661,0,0,1,0,1,1,1,1,1,1,1,0,0,1,0,1,0,0,0,1,0,0,1,0,1,0,0
632949039,0,0,1,0,1,1,1,1,1,1,1,0,0,1,0,1,0,0,0,1,0,0,1,0,1,0,0
633771897,0,1,1,0,1,1,1,1,1,1,1,0,0,1,0,1,0,0,0,1,0,0,1,0,1,0,0
634769563,0,1,1,0,1,1,1,1,1,1,1,0,0,1,0,1,0,0,0,1,0,0,1,0,1,0,0
635770311,0,1,1,0,1,1,1,1,1,1,1,0,0,1,0,1,0,0,0,1,0,0,1,0,1,0,0
636776975,0,1,1,0,1,1,1,1,1,1,1,0,0,1,0,1,0,0,0,1,0,0,1,0,1,0,0
637784277,0,1,1,0,1,1,1,1,1,1,1,0,0,1,0,1,0,0,0,1,0,0,1,0,1,0,0
638785326,0,1,1,0,1,1,1,1,1,1,1,0,0,1,0,1,0,0,0,1,0,0,1,0,1,0,0
639795926,0,1,1,0,1,1,1,1,1,1,1,0,0,1,0,1,0,0,0,1,0,0,1,0,1,0,0
640806413,0,1,1,0,1,1,1,1,1,1,1,0,0,1,0,1,0,0,0,1,0,0,1,0,1,0,0
641808474,0,1,1,0,1,1,1,1,1,1,1,0,0,1,0,1,0,0,0,1,0,0,1,0,1,0,0
642809208,0,1,1,0,1,1,1,1,1,1,1,0,0,1,0,1,0,0,0,1,0,0,1,0,1,0,0
643820376,0,1,1,0,1,1,1,1,1,1,1,0,0,1,0,1,0,0,0,1,0,0,1,0,1,0,0
644821812,0,1,1,0,1,1,1,1,1,1,1,0,0,1,0,1,0,0,0,1,0,0,1,0,1,0,0
645826202,0,1,1,0,1,1,1,1,1,1,1,0,0,1,0,1,0,0,0,1,0,0,1,0,1,0,0
646828261,0,1,1,0,1,1,1,1,1,1,1,0,0,1,0,1,0,0,0,1,0,0,1,0,1,0,0
647833383,0,1,1,0,1,1,1,1,1,1,1,0,0,1,0,1,0,0,0,1,0,0,1,0,1,0,0
648833929,0,1,1,0,1,1,1,1,1,1,1,0,0,1,0,1,0,0,0,1,0,0,1,0,1,0,0
649837313,0,1,1,0,1,1,1,1,1,1,1,0,0,1,0,1,0,0,0,1,0,0,1,0,1,0,0
650842312,0,1,1,0,1,1,1,1,1,1,1,0,0,1,0,1,0,0,0,1,0,0,1,0,1,0,0
651845096,0,1,1,0,1,1,1,1,1,1,1,0,0,1,0,1,0,0,0,1,0,0,1,0,1,0,0
652848296,0,1,1,0,1,1,1,1,1,1,1,0,0,1,0,1,0,0,0,1,0,0,1,0,1,0,0
653517876,0,1,1,0,1,0,1,0,0,1,1,0,0,1,0,1,0,0,0,1,0,0,1,0,1,0,0
654518777,0,1,1,0,1,0,1,0,0,1,1,0,0,1,0,1,0,0,0,1,0,0,1,0,1,0,0
655521356,0,1,1,0,1,0,1,0,0,1,1,0,0,1,0,1,0,0,0,1,0,0,1,0,1,0,0
656527912,0,1,1,0,1,0,1,0,0,1,1,0,0,1,0,1,0,0,0,1,0,0,1,0,1,0,0
657537073,0,1,1,0,1,0,1,0,0,1,1,0,0,1,0,1,0,0,0,1,0,0,1,0,1,0,0
658547570,0,1,1,0,1,0,1,0,0,1,1,0,0,1,0,1,0,0,0,1,0,0,1,0,1,0,0
659553335,0,1,1,0,1,0,1,0,0,1,1,0,0,1,0,1,0,0,0,1,0,0,1,0,1,0,0
660559701,0,1,1,0,1,0,1,0,0,1,1,0,0,1,0,1,0,0,0,1,0,0,1,0,1,0,0
661561615,0,1,1,0,1,0,1,0,0,1,1,0,0,1,0,1,0,0,0,1,0,0,1,0,1,0,0
662570358,0,1,1,0,1,0,1,0,0,1,1,0,0,1,0,1,0,0,0,1,0,0,1,0,1,0,0
662949338,0,1,1,0,1,0,1,0,0,1,1,0,0,1,0,1,0,0,0,1,0,0,1,0,1,0,0
663959403,0,1,1,0,1,0,1,0,0,1,1,0,0,1,0,1,0,0,0,1,0,0,1,0,1,0,0
664960662,0,1,1,0,1,0,1,0,0,1,1,0,0,1,0,1,0,0,0,1,0,0,1,0,1,0,0
665963413,0,1,1,0,1,0,1,0,0,1,1,0,0,1,0,1,0,0,0,1,0,0,1,0,1,0,0
666973200,0,1,1,0,1,0,1,0,0,1,1,0,0,1,0,1,0,0,0,1,0,0,1,0,1,0,0
667330227,0,1,1,0,1,1,1,1,1,1,1,0,0,1,0,1,0,0,0,1,0,0,1,0,1,0,0
667342861,0,1,1,0,1,0,1,0,0,1,1,0,0,1,0,1,0,0,0,1,0,0,1,0,1,0,0
667988197,0,1,1,0,1,1,1,1,1,1,1,0,0,1,0,1,0,0,0,1,0,0,1,0,1,0,0
668997179,0,1,1,0,1,0,1,0,0,1,1,0,0,1,0,1,0,0,0,1,0,0,1,0,1,0,0
670004286,0,1,1,0,1,0,1,0,0,1,1,0,0,1,0,1,0,0,0,1,0,0,1,0,1,0,0
671015025,0,1,1,0,1,0,1,0,0,1,1,0,0,1,0,1,0,0,0,1,0,0,1,0,1,0,0
672020250,0,1,1,0,1,0,1,0,0,1,1,0,0,1,0,1,0,0,0,1,0,0,1,0,1,0,0
673025878,0,1,1,0,1,0,1,0,0,1,1,0,0,1,0,1,0,0,0,1,0,0,1,0,1,0,0
674036250,0,1,1,0,1,0,1,0,0,1,1,0,0,1,0,1,0,0,0,1,0,0,1,0,1,0,0
674646154,0,1,1,0,1,0,1,0,0,1,1,0,0,1,0,1,0,0,0,1,0,0,1,0,1,0,0
674658653,0,1,1,0,1,1,1,1,1,1,1,0,0,1,0,1,0,0,0,1,0,0,1,0,1,0,0
675659574,0,1,1,0,1,1,1,1,1,1,1,0,0,1,0,1,0,0,0,1,0,0,1,0,1,0,0
676670785,0,1,1,0,1,1,1,1,1,1,1,0,0,1,0,1,0,0,0,1,0,0,1,0,1,0,0
677673309,0,1,1,0,1,1,1,1,1,1,1,0,0,1,0,1,0,0,0,1,0,0,1,0,1,0,0
678679353,0,1,1,0,1,1,1,1,1,1,1,0,0,1,0,1,0,0,0,1,0,0,1,0,1,0,0
679685261,0,1,1,0,1,1,1,1,1,1,1,0,0,1,0,1,0,0,0,1,0,0,1,0,1,0,0
680687035,0,1,1,0,1,1,1,1,1,1,1,0,0,1,0,1,0,0,0,1,0,0,1,0,1,0,0
681689571,0,1,1,0,1,1,1,1,1,1,1,0,0,1,0,1,0,0,0,1,0,0,1,0,1,0,0
682692331,0,1,1,0,1,1,1,1,1,1,1,0,0,1,0,1,0,0,0,1,0,0,1,0,1,0,0
683699550,0,1,1,0,1,1,1,1,1,1,1,0,0,1,0,1,0,0,0,1,0,0,1,0,1,0,0
684702448,0,1,1,0,1,1,1,1,1,1,1,0,0,1,0,1,0,0,0,1,0,0,1,0,1,0,0
685704366,0,1,1,0,1,1,1,1,1,1,1,0,0,1,0,1,0,0,0,1,0,0,1,0,1,0,0
686706245,0,1,1,0,1,1,1,1,1,1,1,0,0,1,0,1,0,0,0,1,0,0,1,0,1,0,0
687708350,0,1,1,0,1,1,1,1,1,1,1,0,0,1,0,1,0,0,0,1,0,0,1,0,1,0,0
688717917,0,1,1,0,1,1,1,1,1,1,1,0,0,1,0,1,0,0,0,1,0,0,1,0,1,0,0
689721510,0,1,1,0,1,1,1,1,1,1,1,0,0,1,0,1,0,0,0,1,0,0,1,0,1,0,0
690726416,0,1,1,0,1,1,1,1,1,1,1,0,0,1,0,1,0,0,0,1,0,0,1,0,1,0,0
691735695,0,1,1,0,1,1,1,1,1,1,1,0,0,1,0,1,0,0,0,1,0,0,1,0,1,0,0
692747207,0,1,1,0,1,1,1,1,1,1,1,0,0,1,0,1,0,0,0,1,0,0,1,0,1,0,0
693753140,0,1,1,0,1,1,1,1,1,1,1,0,0,1,0,1,0,0,0,1,0,0,1,0,1,0,0
694760279,0,1,1,0,1,1,1,1,1,1,1,0,0,1,0,1,0,0,0,1,0,0,1,0,1,0,0
695765043,0,1,1,0,1,1,1,1,1,1,1,0,0,1,0,1,0,0,0,1,0,0,1,0,1,0,0
696774196,0,1,1,0,1,1,1,1,1,1,1,0,0,1,0,1,0,0,0,1,0,0,1,0,1,0,0
697782192,0,1,1,0,1,1,1,1,1,1,1,0,0,1,0,1,0,0,0,1,0,0,1,0,1,0,0
698788288,0,1,1,0,1,1,1,1,1,1,1,0,0,1,0,1,0,0,0,1,0,0,1,0,1,0,0
699799571,0,1,1,0,1,1,1,1,1,1,1,0,0,1,0,1,0,0,0,1,0,0,1,0,1,0,0
700804282,0,1,1,0,1,1,1,1,1,1,1,0,0,1,0,1,0,0,0,1,0,0,1,0,1,0,0
701805359,0,1,1,0,1,1,1,1,1,1,1,0,0,1,0,1,0,0,0,1,0,0,1,0,1,0,0
702806411,0,1,1,0,1,1,1,1,1,1,1,0,0,1,0,1,0,0,0,1,0,0,1,0,1,0,0
703807388,0,1,1,0,1,1,1,1,1,1,1,0,0,1,0,1,0,0,0,1,0,0,1,0,1,0,0
704234849,0,1,1,0,1,1,1,1,1,1,1,0,0,1,0,1,0,0,0,1,0,0,1,0,1,0,0
705249171,0,1,1,0,1,1,1,1,1,1,1,0,0,1,0,1,0,0,0,1,0,0,1,0,1,0,0
706253196,0,1,1,0,1,1,1,1,1,1,1,0,0,1,0,1,0,0,0,1,0,0,1,0,1,0,0
707256489,0,1,1,0,1,1,1,1,1,1,1,0,0,1,0,1,0,0,0,1,0,0,1,0,1,0,0
708261420,0,1,1,0,1,1,1,1,1,1,1,0,0,1,0,1,0,0,0,1,0,0,1,0,1,0,0
709264250,0,1,1,0,1,1,1,1,1,1,1,0,0,1,0,1,0,0,0,1,0,0,1,0,1,0,0
710274694,0,1,1,0,1,1,1,1,1,1,1,0,0,1,0,1,0,0,0,1,0,0,1,0,1,0,0
711284394,0,1,1,0,1,1,1,1,1,1,1,0,0,1,0,1,0,0,0,1,0,0,1,0,1,0,0
712292369,0,1,1,0,1,1,1,1,1,1,1,0,0,1,0,1,0,0,0,1,0,0,1,0,1,0,0
713297441,0,1,1,0,1,1,1,1,1,1,1,0,0,1,0,1,0,0,0,1,0,0,1,0,1,0,0
714301244,0,1,1,0,1,1,1,1,1,1,1,0,0,1,0,1,0,0,0,1,0,0,1,0,1,0,0
715301918,0,1,1,0,1,1,1,1,1,1,1,0,0,1,0,1,0,0,0,1,0,0,1,0,1,0,0
716310291,0,1,1,0,1,1,1,1,1,1,1,0,0,1,0,1,0,0,0,1,0,0,1,0,1,0,0
717321214,0,1,1,0,1,1,1,1,1,1,1,0,0,1,0,1,0,0,0,1,0,0,1,0,1,0,0
718321373,0,1,1,0,1,1,1,1,1,1,1,0,0,1,0,1,0,0,0,1,0,0,1,0,1,0,0
719323256,0,1,1,0,1,1,1,1,1,1,1,0,0,1,0,1,0,0,0,1,0,0,1,0,1,0,0
720332759,0,1,1,0,1,1,1,1,1,1,1,0,0,1,0,1,0,0,0,1,0,0,1,0,1,0,0
721335646,0,1,1,0,1,1,1,1,1,1,1,0,0,1,0,1,0,0,0,1,0,0,1,0,1,0,0
722337239,0,1,1,0,1,1,1,1,1,1,1,0,0,1,0,1,0,0,0,1,0,0,1,0,1,0,0
723339570,0,1,1,0,1,1,1,1,1,1,1,0,0,1,0,1,0,0,0,1,0,0,1,0,1,0,0
724345520,0,1,1,0,1,1,1,1,1,1,1,0,0,1,0,1,0,0,0,1,0,0,1,0,1,0,0
725347596,0,1,1,0,1,1,1,1,1,1,1,0,0,1,0,1,0,0,0,1,0,0,1,0,1,0,0
726354371,0,1,1,0,1,1,1,1,1,1,1,0,0,1,0,1,0,0,0,1,0,0,1,0,1,0,0
727359660,0,1,1,0,1,1,1,1,1,1,1,0,0,1,0,1,0,0,0,1,0,0,1,0,1,0,0
728362883,0,1,1,0,1,1,1,1,1,1,1,0,0,1,0,1,0,0,0,1,0,0,1,0,1,0,0
729368847,0,1,1,0,1,1,1,1,1,1,1,0,0,1,0,1,0,0,0,1,0,0,1,0,1,0,0
730371720,0,1,1,0,1,1,1,1,1,1,1,0,0,1,0,1,0,0,0,1,0,0,1,0,1,0,0
731374335,0,1,1,0,1,1,1,1,1,1,1,0,0,1,0,1,0,0,0,1,0,0,1,0,1,0,0
732378688,0,1,1,0,1,1,1,1,1,1,1,0,0,1,0,1,0,0,0,1,0,0,1,0,1,0,0
733381819,0,1,1,0,1,1,1,1,1,1,1,0,0,1,0,1,0,0,0,1,0,0,1,0,1,0,0
733646770,0,1,1,0,1,1,1,0,0,1,1,0,0,1,0,1,0,0,0,1,0,0,1,0,1,0,0
734641277,0,1,1,0,1,0,1,0,0,1,1,0,0,1,0,1,0,0,0,1,0,0,1,0,1,0,0
735646539,0,1,1,0,1,0,1,0,0,1,1,0,0,1,0,1,0,0,0,1,0,0,1,0,1,0,0
736657920,0,1,1,0,1,0,1,0,0,1,1,0,0,1,0,1,0,0,0,1,0,0,1,0,1,0,0
737667644,0,1,1,0,1,0,1,0,0,1,1,0,0,1,0,1,0,0,0,1,0,0,1,0,1,0,0
738670164,0,1,1,0,1,0,1,0,0,1,1,0,0,1,0,1,0,0,0,1,0,0,1,0,1,0,0
739675411,0,1,1,0,1,0,1,0,0,1,1,0,0,1,0,1,0,0,0,1,0,0,1,0,1,0,0
740677239,0,1,1,0,1,0,1,0,0,1,1,0,0,1,0,1,0,0,0,1,0,0,1,0,1,0,0
741685228,0,1,1,0,1,0,1,0,0,1,1,0,0,1,0,1,0,0,0,1,0,0,1,0,1,0,0
742690556,0,1,1,0,1,0,1,0,0,1,1,0,0,1,0,1,0,0,0,1,0,0,1,0,1,0,0
743699244,0,1,1,0,1,0,1,0,0,1,1,0,0,1,0,1,0,0,0,1,0,0,1,0,1,0,0
744704244,0,1,1,0,1,0,1,0,0,1,1,0,0,1,0,1,0,0,0,1,0,0,1,0,1,0,0
745714343,0,1,1,0,1,0,1,0,0,1,1,0,0,1,0,1,0,0,0,1,0,0,1,0,1,0,0
746722903,0,1,1,0,1,0,1,0,0,1,1,0,0,1,0,1,0,0,0,1,0,0,1,0,1,0,0
747332046,0,1,1,0,1,0,1,0,0,0,1,0,0,1,0,1,0,0,0,1,0,0,1,0,1,0,0
748118256,0,1,1,0,1,0,1,0,0,1,1,0,0,1,0,1,0,0,0,1,0,0,1,0,1,0,0
749125421,0,1,1,0,1,0,1,0,0,1,1,0,0,1,0,1,0,0,0,1,0,0,1,0,1,0,0
750126700,0,1,1,0,1,0,1,0,0,1,1,0,0,1,0,1,0,0,0,1,0,0,1,0,1,0,0
751130245,0,1,1,0,1,0,1,0,0,1,1,0,0,1,0,1,0,0,0,1,0,0,1,0,1,0,0
752134823,0,1,1,0,1,0,1,0,0,1,1,0,0,1,0,1,0,0,0,1,0,0,1,0,1,0,0
753135189,0,1,1,0,1,0,1,0,0,1,1,0,0,1,0,1,0,0,0,1,0,0,1,0,1,0,0
754137277,0,1,1,0,1,0,1,0,0,1,1,0,0,1,0,1,0,0,0,1,0,0,1,0,1,0,0
754324547,0,1,1,0,1,0,1,0,0,1,1,0,0,1,0,1,0,0,0,1,0,0,1,0,1,0,0
755333837,0,1,1,0,1,0,1,0,0,1,1,0,0,1,0,1,0,0,0,1,0,0,1,0,1,0,0
756336065,0,1,1,0,1,0,1,0,0,1,1,0,0,1,0,1,0,0,0,1,0,0,1,0,1,0,0
757342658,0,1,1,0,1,0,1,0,0,1,1,0,0,1,0,1,0,0,0,1,0,0,1,0,1,0,0
758270149,0,0,1,0,1,0,1,0,0,1,1,0,0,1,0,1,0,0,0,1,0,0,1,0,1,0,0
759278371,0,0,1,0,1,0,1,0,0,1,1,0,0,1,0,1,0,0,0,1,0,0,1,0,1,0,0
760107948,0,0,1,0,1,1,1,0,0,1,1,0,0,1,0,1,0,0,0,1,0,0,1,0,1,0,0
761114793,0,0,1,0,1,1,1,0,0,1,1,0,0,1,0,1,0,0,0,1,0,0,1,0,1,0,0
762117318,0,0,1,0,1,1,1,0,0,1,1,0,0,1,0,1,0,0,0,1,0,0,1,0,1,0,0
763123520,0,0,1,0,1,1,1,0,0,1,1,0,0,1,0,1,0,0,0,1,0,0,1,0,1,0,0
763714250,0,0,1,0,1,1,1,1,1,1,1,0,0,1,0,1,0,0,0,1,0,0,1,0,1,0,0
764289981,0,0,1,0,1,1,1,1,1,1,1,0,0,1,0,1,0,0,0,1,0,0,1,0,1,0,0
765290823,0,0,1,0,1,1,1,1,1,1,1,0,0,1,0,1,0,0,0,1,0,0,1,0,1,0,0
766293637,0,0,1,0,1,1,1,1,1,1,1,0,0,1,0,1,0,0,0,1,0,0,1,0,1,0,0
767142616,0,0,1,0,1,1,1,0,0,1,1,0,0,1,0,1,0,0,0,1,0,0,1,0,1,0,0
767331786,0,0,1,0,1,1,1,0,0,1,1,0,0,1,0,1,0,0,0,1,0,0,1,0,1,0,0
767342261,0,0,1,0,1,1,1,0,0,1,1,0,0,1,0,1,0,0,0,1,0,0,1,0,1,0,0
767444340,0,1,1,0,1,1,1,0,0,1,1,0,0,1,0,1,0,0,0,1,0,0,1,0,1,0,0
767685327,0,1,1,0,1,1,1,0,0,1,1,0,0,1,0,1,0,0,0,1,0,0,1,0,1,0,0
768691209,0,1,1,0,1,1,1,0,0,1,1,0,0,1,0,1,0,0,0,1,0,0,1,0,1,0,0
769696821,0,1,1,0,1,1,1,0,0,1,1,0,0,1,0,1,0,0,0,1,0,0,1,0,1,0,0
770706932,0,1,1,0,1,1,1,0,0,1,1,0,0,1,0,1,0,0,0,1,0,0,1,0,1,0,0
771717359,0,1,1,0,1,1,1,0,0,1,1,0,0,1,0,1,0,0,0,1,0,0,1,0,1,0,0
772728166,0,1,1,0,1,1,1,0,0,1,1,0,0,1,0,1,0,0,0,1,0,0,1,0,1,0,0
773730197,0,1,1,0,1,1,1,0,0,1,1,0,0,1,0,1,0,0,0,1,0,0,1,0,1,0,0
774175179,0,1,1,0,1,1,1,1,1,1,1,0,0,1,0,1,0,0,0,1,0,0,1,0,1,0,0
774186581,0,1,1,0,1,1,1,1,1,1,1,0,0,1,0,1,0,0,0,1,0,0,1,0,1,0,0
775189559,0,1,1,0,1,1,1,1,1,1,1,0,0,1,0,1,0,0,0,1,0,0,1,0,1,0,0
776192721,0,1,1,0,1,1,1,1,1,1,1,0,0,1,0,1,0,0,0,1,0,0,1,0,1,0,0
777197412,0,1,1,0,1,1,1,1,1,1,1,0,0,1,0,1,0,0,0,1,0,0,1,0,1,0,0
778206979,0,1,1,0,1,1,1,1,1,1,1,0,0,1,0,1,0,0,0,1,0,0,1,0,1,0,0
779213261,0,1,1,0,1,1,1,1,1,1,1,0,0,1,0,1,0,0,0,1,0,0,1,0,1,0,0
780223581,0,1,1,0,1,1,1,1,1,1,1,0,0,1,0,1,0,0,0,1,0,0,1,0,1,0,0
781230085,0,1,1,0,1,1,1,1,1,1,1,0,0,1,0,1,0,0,0,1,0,0,1,0,1,0,0
782233440,0,1,1,0,1,1,1,1,1,1,1,0,0,1,0,1,0,0,0,1,0,0,1,0,1,0,0
782412284,0,1,1,0,1,1,1,1,1,1,1,0,0,1,0,1,0,0,0,1,0,0,1,0,1,0,0
782424010,0,1,1,0,1,1,1,0,0,1,1,0,0,1,0,1,0,0,0,1,0,0,1,0,1,0,0
783420304,0,1,1,0,1,0,1,0,0,1,1,0,0,1,0,1,0,0,0,1,0,0,1,0,1,0,0
784425419,0,1,1,0,1,0,1,0,0,1,1,0,0,1,0,1,0,0,0,1,0,0,1,0,1,0,0
785429203,0,1,1,0,1,0,1,0,0,1,1,0,0,1,0,1,0,0,0,1,0,0,1,0,1,0,0
786429288,0,1,1,0,1,0,1,0,0,1,1,0,0,1,0,1,0,0,0,1,0,0,1,0,1,0,0
787437242,0,1,1,0,1,0,1,0,0,1,1,0,0,1,0,1,0,0,0,1,0,0,1,0,1,0,0
788446246,0,1,1,0,1,0,1,0,0,1,1,0,0,1,0,1,0,0,0,1,0,0,1,0,1,0,0
789447292,0,1,1,0,1,0,1,0,0,1,1,0,0,1,0,1,0,0,0,1,0,0,1,0,1,0,0
790457249,0,1,1,0,1,0,1,0,0,1,1,0,0,1,0,1,0,0,0,1,0,0,1,0,1,0,0
791467809,0,1,1,0,1,0,1,0,0,1,1,0,0,1,0,1,0,0,0,1,0,0,1,0,1,0,0
792471498,0,1,1,0,1,0,1,0,0,1,1,0,0,1,0,1,0,0,0,1,0,0,1,0,1,0,0
793472811,0,1,1,0,1,0,1,0,0,1,1,0,0,1,0,1,0,0,0,1,0,0,1,0,1,0,0
794478447,0,1,1,0,1,0,1,0,0,1,1,0,0,1,0,1,0,0,0,1,0,0,1,0,1,0,0
795484681,0,1,1,0,1,0,1,0,0,1,1,0,0,1,0,1,0,0,0,1,0,0,1,0,1,0,0
796494043,0,1,1,0,1,0,1,0,0,1,1,0,0,1,0,1,0,0,0,1,0,0,1,0,1,0,0
797500580,0,1,1,0,1,0,1,0,0,1,1,0,0,1,0,1,0,0,0,1,0,0,1,0,1,0,0
798510867,0,1,1,0,1,0,1,0,0,1,1,0,0,1,0,1,0,0,0,1,0,0,1,0,1,0,0
799519255,0,1,1,0,1,0,1,0,0,1,1,0,0,1,0,1,0,0,0,1,0,0,1,0,1,0,0
800523240,0,1,1,0,1,0,1,0,0,1,1,0,0,1,0,1,0,0,0,1,0,0,1,0,1,0,0
801533802,0,1,1,0,1,0,1,0,0,1,1,0,0,1,0,1,0,0,0,1,0,0,1,0,1,0,0
802536342,0,1,1,0,1,0,1,0,0,1,1,0,0,1,0,1,0,0,0,1,0,0,1,0,1,0,0
803546222,0,1,1,0,1,0,1,0,0,1,1,0,0,1,0,1,0,0,0,1,0,0,1,0,1,0,0
804548439,0,1,1,0,1,0,1,0,0,1,1,0,0,1,0,1,0,0,0,1,0,0,1,0,1,0,0
804728336,0,1,1,0,1,0,1,0,0,0,1,0,0,1,0,1,0,0,0,1,0,0,1,0,1,0,0
804917190,0,1,1,0,1,0,1,0,0,1,1,0,0,1,0,1,0,0,0,1,0,0,1,0,1,0,0
805925237,0,1,1,0,1,0,1,0,0,1,1,0,0,1,0,1,0,0,0,1,0,0,1,0,1,0,0
806929414,0,1,1,0,1,0,1,0,0,1,1,0,0,1,0,1,0,0,0,1,0,0,1,0,1,0,0
807933362,0,1,1,0,1,0,1,0,0,1,1,0,0,1,0,1,0,0,0,1,0,0,1,0,1,0,0
808941316,0,1,1,0,1,0,1,0,0,1,1,0,0,1,0,1,0,0,0,1,0,0,1,0,1,0,0
809951467,0,1,1,0,1,0,1,0,0,1,1,0,0,1,0,1,0,0,0,1,0,0,1,0,1,0,0
810961738,0,1,1,0,1,0,1,0,0,1,1,0,0,1,0,1,0,0,0,1,0,0,1,0,1,0,0
812881945,0,1,1,0,1,1,1,1,1,1,1,0,0,1,0,1,0,0,0,1,0,0,1,0,1,0,0
813884627,0,1,1,0,1,1,1,1,1,1,1,0,0,1,0,1,0,0,0,1,0,0,1,0,1,0,0
814894662,0,1,1,0,1,1,1,1,1,1,1,0,0,1,0,1,0,0,0,1,0,0,1,0,1,0,0
815900640,0,1,1,0,1,1,1,1,1,1,1,0,0,1,0,1,0,0,0,1,0,0,1,0,1,0,0
816902940,0,1,1,0,1,1,1,1,1,1,1,0,0,1,0,1,0,0,0,1,0,0,1,0,1,0,0
817276309,0,1,1,0,1,1,1,1,1,1,1,0,0,1,0,1,0,0,0,1,0,0,1,0,1,0,0
817659898,0,1,1,0,1,1,1,1,1,1,1,0,0,1,0,1,0,0,0,1,0,0,1,0,1,0,0
818660325,0,1,1,0,1,1,1,1,1,1,1,0,0,1,0,1,0,0,0,1,0,0,1,0,1,0,0
819619904,0,1,1,0,1,1,1,1,1,1,1,0,0,1,0,1,0,0,0,1,0,0,1,0,1,0,0
820623848,0,1,1,0,1,1,1,1,1,1,1,0,0,1,0,1,0,0,0,1,0,0,1,0,1,0,0
821630365,0,1,1,0,1,1,1,1,1,1,1,0,0,1,0,1,0,0,0,1,0,0,1,0,1,0,0
822638178,0,1,1,0,1,1,1,1,1,1,1,0,0,1,0,1,0,0,0,1,0,0,1,0,1,0,0
823646667,0,1,1,0,1,1,1,1,1,1,1,0,0,1,0,1,0,0,0,1,0,0,1,0,1,0,0
824628354,0,1,1,0,1,1,1,1,1,1,1,0,0,1,0,1,0,0,0,1,0,0,1,0,1,0,0
824652262,0,1,1,0,1,1,1,1,1,1,1,0,0,1,0,1,0,0,0,1,0,0,1,0,1,0,0
824693144,0,1,1,0,1,1,1,1,1,1,1,0,0,1,0,1,0,0,0,1,0,0,1,0,1,0,0
825555130,0,1,1,0,1,1,1,1,1,1,1,0,0,1,0,1,0,0,0,1,0,0,1,0,1,0,0
826555796,0,1,1,0,1,1,1,1,1,1,1,0,0,1,0,1,0,0,0,1,0,0,1,0,1,0,0
827563048,0,1,1,0,1,1,1,1,1,1,1,0,0,1,0,1,0,0,0,1,0,0,1,0,1,0,0
828564616,0,1,1,0,1,1,1,1,1,1,1,0,0,1,0,1,0,0,0,1,0,0,1,0,1,0,0
829575663,0,1,1,0,1,1,1,1,1,1,1,0,0,1,0,1,0,0,0,1,0,0,1,0,1,0,0
830457635,0,1,1,0,1,0,1,0,0,1,1,0,0,1,0,1,0,0,0,1,0,0,1,0,1,0,0
830493637,0,1,1,0,1,0,1,0,0,1,1,0,0,1,0,1,0,0,0,1,0,0,1,0,1,0,0
831495044,0,1,1,0,1,0,1,0,0,1,1,0,0,1,0,1,0,0,0,1,0,0,1,0,1,0,0
832502179,0,1,1,0,1,0,1,0,0,1,1,0,0,1,0,1,0,0,0,1,0,0,1,0,1,0,0
833510769,0,1,1,0,1,0,1,0,0,1,1,0,0,1,0,1,0,0,0,1,0,0,1,0,1,0,0
834511047,0,1,1,0,1,0,1,0,0,1,1,0,0,1,0,1,0,0,0,1,0,0,1,0,1,0,0
835513417,0,1,1,0,1,0,1,0,0,1,1,0,0,1,0,1,0,0,0,1,0,0,1,0,1,0,0
836517415,0,1,1,0,1,0,1,0,0,1,1,0,0,1,0,1,0,0,0,1,0,0,1,0,1,0,0
837523437,0,1,1,0,1,0,1,0,0,1,1,0,0,1,0,1,0,0,0,1,0,0,1,0,1,0,0
838529433,0,1,1,0,1,0,1,0,0,1,1,0,0,1,0,1,0,0,0,1,0,0,1,0,1,0,0
839537231,0,1,1,0,1,0,1,0,0,1,1,0,0,1,0,1,0,0,0,1,0,0,1,0,1,0,0
840541302,0,1,1,0,1,0,1,0,0,1,1,0,0,1,0,1,0,0,0,1,0,0,1,0,1,0,0
841542102,0,1,1,0,1,0,1,0,0,1,1,0,0,1,0,1,0,0,0,1,0,0,1,0,1,0,0
842546315,0,1,1,0,1,0,1,0,0,1,1,0,0,1,0,1,0,0,0,1,0,0,1,0,1,0,0
843551801,0,1,1,0,1,0,1,0,0,1,1,0,0,1,0,1,0,0,0,1,0,0,1,0,1,0,0
844563154,0,1,1,0,1,0,1,0,0,1,1,0,0,1,0,1,0,0,0,1,0,0,1,0,1,0,0
845572285,0,1,1,0,1,0,1,0,0,1,1,0,0,1,0,1,0,0,0,1,0,0,1,0,1,0,0
846575708,0,1,1,0,1,0,1,0,0,1,1,0,0,1,0,1,0,0,0,1,0,0,1,0,1,0,0
847577191,0,1,1,0,1,0,1,0,0,1,1,0,0,1,0,1,0,0,0,1,0,0,1,0,1,0,0
848581105,0,1,1,0,1,0,1,0,0,1,1,0,0,1,0,1,0,0,0,1,0,0,1,0,1,0,0
849591117,0,1,1,0,1,0,1,0,0,1,1,0,0,1,0,1,0,0,0,1,0,0,1,0,1,0,0
850595566,0,1,1,0,1,0,1,0,0,1,1,0,0,1,0,1,0,0,0,1,0,0,1,0,1,0,0
851599168,0,1,1,0,1,0,1,0,0,1,1,0,0,1,0,1,0,0,0,1,0,0,1,0,1,0,0
852603871,0,1,1,0,1,0,1,0,0,1,1,0,0,1,0,1,0,0,0,1,0,0,1,0,1,0,0
853609537,0,1,1,0,1,0,1,0,0,1,1,0,0,1,0,1,0,0,0,1,0,0,1,0,1,0,0
854611829,0,1,1,0,1,0,1,0,0,1,1,0,0,1,0,1,0,0,0,1,0,0,1,0,1,0,0
855613478,0,1,1,0,1,0,1,0,0,1,1,0,0,1,0,1,0,0,0,1,0,0,1,0,1,0,0
856624696,0,1,1,0,1,0,1,0,0,1,1,0,0,1,0,1,0,0,0,1,0,0,1,0,1,0,0
857627420,0,1,1,0,1,0,1,0,0,1,1,0,0,1,0,1,0,0,0,1,0,0,1,0,1,0,0
858632961,0,1,1,0,1,0,1,0,0,1,1,0,0,1,0,1,0,0,0,1,0,0,1,0,1,0,0
859642085,0,1,1,0,1,0,1,0,0,1,1,0,0,1,0,1,0,0,0,1,0,0,1,0,1,0,0
860652319,0,1,1,0,1,0,1,0,0,1,1,0,0,1,0,1,0,0,0,1,0,0,1,0,1,0,0
861655989,0,1,1,0,1,0,1,0,0,1,1,0,0,1,0,1,0,0,0,1,0,0,1,0,1,0,0
862659108,0,1,1,0,1,0,1,0,0,1,1,0,0,1,0,1,0,0,0,1,0,0,1,0,1,0,0
863666785,0,1,1,0,1,0,1,0,0,1,1,0,0,1,0,1,0,0,0,1,0,0,1,0,1,0,0
864668252,0,1,1,0,1,0,1,0,0,1,1,0,0,1,0,1,0,0,0,1,0,0,1,0,1,0,0
865675511,0,1,1,0,1,0,1,0,0,1,1,0,0,1,0,1,0,0,0,1,0,0,1,0,1,0,0
866677226,0,1,1,0,1,0,1,0,0,1,1,0,0,1,0,1,0,0,0,1,0,0,1,0,1,0,0
867679193,0,1,1,0,1,0,1,0,0,1,1,0,0,1,0,1,0,0,0,1,0,0,1,0,1,0,0
868689564,0,1,1,0,1,0,1,0,0,1,1,0,0,1,0,1,0,0,0,1,0,0,1,0,1,0,0
869695176,0,1,1,0,1,0,1,0,0,1,1,0,0,1,0,1,0,0,0,1,0,0,1,0,1,0,0
870697453,0,1,1,0,1,0,1,0,0,1,1,0,0,1,0,1,0,0,0,1,0,0,1,0,1,0,0
871698105,0,1,1,0,1,0,1,0,0,1,1,0,0,1,0,1,0,0,0,1,0,0,1,0,1,0,0
872709780,0,1,1,0,1,0,1,0,0,1,1,0,0,1,0,1,0,0,0,1,0,0,1,0,1,0,0
873715837,0,1,1,0,1,0,1,0,0,1,1,0,0,1,0,1,0,0,0,1,0,0,1,0,1,0,0
874723498,0,1,1,0,1,0,1,0,0,1,1,0,0,1,0,1,0,0,0,1,0,0,1,0,1,0,0
875730110,0,1,1,0,1,0,1,0,0,1,1,0,0,1,0,1,0,0,0,1,0,0,1,0,1,0,0
876730551,0,1,1,0,1,0,1,0,0,1,1,0,0,1,0,1,0,0,0,1,0,0,1,0,1,0,0
877741630,0,1,1,0,1,0,1,0,0,1,1,0,0,1,0,1,0,0,0,1,0,0,1,0,1,0,0
878750947,0,1,1,0,1,0,1,0,0,1,1,0,0,1,0,1,0,0,0,1,0,0,1,0,1,0,0
879752757,0,1,1,0,1,0,1,0,0,1,1,0,0,1,0,1,0,0,0,1,0,0,1,0,1,0,0
880762903,0,1,1,0,1,0,1,0,0,1,1,0,0,1,0,1,0,0,0,1,0,0,1,0,1,0,0
881771169,0,1,1,0,1,0,1,0,0,1,1,0,0,1,0,1,0,0,0,1,0,0,1,0,1,0,0
882774894,0,1,1,0,1,0,1,0,0,1,1,0,0,1,0,1,0,0,0,1,0,0,1,0,1,0,0
883785138,0,1,1,0,1,0,1,0,0,1,1,0,0,1,0,1,0,0,0,1,0,0,1,0,1,0,0
884233090,0,1,1,0,1,1,1,1,1,1,1,0,0,1,0,1,0,0,0,1,0,0,1,0,1,0,0
884246556,0,1,1,0,1,0,1,0,0,1,1,0,0,1,0,1,0,0,0,1,0,0,1,0,1,0,0
884329601,0,1,1,0,1,0,1,0,0,1,1,0,0,1,0,1,0,0,0,1,0,0,1,0,1,0,0
885337267,0,1,1,0,1,0,1,0,0,1,1,0,0,1,0,1,0,0,0,1,0,0,1,0,1,0,0
886342736,0,1,1,0,1,0,1,0,0,1,1,0,0,1,0,1,0,0,0,1,0,0,1,0,1,0,0
887344164,0,1,1,0,1,0,1,0,0,1,1,0,0,1,0,1,0,0,0,1,0,0,1,0,1,0,0
888346659,0,1,1,0,1,0,1,0,0,1,1,0,0,1,0,1,0,0,0,1,0,0,1,0,1,0,0
889347937,0,1,1,0,1,0,1,0,0,1,1,0,0,1,0,1,0,0,0,1,0,0,1,0,1,0,0
890354169,0,1,1,0,1,0,1,0,0,1,1,0,0,1,0,1,0,0,0,1,0,0,1,0,1,0,0
891354229,0,1,1,0,1,0,1,0,0,1,1,0,0,1,0,1,0,0,0,1,0,0,1,0,1,0,0
892362195,0,1,1,0,1,0,1,0,0,1,1,0,0,1,0,1,0,0,0,1,0,0,1,0,1,0,0
893365652,0,1,1,0,1,0,1,0,0,1,1,0,0,1,0,1,0,0,0,1,0,0,1,0,1,0,0
894366672,0,1,1,0,1,0,1,0,0,1,1,0,0,1,0,1,0,0,0,1,0,0,1,0,1,0,0
895372533,0,1,1,0,1,0,1,0,0,1,1,0,0,1,0,1,0,0,0,1,0,0,1,0,1,0,0
896374351,0,1,1,0,1,0,1,0,0,1,1,0,0,1,0,1,0,0,0,1,0,0,1,0,1,0,0
897381509,0,1,1,0,1,0,1,0,0,1,1,0,0,1,0,1,0,0,0,1,0,0,1,0,1,0,0
898390167,0,1,1,0,1,0,1,0,0,1,1,0,0,1,0,1,0,0,0,1,0,0,1,0,1,0,0
899397216,0,1,1,0,1,0,1,0,0,1,1,0,0,1,0,1,0,0,0,1,0,0,1,0,1,0,0
900402913,0,1,1,0,1,0,1,0,0,1,1,0,0,1,0,1,0,0,0,1,0,0,1,0,1,0,0
901404601,0,1,1,0,1,0,1,0,0,1,1,0,0,1,0,1,0,0,0,1,0,0,1,0,1,0,0
902405112,0,1,1,0,1,0,1,0,0,1,1,0,0,1,0,1,0,0,0,1,0,0,1,0,1,0,0
903405120,0,1,1,0,1,0,1,0,0,1,1,0,0,1,0,1,0,0,0,1,0,0,1,0,1,0,0
904410759,0,1,1,0,1,0,1,0,0,1,1,0,0,1,0,1,0,0,0,1,0,0,1,0,1,0,0
905421147,0,1,1,0,1,0,1,0,0,1,1,0,0,1,0,1,0,0,0,1,0,0,1,0,1,0,0
906423475,0,1,1,0,1,0,1,0,0,1,1,0,0,1,0,1,0,0,0,1,0,0,1,0,1,0,0
907433393,0,1,1,0,1,0,1,0,0,1,1,0,0,1,0,1,0,0,0,1,0,0,1,0,1,0,0
908439575,0,1,1,0,1,0,1,0,0,1,1,0,0,1,0,1,0,0,0,1,0,0,1,0,1,0,0
909450168,0,1,1,0,1,0,1,0,0,1,1,0,0,1,0,1,0,0,0,1,0,0,1,0,1,0,0
910458684,0,1,1,0,1,0,1,0,0,1,1,0,0,1,0,1,0,0,0,1,0,0,1,0,1,0,0
911461235,0,1,1,0,1,0,1,0,0,1,1,0,0,1,0,1,0,0,0,1,0,0,1,0,1,0,0
912472300,0,1,1,0,1,0,1,0,0,1,1,0,0,1,0,1,0,0,0,1,0,0,1,0,1,0,0
913475100,0,1,1,0,1,0,1,0,0,1,1,0,0,1,0,1,0,0,0,1,0,0,1,0,1,0,0
914087114,0,1,1,0,1,1,1,1,1,1,1,0,0,1,0,1,0,0,0,1,0,0,1,0,1,0,0
914099035,0,1,1,0,1,0,1,0,0,1,1,0,0,1,0,1,0,0,0,1,0,0,1,0,1,0,0
914178130,0,1,1,0,1,0,1,0,0,1,1,0,0,1,0,1,0,0,0,1,0,0,1,0,1,0,0
915182165,0,1,1,0,1,0,1,0,0,1,1,0,0,1,0,1,0,0,0,1,0,0,1,0,1,0,0
916187562,0,1,1,0,1,0,1,0,0,1,1,0,0,1,0,1,0,0,0,1,0,0,1,0,1,0,0
917193160,0,1,1,0,1,0,1,0,0,1,1,0,0,1,0,1,0,0,0,1,0,0,1,0,1,0,0
918202675,0,1,1,0,1,0,1,0,0,1,1,0,0,1,0,1,0,0,0,1,0,0,1,0,1,0,0
919209419,0,1,1,0,1,0,1,0,0,1,1,0,0,1,0,1,0,0,0,1,0,0,1,0,1,0,0
920211789,0,1,1,0,1,0,1,0,0,1,1,0,0,1,0,1,0,0,0,1,0,0,1,0,1,0,0
921217358,0,1,1,0,1,0,1,0,0,1,1,0,0,1,0,1,0,0,0,1,0,0,1,0,1,0,0
922218197,0,1,1,0,1,0,1,0,0,1,1,0,0,1,0,1,0,0,0,1,0,0,1,0,1,0,0
923221334,0,1,1,0,1,0,1,0,0,1,1,0,0,1,0,1,0,0,0,1,0,0,1,0,1,0,0
924226108,0,1,1,0,1,0,1,0,0,1,1,0,0,1,0,1,0,0,0,1,0,0,1,0,1,0,0
925236578,0,1,1,0,1,0,1,0,0,1,1,0,0,1,0,1,0,0,0,1,0,0,1,0,1,0,0
926238951,0,1,1,0,1,0,1,0,0,1,1,0,0,1,0,1,0,0,0,1,0,0,1,0,1,0,0
927243248,0,1,1,0,1,0,1,0,0,1,1,0,0,1,0,1,0,0,0,1,0,0,1,0,1,0,0
928255383,0,1,1,0,1,0,1,0,0,1,1,0,0,1,0,1,0,0,0,1,0,0,1,0,1,0,0
929258099,0,1,1,0,1,0,1,0,0,1,1,0,0,1,0,1,0,0,0,1,0,0,1,0,1,0,0
930270332,0,1,1,0,1,0,1,0,0,1,1,0,0,1,0,1,0,0,0,1,0,0,1,0,1,0,0
931275099,0,1,1,0,1,0,1,0,0,1,1,0,0,1,0,1,0,0,0,1,0,0,1,0,1,0,0
932278885,0,1,1,0,1,0,1,0,0,1,1,0,0,1,0,1,0,0,0,1,0,0,1,0,1,0,0
933282093,0,1,1,0,1,0,1,0,0,1,1,0,0,1,0,1,0,0,0,1,0,0,1,0,1,0,0
934286618,0,1,1,0,1,0,1,0,0,1,1,0,0,1,0,1,0,0,0,1,0,0,1,0,1,0,0
935297516,0,1,1,0,1,0,1,0,0,1,1,0,0,1,0,1,0,0,0,1,0,0,1,0,1,0,0
936297876,0,1,1,0,1,0,1,0,0,1,1,0,0,1,0,1,0,0,0,1,0,0,1,0,1,0,0
937309584,0,1,1,0,1,0,1,0,0,1,1,0,0,1,0,1,0,0,0,1,0,0,1,0,1,0,0
938318815,0,1,1,0,1,0,1,0,0,1,1,0,0,1,0,1,0,0,0,1,0,0,1,0,1,0,0
939328645,0,1,1,0,1,0,1,0,0,1,1,0,0,1,0,1,0,0,0,1,0,0,1,0,1,0,0
940338347,0,1,1,0,1,0,1,0,0,1,1,0,0,1,0,1,0,0,0,1,0,0,1,0,1,0,0
941340410,0,1,1,0,1,0,1,0,0,1,1,0,0,1,0,1,0,0,0,1,0,0,1,0,1,0,0
942346101,0,1,1,0,1,0,1,0,0,1,1,0,0,1,0,1,0,0,0,1,0,0,1,0,1,0,0
943354194,0,1,1,0,1,0,1,0,0,1,1,0,0,1,0,1,0,0,0,1,0,0,1,0,1,0,0
944356220,0,1,1,0,1,0,1,0,0,1,1,0,0,1,0,1,0,0,0,1,0,0,1,0,1,0,0
945363892,0,1,1,0,1,0,1,0,0,1,1,0,0,1,0,1,0,0,0,1,0,0,1,0,1,0,0
946372179,0,1,1,0,1,0,1,0,0,1,1,0,0,1,0,1,0,0,0,1,0,0,1,0,1,0,0
947375929,0,1,1,0,1,0,1,0,0,1,1,0,0,1,0,1,0,0,0,1,0,0,1,0,1,0,0
948378691,0,1,1,0,1,0,1,0,0,1,1,0,0,1,0,1,0,0,0,1,0,0,1,0,1,0,0
949384051,0,1,1,0,1,0,1,0,0,1,1,0,0,1,0,1,0,0,0,1,0,0,1,0,1,0,0
950386030,0,1,1,0,1,0,1,0,0,1,1,0,0,1,0,1,0,0,0,1,0,0,1,0,1,0,0
951392028,0,1,1,0,1,0,1,0,0,1,1,0,0,1,0,1,0,0,0,1,0,0,1,0,1,0,0
952401365,0,1,1,0,1,0,1,0,0,1,1,0,0,1,0,1,0,0,0,1,0,0,1,0,1,0,0
953405165,0,1,1,0,1,0,1,0,0,1,1,0,0,1,0,1,0,0,0,1,0,0,1,0,1,0,0
954414838,0,1,1,0,1,0,1,0,0,1,1,0,0,1,0,1,0,0,0,1,0,0,1,0,1,0,0
955419452,0,1,1,0,1,0,1,0,0,1,1,0,0,1,0,1,0,0,0,1,0,0,1,0,1,0,0
956429521,0,1,1,0,1,0,1,0,0,1,1,0,0,1,0,1,0,0,0,1,0,0,1,0,1,0,0
957432044,0,1,1,0,1,0,1,0,0,1,1,0,0,1,0,1,0,0,0,1,0,0,1,0,1,0,0
958432976,0,1,1,0,1,0,1,0,0,1,1,0,0,1,0,1,0,0,0,1,0,0,1,0,1,0,0
959443085,0,1,1,0,1,0,1,0,0,1,1,0,0,1,0,1,0,0,0,1,0,0,1,0,1,0,0
960445415,0,1,1,0,1,0,1,0,0,1,1,0,0,1,0,1,0,0,0,1,0,0,1,0,1,0,0
961456718,0,1,1,0,1,0,1,0,0,1,1,0,0,1,0,1,0,0,0,1,0,0,1,0,1,0,0
962457539,0,1,1,0,1,0,1,0,0,1,1,0,0,1,0,1,0,0,0,1,0,0,1,0,1,0,0
963467035,0,1,1,0,1,0,1,0,0,1,1,0,0,1,0,1,0,0,0,1,0,0,1,0,1,0,0
964474190,0,1,1,0,1,0,1,0,0,1,1,0,0,1,0,1,0,0,0,1,0,0,1,0,1,0,0
965483381,0,1,1,0,1,0,1,0,0,1,1,0,0,1,0,1,0,0,0,1,0,0,1,0,1,0,0
966494524,0,1,1,0,1,0,1,0,0,1,1,0,0,1,0,1,0,0,0,1,0,0,1,0,1,0,0
967497908,0,1,1,0,1,0,1,0,0,1,1,0,0,1,0,1,0,0,0,1,0,0,1,0,1,0,0
968507156,0,1,1,0,1,0,1,0,0,1,1,0,0,1,0,1,0,0,0,1,0,0,1,0,1,0,0
969516207,0,1,1,0,1,0,1,0,0,1,1,0,0,1,0,1,0,0,0,1,0,0,1,0,1,0,0
970519157,0,1,1,0,1,0,1,0,0,1,1,0,0,1,0,1,0,0,0,1,0,0,1,0,1,0,0
971531826,0,1,1,0,1,0,1,0,0,1,1,0,0,1,0,1,0,0,0,1,0,0,1,0,1,0,0
972537109,0,1,1,0,1,0,1,0,0,1,1,0,0,1,0,1,0,0,0,1,0,0,1,0,1,0,0
973538818,0,1,1,0,1,0,1,0,0,1,1,0,0,1,0,1,0,0,0,1,0,0,1,0,1,0,0
974540261,0,1,1,0,1,0,1,0,0,1,1,0,0,1,0,1,0,0,0,1,0,0,1,0,1,0,0
975551053,0,1,1,0,1,0,1,0,0,1,1,0,0,1,0,1,0,0,0,1,0,0,1,0,1,0,0
976557183,0,1,1,0,1,0,1,0,0,1,1,0,0,1,0,1,0,0,0,1,0,0,1,0,1,0,0
977566272,0,1,1,0,1,0,1,0,0,1,1,0,0,1,0,1,0,0,0,1,0,0,1,0,1,0,0
978576985,0,1,1,0,1,0,1,0,0,1,1,0,0,1,0,1,0,0,0,1,0,0,1,0,1,0,0
979577471,0,1,1,0,1,0,1,0,0,1,1,0,0,1,0,1,0,0,0,1,0,0,1,0,1,0,0
980584249,0,1,1,0,1,0,1,0,0,1,1,0,0,1,0,1,0,0,0,1,0,0,1,0,1,0,0
981589111,0,1,1,0,1,0,1,0,0,1,1,0,0,1,0,1,0,0,0,1,0,0,1,0,1,0,0
982595442,0,1,1,0,1,0,1,0,0,1,1,0,0,1,0,1,0,0,0,1,0,0,1,0,1,0,0
983597147,0,1,1,0,1,0,1,0,0,1,1,0,0,1,0,1,0,0,0,1,0,0,1,0,1,0,0
984607439,0,1,1,0,1,0,1,0,0,1,1,0,0,1,0,1,0,0,0,1,0,0,1,0,1,0,0
985618635,0,1,1,0,1,0,1,0,0,1,1,0,0,1,0,1,0,0,0,1,0,0,1,0,1,0,0
986626765,0,1,1,0,1,0,1,0,0,1,1,0,0,1,0,1,0,0,0,1,0,0,1,0,1,0,0
987629306,0,1,1,0,1,0,1,0,0,1,1,0,0,1,0,1,0,0,0,1,0,0,1,0,1,0,0
988639082,0,1,1,0,1,0,1,0,0,1,1,0,0,1,0,1,0,0,0,1,0,0,1,0,1,0,0
989640186,0,1,1,0,1,0,1,0,0,1,1,0,0,1,0,1,0,0,0,1,0,0,1,0,1,0,0
990650302,0,1,1,0,1,0,1,0,0,1,1,0,0,1,0,1,0,0,0,1,0,0,1,0,1,0,0
991654048,0,1,1,0,1,0,1,0,0,1,1,0,0,1,0,1,0,0,0,1,0,0,1,0,1,0,0
992655378,0,1,1,0,1,0,1,0,0,1,1,0,0,1,0,1,0,0,0,1,0,0,1,0,1,0,0
993659619,0,1,1,0,1,0,1,0,0,1,1,0,0,1,0,1,0,0,0,1,0,0,1,0,1,0,0
994667112,0,1,1,0,1,0,1,0,0,1,1,0,0,1,0,1,0,0,0,1,0,0,1,0,1,0,0
995675617,0,1,1,0,1,0,1,0,0,1,1,0,0,1,0,1,0,0,0,1,0,0,1,0,1,0,0
996677354,0,1,1,0,1,0,1,0,0,1,1,0,0,1,0,1,0,0,0,1,0,0,1,0,1,0,0
997679130,0,1,1,0,1,0,1,0,0,1,1,0,0,1,0,1,0,0,0,1,0,0,1,0,1,0,0
998685460,0,1,1,0,1,0,1,0,0,1,1,0,0,1,0,1,0,0,0,1,0,0,1,0,1,0,0
999690845,0,1,1,0,1,0,1,0,0,1,1,0,0,1,0,1,0,0,0,1,0,0,1,0,1,0,0
1000693739,0,1,1,0,1,0,1,0,0,1,1,0,0,1,0,1,0,0,0,1,0,0,1,0,1,0,0
1001695051,0,1,1,0,1,0,1,0,0,1,1,0,0,1,0,1,0,0,0,1,0,0,1,0,1,0,0
1002698381,0,1,1,0,1,0,1,0,0,1,1,0,0,1,0,1,0,0,0,1,0,0,1,0,1,0,0
1003706827,0,1,1,0,1,0,1,0,0,1,1,0,0,1,0,1,0,0,0,1,0,0,1,0,1,0,0
1004716002,0,1,1,0,1,0,1,0,0,1,1,0,0,1,0,1,0,0,0,1,0,0,1,0,1,0,0
1005718259,0,1,1,0,1,0,1,0,0,1,1,0,0,1,0,1,0,0,0,1,0,0,1,0,1,0,0
1006729106,0,1,1,0,1,0,1,0,0,1,1,0,0,1,0,1,0,0,0,1,0,0,1,0,1,0,0
1007737852,0,1,1,0,1,0,1,0,0,1,1,0,0,1,0,1,0,0,0,1,0,0,1,0,1,0,0
1008744189,0,1,1,0,1,0,1,0,0,1,1,0,0,1,0,1,0,0,0,1,0,0,1,0,1,0,0
1009746020,0,1,1,0,1,0,1,0,0,1,1,0,0,1,0,1,0,0,0,1,0,0,1,0,1,0,0
1010748495,0,1,1,0,1,0,1,0,0,1,1,0,0,1,0,1,0,0,0,1,0,0,1,0,1,0,0
1011748685,0,1,1,0,1,0,1,0,0,1,1,0,0,1,0,1,0,0,0,1,0,0,1,0,1,0,0
1012756194,0,1,1,0,1,0,1,0,0,1,1,0,0,1,0,1,0,0,0,1,0,0,1,0,1,0,0
1013764240,0,1,1,0,1,0,1,0,0,1,1,0,0,1,0,1,0,0,0,1,0,0,1,0,1,0,0
1014766152,0,1,1,0,1,0,1,0,0,1,1,0,0,1,0,1,0,0,0,1,0,0,1,0,1,0,0
1015768818,0,1,1,0,1,0,1,0,0,1,1,0,0,1,0,1,0,0,0,1,0,0,1,0,1,0,0
1016779179,0,1,1,0,1,0,1,0,0,1,1,0,0,1,0,1,0,0,0,1,0,0,1,0,1,0,0
1017780236,0,1,1,0,1,0,1,0,0,1,1,0,0,1,0,1,0,0,0,1,0,0,1,0,1,0,0
1018785610,0,1,1,0,1,0,1,0,0,1,1,0,0,1,0,1,0,0,0,1,0,0,1,0,1,0,0
1019792544,0,1,1,0,1,0,1,0,0,1,1,0,0,1,0,1,0,0,0,1,0,0,1,0,1,0,0
1020795045,0,1,1,0,1,0,1,0,0,1,1,0,0,1,0,1,0,0,0,1,0,0,1,0,1,0,0
1021803159,0,1,1,0,1,0,1,0,0,1,1,0,0,1,0,1,0,0,0,1,0,0,1,0,1,0,0
1022813160,0,1,1,0,1,0,1,0,0,1,1,0,0,1,0,1,0,0,0,1,0,0,1,0,1,0,0
1023822913,0,1,1,0,1,0,1,0,0,1,1,0,0,1,0,1,0,0,0,1,0,0,1,0,1,0,0
1024175736,0,1,1,0,1,1,1,1,1,1,1,0,0,1,0,1,0,0,0,1,0,0,1,0,1,0,0
1024186943,0,1,1,0,1,0,1,0,0,1,1,0,0,1,0,1,0,0,0,1,0,0,1,0,1,0,0
1024280581,0,1,1,0,1,0,1,0,0,1,1,0,0,1,0,1,0,0,0,1,0,0,1,0,1,0,0
1025289520,0,1,1,0,1,0,1,0,0,1,1,0,0,1,0,1,0,0,0,1,0,0,1,0,1,0,0
1026295710,0,1,1,0,1,0,1,0,0,1,1,0,0,1,0,1,0,0,0,1,0,0,1,0,1,0,0
1027303148,0,1,1,0,1,0,1,0,0,1,1,0,0,1,0,1,0,0,0,1,0,0,1,0,1,0,0
1028307106,0,1,1,0,1,0,1,0,0,1,1,0,0,1,0,1,0,0,0,1,0,0,1,0,1,0,0
1029309284,0,1,1,0,1,0,1,0,0,1,1,0,0,1,0,1,0,0,0,1,0,0,1,0,1,0,0
1030311167,0,1,1,0,1,0,1,0,0,1,1,0,0,1,0,1,0,0,0,1,0,0,1,0,1,0,0
1031313237,0,1,1,0,1,0,1,0,0,1,1,0,0,1,0,1,0,0,0,1,0,0,1,0,1,0,0
1032318891,0,1,1,0,1,0,1,0,0,1,1,0,0,1,0,1,0,0,0,1,0,0,1,0,1,0,0
1033324226,0,1,1,0,1,0,1,0,0,1,1,0,0,1,0,1,0,0,0,1,0,0,1,0,1,0,0
1034329941,0,1,1,0,1,0,1,0,0,1,1,0,0,1,0,1,0,0,0,1,0,0,1,0,1,0,0
1035330647,0,1,1,0,1,0,1,0,0,1,1,0,0,1,0,1,0,0,0,1,0,0,1,0,1,0,0
1036337639,0,1,1,0,1,0,1,0,0,1,1,0,0,1,0,1,0,0,0,1,0,0,1,0,1,0,0
1037339407,0,1,1,0,1,0,1,0,0,1,1,0,0,1,0,1,0,0,0,1,0,0,1,0,1,0,0
1038349113,0,1,1,0,1,0,1,0,0,1,1,0,0,1,0,1,0,0,0,1,0,0,1,0,1,0,0
1039356218,0,1,1,0,1,0,1,0,0,1,1,0,0,1,0,1,0,0,0,1,0,0,1,0,1,0,0
1040364048,0,1,1,0,1,0,1,0,0,1,1,0,0,1,0,1,0,0,0,1,0,0,1,0,1,0,0
1041367140,0,1,1,0,1,0,1,0,0,1,1,0,0,1,0,1,0,0,0,1,0,0,1,0,1,0,0
1042375668,0,1,1,0,1,0,1,0,0,1,1,0,0,1,0,1,0,0,0,1,0,0,1,0,1,0,0
1043385515,0,1,1,0,1,0,1,0,0,1,1,0,0,1,0,1,0,0,0,1,0,0,1,0,1,0,0
1044391680,0,1,1,0,1,0,1,0,0,1,1,0,0,1,0,1,0,0,0,1,0,0,1,0,1,0,0
1045393606,0,1,1,0,1,0,1,0,0,1,1,0,0,1,0,1,0,0,0,1,0,0,1,0,1,0,0
1046395229,0,1,1,0,1,0,1,0,0,1,1,0,0,1,0,1,0,0,0,1,0,0,1,0,1,0,0
1047406119,0,1,1,0,1,0,1,0,0,1,1,0,0,1,0,1,0,0,0,1,0,0,1,0,1,0,0
1048407103,0,1,1,0,1,0,1,0,0,1,1,0,0,1,0,1,0,0,0,1,0,0,1,0,1,0,0
1049417183,0,1,1,0,1,0,1,0,0,1,1,0,0,1,0,1,0,0,0,1,0,0,1,0,1,0,0
1050422278,0,1,1,0,1,0,1,0,0,1,1,0,0,1,0,1,0,0,0,1,0,0,1,0,1,0,0
1051431751,0,1,1,0,1,0,1,0,0,1,1,0,0,1,0,1,0,0,0,1,0,0,1,0,1,0,0
1052442114,0,1,1,0,1,0,1,0,0,1,1,0,0,1,0,1,0,0,0,1,0,0,1,0,1,0,0
1053446857,0,1,1,0,1,0,1,0,0,1,1,0,0,1,0,1,0,0,0,1,0,0,1,0,1,0,0
1054449447,0,1,1,0,1,0,1,0,0,1,1,0,0,1,0,1,0,0,0,1,0,0,1,0,1,0,0
1055453148,0,1,1,0,1,0,1,0,0,1,1,0,0,1,0,1,0,0,0,1,0,0,1,0,1,0,0
1056460300,0,1,1,0,1,0,1,0,0,1,1,0,0,1,0,1,0,0,0,1,0,0,1,0,1,0,0
1057466842,0,1,1,0,1,0,1,0,0,1,1,0,0,1,0,1,0,0,0,1,0,0,1,0,1,0,0
1058473425,0,1,1,0,1,0,1,0,0,1,1,0,0,1,0,1,0,0,0,1,0,0,1,0,1,0,0
1059482019,0,1,1,0,1,0,1,0,0,1,1,0,0,1,0,1,0,0,0,1,0,0,1,0,1,0,0
1060486100,0,1,1,0,1,0,1,0,0,1,1,0,0,1,0,1,0,0,0,1,0,0,1,0,1,0,0
1061493738,0,1,1,0,1,0,1,0,0,1,1,0,0,1,0,1,0,0,0,1,0,0,1,0,1,0,0
1062498649,0,1,1,0,1,0,1,0,0,1,1,0,0,1,0,1,0,0,0,1,0,0,1,0,1,0,0
1063508507,0,1,1,0,1,0,1,0,0,1,1,0,0,1,0,1,0,0,0,1,0,0,1,0,1,0,0
1064518092,0,1,1,0,1,0,1,0,0,1,1,0,0,1,0,1,0,0,0,1,0,0,1,0,1,0,0
1065524546,0,1,1,0,1,0,1,0,0,1,1,0,0,1,0,1,0,0,0,1,0,0,1,0,1,0,0
1066526235,0,1,1,0,1,0,1,0,0,1,1,0,0,1,0,1,0,0,0,1,0,0,1,0,1,0,0
1067536163,0,1,1,0,1,0,1,0,0,1,1,0,0,1,0,1,0,0,0,1,0,0,1,0,1,0,0
1068540045,0,1,1,0,1,0,1,0,0,1,1,0,0,1,0,1,0,0,0,1,0,0,1,0,1,0,0
1069549102,0,1,1,0,1,0,1,0,0,1,1,0,0,1,0,1,0,0,0,1,0,0,1,0,1,0,0
1070559156,0,1,1,0,1,0,1,0,0,1,1,0,0,1,0,1,0,0,0,1,0,0,1,0,1,0,0
1071565878,0,1,1,0,1,0,1,0,0,1,1,0,0,1,0,1,0,0,0,1,0,0,1,0,1,0,0
1072571241,0,1,1,0,1,0,1,0,0,1,1,0,0,1,0,1,0,0,0,1,0,0,1,0,1,0,0
1073578022,0,1,1,0,1,0,1,0,0,1,1,0,0,1,0,1,0,0,0,1,0,0,1,0,1,0,0
1074580241,0,1,1,0,1,0,1,0,0,1,1,0,0,1,0,1,0,0,0,1,0,0,1,0,1,0,0
1075581830,0,1,1,0,1,0,1,0,0,1,1,0,0,1,0,1,0,0,0,1,0,0,1,0,1,0,0
1076591734,0,1,1,0,1,0,1,0,0,1,1,0,0,1,0,1,0,0,0,1,0,0,1,0,1,0,0
1077592544,0,1,1,0,1,0,1,0,0,1,1,0,0,1,0,1,0,0,0,1,0,0,1,0,1,0,0
1078602429,0,1,1,0,1,0,1,0,0,1,1,0,0,1,0,1,0,0,0,1,0,0,1,0,1,0,0
1079609630,0,1,1,0,1,0,1,0,0,1,1,0,0,1,0,1,0,0,0,1,0,0,1,0,1,0,0
1080610668,0,1,1,0,1,0,1,0,0,1,1,0,0,1,0,1,0,0,0,1,0,0,1,0,1,0,0
1081614099,0,1,1,0,1,0,1,0,0,1,1,0,0,1,0,1,0,0,0,1,0,0,1,0,1,0,0
1082626863,0,1,1,0,1,0,1,0,0,1,1,0,0,1,0,1,0,0,0,1,0,0,1,0,1,0,0
1083628255,0,1,1,0,1,0,1,0,0,1,1,0,0,1,0,1,0,0,0,1,0,0,1,0,1,0,0
1084628841,0,1,1,0,1,0,1,0,0,1,1,0,0,1,0,1,0,0,0,1,0,0,1,0,1,0,0
1085630260,0,1,1,0,1,0,1,0,0,1,1,0,0,1,0,1,0,0,0,1,0,0,1,0,1,0,0
1086639807,0,1,1,0,1,0,1,0,0,1,1,0,0,1,0,1,0,0,0,1,0,0,1,0,1,0,0
1087642652,0,1,1,0,1,0,1,0,0,1,1,0,0,1,0,1,0,0,0,1,0,0,1,0,1,0,0
1088643450,0,1,1,0,1,0,1,0,0,1,1,0,0,1,0,1,0,0,0,1,0,0,1,0,1,0,0
1089650227,0,1,1,0,1,0,1,0,0,1,1,0,0,1,0,1,0,0,0,1,0,0,1,0,1,0,0
1090659631,0,1,1,0,1,0,1,0,0,1,1,0,0,1,0,1,0,0,0,1,0,0,1,0,1,0,0
1091669173,0,1,1,0,1,0,1,0,0,1,1,0,0,1,0,1,0,0,0,1,0,0,1,0,1,0,0
1092678451,0,1,1,0,1,0,1,0,0,1,1,0,0,1,0,1,0,0,0,1,0,0,1,0,1,0,0
1093683658,0,1,1,0,1,0,1,0,0,1,1,0,0,1,0,1,0,0,0,1,0,0,1,0,1,0,0
1094685522,0,1,1,0,1,0,1,0,0,1,1,0,0,1,0,1,0,0,0,1,0,0,1,0,1,0,0
1094826447,0,1,1,0,1,1,1,1,1,1,1,0,0,1,0,1,0,0,0,1,0,0,1,0,1,0,0
1094838890,0,1,1,0,1,0,1,0,0,1,1,0,0,1,0,1,0,0,0,1,0,0,1,0,1,0,0
1094899338,0,1,1,0,1,0,1,0,0,1,1,0,0,1,0,1,0,0,0,1,0,0,1,0,1,0,0
1094923073,0,1,1,0,1,0,1,0,0,1,1,0,0,1,0,1,0,0,0,1,0,0,1,0,1,0,0
1095924178,0,1,1,0,1,0,1,0,0,1,1,0,0,1,0,1,0,0,0,1,0,0,1,0,1,0,0
1096930423,0,1,1,0,1,0,1,0,0,1,1,0,0,1,0,1,0,0,0,1,0,0,1,0,1,0,0
1097930814,0,1,1,0,1,0,1,0,0,1,1,0,0,1,0,1,0,0,0,1,0,0,1,0,1,0,0
1098933051,0,1,1,0,1,0,1,0,0,1,1,0,0,1,0,1,0,0,0,1,0,0,1,0,1,0,0
1099934217,0,1,1,0,1,0,1,0,0,1,1,0,0,1,0,1,0,0,0,1,0,0,1,0,1,0,0
1100143749,0,1,1,0,1,1,1,1,1,1,1,0,0,1,0,1,0,0,0,1,0,0,1,0,1,0,0
1100671899,0,1,1,0,1,1,1,1,1,1,1,0,0,1,0,1,0,0,0,1,0,0,1,0,1,0,0
1100684035,0,1,1,0,1,0,1,0,0,1,1,0,0,1,0,1,0,0,0,1,0,0,1,0,1,0,0
1101689268,0,1,1,0,1,0,1,0,0,1,1,0,0,1,0,1,0,0,0,1,0,0,1,0,1,0,0
1102698718,0,1,1,0,1,0,1,0,0,1,1,0,0,1,0,1,0,0,0,1,0,0,1,0,1,0,0
1103699103,0,1,1,0,1,0,1,0,0,1,1,0,0,1,0,1,0,0,0,1,0,0,1,0,1,0,0
1103756798,0,1,1,0,1,0,1,0,0,1,1,0,0,1,0,1,0,0,0,1,0,0,1,0,1,0,0
1103767131,0,1,1,0,1,1,1,1,1,1,1,0,0,1,0,1,0,0,0,1,0,0,1,0,1,0,0
1104774941,0,1,1,0,1,1,1,1,1,1,1,0,0,1,0,1,0,0,0,1,0,0,1,0,1,0,0
1105782167,0,1,1,0,1,1,1,1,1,1,1,0,0,1,0,1,0,0,0,1,0,0,1,0,1,0,0
1106790110,0,1,1,0,1,1,1,1,1,1,1,0,0,1,0,1,0,0,0,1,0,0,1,0,1,0,0
1107792149,0,1,1,0,1,1,1,1,1,1,1,0,0,1,0,1,0,0,0,1,0,0,1,0,1,0,0
1108797819,0,1,1,0,1,1,1,1,1,1,1,0,0,1,0,1,0,0,0,1,0,0,1,0,1,0,0
1109803053,0,1,1,0,1,1,1,1,1,1,1,0,0,1,0,1,0,0,0,1,0,0,1,0,1,0,0
1110805183,0,1,1,0,1,1,1,1,1,1,1,0,0,1,0,1,0,0,0,1,0,0,1,0,1,0,0
1111814701,0,1,1,0,1,1,1,1,1,1,1,0,0,1,0,1,0,0,0,1,0,0,1,0,1,0,0
1112824521,0,1,1,0,1,1,1,1,1,1,1,0,0,1,0,1,0,0,0,1,0,0,1,0,1,0,0
1113545130,0,1,1,0,1,1,1,1,1,1,1,0,0,1,0,1,0,0,0,1,0,0,1,0,1,0,0
1114545172,0,1,1,0,1,1,1,1,1,1,1,0,0,1,0,1,0,0,0,1,0,0,1,0,1,0,0
1115209137,0,1,1,0,1,1,1,1,1,1,1,0,0,1,0,1,0,0,0,1,0,0,1,0,1,0,0
1116029963,0,1,1,0,1,1,1,1,1,1,1,0,0,1,0,1,0,0,0,1,0,0,1,0,1,0,0
1116102428,0,1,1,0,1,1,1,1,1,1,1,0,0,1,0,1,0,0,0,1,0,0,1,0,1,0,0
1117109311,0,1,1,0,1,1,1,1,1,1,1,0,0,1,0,1,0,0,0,1,0,0,1,0,1,0,0
1118058335,0,1,1,0,1,1,1,1,1,1,1,0,0,1,0,1,0,0,0,1,0,0,1,0,1,0,0
1118505503,0,1,1,0,1,1,1,1,1,1,1,0,0,1,0,1,0,0,0,1,0,0,1,0,1,0,0
1119512489,0,1,1,0,1,1,1,1,1,1,1,0,0,1,0,1,0,0,0,1,0,0,1,0,1,0,0
1120516995,0,1,1,0,1,1,1,1,1,1,1,0,0,1,0,1,0,0,0,1,0,0,1,0,1,0,0
1122127112,0,1,1,0,1,1,1,1,1,1,1,0,0,1,0,1,0,0,0,1,0,0,1,0,1,0,0
1123128612,0,1,1,0,1,1,1,1,1,1,1,0,0,1,0,1,0,0,0,1,0,0,1,0,1,0,0
1124139339,0,1,1,0,1,1,1,1,1,1,1,0,0,1,0,1,0,0,0,1,0,0,1,0,1,0,0
1125143711,0,1,1,0,1,1,1,1,1,1,1,0,0,1,0,1,0,0,0,1,0,0,1,0,1,0,0
1126153104,0,1,1,0,1,1,1,1,1,1,1,0,0,1,0,1,0,0,0,1,0,0,1,0,1,0,0
1127155929,0,1,1,0,1,1,1,1,1,1,1,0,0,1,0,1,0,0,0,1,0,0,1,0,1,0,0
1127585128,0,1,1,0,1,1,1,1,1,1,1,0,0,1,0,1,0,0,0,1,0,0,1,0,1,0,0
1127596594,0,1,1,0,1,1,1,1,1,1,1,0,0,1,0,1,0,0,0,1,0,0,1,0,1,0,0
1127686043,0,1,1,0,1,1,1,1,1,1,1,0,0,1,0,1,0,0,0,1,0,0,1,0,1,0,0
1128601467,0,1,1,0,1,1,1,1,1,1,1,0,0,1,0,1,0,0,0,1,0,0,1,0,1,0,0
1129611190,0,1,1,0,1,1,1,1,1,1,1,0,0,1,0,1,0,0,0,1,0,0,1,0,1,0,0
1130619106,0,1,1,0,1,1,1,1,1,1,1,0,0,1,0,1,0,0,0,1,0,0,1,0,1,0,0
1131626152,0,1,1,0,1,1,1,1,1,1,1,0,0,1,0,1,0,0,0,1,0,0,1,0,1,0,0
1132628546,0,1,1,0,1,1,1,1,1,1,1,0,0,1,0,1,0,0,0,1,0,0,1,0,1,0,0
1133638973,0,1,1,0,1,1,1,1,1,1,1,0,0,1,0,1,0,0,0,1,0,0,1,0,1,0,0
1134648185,0,1,1,0,1,1,1,1,1,1,1,0,0,1,0,1,0,0,0,1,0,0,1,0,1,0,0
1135613119,0,1,1,0,1,1,1,1,1,1,1,0,0,1,0,1,0,0,0,1,0,0,1,0,1,0,0
1135649739,0,1,1,0,1,1,1,1,1,1,1,0,0,1,0,1,0,0,0,1,0,0,1,0,1,0,0
1136650093,0,1,1,0,1,1,1,1,1,1,1,0,0,1,0,1,0,0,0,1,0,0,1,0,1,0,0
1137656527,0,1,1,0,1,1,1,1,1,1,1,0,0,1,0,1,0,0,0,1,0,0,1,0,1,0,0
1138661914,0,1,1,0,1,1,1,1,1,1,1,0,0,1,0,1,0,0,0,1,0,0,1,0,1,0,0
1139666168,0,1,1,0,1,1,1,1,1,1,1,0,0,1,0,1,0,0,0,1,0,0,1,0,1,0,0
1140669761,0,1,1,0,1,1,1,1,1,1,1,0,0,1,0,1,0,0,0,1,0,0,1,0,1,0,0
1141676917,0,1,1,0,1,1,1,1,1,1,1,0,0,1,0,1,0,0,0,1,0,0,1,0,1,0,0
1142683240,0,1,1,0,1,1,1,1,1,1,1,0,0,1,0,1,0,0,0,1,0,0,1,0,1,0,0
1142975190,0,1,1,0,1,1,1,1,1,1,1,0,0,1,0,1,0,0,0,1,0,0,1,0,1,0,0
1142986117,0,1,1,0,1,1,1,0,0,1,1,0,0,1,0,1,0,0,0,1,0,0,1,0,1,0,0
1143982608,0,1,1,0,1,0,1,0,0,1,1,0,0,1,0,1,0,0,0,1,0,0,1,0,1,0,0
1144990241,0,1,1,0,1,0,1,0,0,1,1,0,0,1,0,1,0,0,0,1,0,0,1,0,1,0,0
1145995133,0,1,1,0,1,0,1,0,0,1,1,0,0,1,0,1,0,0,0,1,0,0,1,0,1,0,0
1146998102,0,1,1,0,1,0,1,0,0,1,1,0,0,1,0,1,0,0,0,1,0,0,1,0,1,0,0
1148002402,0,1,1,0,1,0,1,0,0,1,1,0,0,1,0,1,0,0,0,1,0,0,1,0,1,0,0
1149004251,0,1,1,0,1,0,1,0,0,1,1,0,0,1,0,1,0,0,0,1,0,0,1,0,1,0,0
1150014107,0,1,1,0,1,0,1,0,0,1,1,0,0,1,0,1,0,0,0,1,0,0,1,0,1,0,0
1151018449,0,1,1,0,1,0,1,0,0,1,1,0,0,1,0,1,0,0,0,1,0,0,1,0,1,0,0
1152020056,0,1,1,0,1,0,1,0,0,1,1,0,0,1,0,1,0,0,0,1,0,0,1,0,1,0,0
1153029143,0,1,1,0,1,0,1,0,0,1,1,0,0,1,0,1,0,0,0,1,0,0,1,0,1,0,0
1154029156,0,1,1,0,1,0,1,0,0,1,1,0,0,1,0,1,0,0,0,1,0,0,1,0,1,0,0
1155038125,0,1,1,0,1,0,1,0,0,1,1,0,0,1,0,1,0,0,0,1,0,0,1,0,1,0,0
1156040046,0,1,1,0,1,0,1,0,0,1,1,0,0,1,0,1,0,0,0,1,0,0,1,0,1,0,0
1157040791,0,1,1,0,1,0,1,0,0,1,1,0,0,1,0,1,0,0,0,1,0,0,1,0,1,0,0
1158048277,0,1,1,0,1,0,1,0,0,1,1,0,0,1,0,1,0,0,0,1,0,0,1,0,1,0,0
1159049106,0,1,1,0,1,0,1,0,0,1,1,0,0,1,0,1,0,0,0,1,0,0,1,0,1,0,0
1160053151,0,1,1,0,1,0,1,0,0,1,1,0,0,1,0,1,0,0,0,1,0,0,1,0,1,0,0
1161063900,0,1,1,0,1,0,1,0,0,1,1,0,0,1,0,1,0,0,0,1,0,0,1,0,1,0,0
1162073452,0,1,1,0,1,0,1,0,0,1,1,0,0,1,0,1,0,0,0,1,0,0,1,0,1,0,0
1163075107,0,1,1,0,1,0,1,0,0,1,1,0,0,1,0,1,0,0,0,1,0,0,1,0,1,0,0
1164077257,0,1,1,0,1,0,1,0,0,1,1,0,0,1,0,1,0,0,0,1,0,0,1,0,1,0,0
1164990156,0,1,1,0,1,1,1,0,0,1,1,0,0,1,0,1,0,0,0,1,0,0,1,0,1,0,0
1166786115,0,1,1,0,1,0,1,0,0,1,1,0,0,1,0,1,0,0,0,1,0,0,1,0,1,0,0
1167786322,0,1,1,0,1,0,1,0,0,1,1,0,0,1,0,1,0,0,0,1,0,0,1,0,1,0,0
1168791107,0,1,1,0,1,0,1,0,0,1,1,0,0,1,0,1,0,0,0,1,0,0,1,0,1,0,0
1169801771,0,1,1,0,1,0,1,0,0,1,1,0,0,1,0,1,0,0,0,1,0,0,1,0,1,0,0
1170804266,0,1,1,0,1,0,1,0,0,1,1,0,0,1,0,1,0,0,0,1,0,0,1,0,1,0,0
1171813835,0,1,1,0,1,0,1,0,0,1,1,0,0,1,0,1,0,0,0,1,0,0,1,0,1,0,0
1172819115,0,1,1,0,1,0,1,0,0,1,1,0,0,1,0,1,0,0,0,1,0,0,1,0,1,0,0
1173819145,0,1,1,0,1,0,1,0,0,1,1,0,0,1,0,1,0,0,0,1,0,0,1,0,1,0,0
1174822170,0,1,1,0,1,0,1,0,0,1,1,0,0,1,0,1,0,0,0,1,0,0,1,0,1,0,0
1175826045,0,1,1,0,1,0,1,0,0,1,1,0,0,1,0,1,0,0,0,1,0,0,1,0,1,0,0
1176830321,0,1,1,0,1,0,1,0,0,1,1,0,0,1,0,1,0,0,0,1,0,0,1,0,1,0,0
1177834160,0,1,1,0,1,0,1,0,0,1,1,0,0,1,0,1,0,0,0,1,0,0,1,0,1,0,0
1178840051,0,1,1,0,1,0,1,0,0,1,1,0,0,1,0,1,0,0,0,1,0,0,1,0,1,0,0
1179842553,0,1,1,0,1,0,1,0,0,1,1,0,0,1,0,1,0,0,0,1,0,0,1,0,1,0,0
1180848842,0,1,1,0,1,0,1,0,0,1,1,0,0,1,0,1,0,0,0,1,0,0,1,0,1,0,0
1181858248,0,1,1,0,1,0,1,0,0,1,1,0,0,1,0,1,0,0,0,1,0,0,1,0,1,0,0
1182862101,0,1,1,0,1,0,1,0,0,1,1,0,0,1,0,1,0,0,0,1,0,0,1,0,1,0,0
1183866602,0,1,1,0,1,0,1,0,0,1,1,0,0,1,0,1,0,0,0,1,0,0,1,0,1,0,0
1184553112,0,1,1,0,1,1,1,0,0,1,1,0,0,1,0,1,0,0,0,1,0,0,1,0,1,0,0
1185253210,0,1,1,0,1,1,1,1,1,1,1,0,0,1,0,1,0,0,0,1,0,0,1,0,1,0,0
1186263228,0,1,1,0,1,1,1,1,1,1,1,0,0,1,0,1,0,0,0,1,0,0,1,0,1,0,0
1187267810,0,1,1,0,1,1,1,1,1,1,1,0,0,1,0,1,0,0,0,1,0,0,1,0,1,0,0
1187504599,0,1,1,0,1,1,1,1,1,1,1,0,0,1,0,1,0,0,0,1,0,0,1,0,1,0,0
1187972342,0,1,1,0,1,1,1,1,1,1,1,0,0,1,0,1,0,0,0,1,0,0,1,0,1,0,0
1188975160,0,1,1,0,1,1,1,1,1,1,1,0,0,1,0,1,0,0,0,1,0,0,1,0,1,0,0
1189981121,0,1,1,0,1,1,1,1,1,1,1,0,0,1,0,1,0,0,0,1,0,0,1,0,1,0,0
1190986691,0,1,1,0,1,1,1,1,1,1,1,0,0,1,0,1,0,0,0,1,0,0,1,0,1,0,0
1191996370,0,1,1,0,1,1,1,1,1,1,1,0,0,1,0,1,0,0,0,1,0,0,1,0,1,0,0
1193002338,0,1,1,0,1,1,1,1,1,1,1,0,0,1,0,1,0,0,0,1,0,0,1,0,1,0,0
1193085477,0,1,1,0,1,1,1,1,1,0,1,0,0,1,0,1,0,0,0,1,0,0,1,0,1,0,0
1194079821,0,1,1,0,1,0,1,1,1,0,1,0,0,1,0,1,0,0,0,1,0,0,1,0,1,0,0
1195080050,0,1,1,0,1,0,1,1,1,0,1,0,0,1,0,1,0,0,0,1,0,0,1,0,1,0,0
1196082665,0,1,1,0,1,0,1,1,1,0,1,0,0,1,0,1,0,0,0,1,0,0,1,0,1,0,0
1197093057,0,1,1,0,1,0,1,1,1,0,1,0,0,1,0,1,0,0,0,1,0,0,1,0,1,0,0
1198094583,0,1,1,0,1,0,1,1,1,0,1,0,0,1,0,1,0,0,0,1,0,0,1,0,1,0,0
1199104463,0,1,1,0,1,0,1,1,1,0,1,0,0,1,0,1,0,0,0,1,0,0,1,0,1,0,0
1199942407,0,1,1,0,1,0,1,1,1,1,1,0,0,1,0,1,0,0,0,1,0,0,1,0,1,0,0
1200939410,0,1,1,0,1,1,1,1,1,1,1,0,0,1,0,1,0,0,0,1,0,0,1,0,1,0,0
1201945056,0,1,1,0,1,1,1,1,1,1,1,0,0,1,0,1,0,0,0,1,0,0,1,0,1,0,0
1202955004,0,1,1,0,1,1,1,1,1,1,1,0,0,1,0,1,0,0,0,1,0,0,1,0,1,0,0
1203955928,0,1,1,0,1,1,1,1,1,1,1,0,0,1,0,1,0,0,0,1,0,0,1,0,1,0,0
1204958201,0,1,1,0,1,1,1,1,1,1,1,0,0,1,0,1,0,0,0,1,0,0,1,0,1,0,0
1205966065,0,1,1,0,1,1,1,1,1,1,1,0,0,1,0,1,0,0,0,1,0,0,1,0,1,0,0
1206974124,0,1,1,0,1,1,1,1,1,1,1,0,0,1,0,1,0,0,0,1,0,0,1,0,1,0,0
1207989553,0,1,1,0,1,1,1,1,1,1,1,0,0,1,0,1,0,0,0,1,0,0,1,0,1,0,0
1208612164,0,1,1,0,1,1,1,1,1,1,1,0,0,1,0,1,0,0,0,1,0,0,1,0,1,0,0
1209614974,0,1,1,0,1,1,1,1,1,1,1,0,0,1,0,1,0,0,0,1,0,0,1,0,1,0,0
1210619712,0,1,1,0,1,1,1,1,1,1,1,0,0,1,0,1,0,0,0,1,0,0,1,0,1,0,0
1211530336,0,1,1,0,1,1,1,1,1,1,1,0,0,1,0,1,0,0,0,1,0,0,1,0,1,0,0
1212723080,0,1,1,0,1,1,1,1,1,1,1,0,0,1,0,1,0,0,0,1,0,0,1,0,1,0,0
1212964615,0,1,1,0,1,1,1,1,1,1,1,0,0,1,0,1,0,0,0,1,0,0,1,0,1,0,0
1213966141,0,1,1,0,1,1,1,1,1,1,1,0,0,1,0,1,0,0,0,1,0,0,1,0,1,0,0
1214975451,0,1,1,0,1,1,1,1,1,1,1,0,0,1,0,1,0,0,0,1,0,0,1,0,1,0,0
1215321406,0,1,1,0,1,1,1,1,1,1,1,0,0,1,0,1,0,0,0,1,0,0,1,0,1,0,0
1215504263,0,1,1,0,1,1,1,1,1,1,1,0,0,1,0,1,0,0,0,1,0,0,1,0,1,0,0
1216505617,0,1,1,0,1,1,1,1,1,1,1,0,0,1,0,1,0,0,0,1,0,0,1,0,1,0,0
1217506687,0,1,1,0,1,1,1,1,1,1,1,0,0,1,0,1,0,0,0,1,0,0,1,0,1,0,0
1218513254,0,1,1,0,1,1,1,1,1,1,1,0,0,1,0,1,0,0,0,1,0,0,1,0,1,0,0
1219515117,0,1,1,0,1,1,1,1,1,1,1,0,0,1,0,1,0,0,0,1,0,0,1,0,1,0,0
1219776222,0,1,1,0,1,1,1,1,1,1,1,0,0,1,0,1,0,0,0,1,0,0,1,0,1,0,0
1219787704,0,1,1,0,1,1,1,0,0,1,1,0,0,1,0,1,0,0,0,1,0,0,1,0,1,0,0
1220797005,0,1,1,0,1,1,1,0,0,1,1,0,0,1,0,1,0,0,0,1,0,0,1,0,1,0,0
1221806843,0,1,1,0,1,1,1,0,0,1,1,0,0,1,0,1,0,0,0,1,0,0,1,0,1,0,0
1221828265,0,1,1,0,1,1,1,1,1,1,1,0,0,1,0,1,0,0,0,1,0,0,1,0,1,0,0
1222831061,0,1,1,0,1,1,1,1,1,1,1,0,0,1,0,1,0,0,0,1,0,0,1,0,1,0,0
1223841859,0,1,1,0,1,1,1,1,1,1,1,0,0,1,0,1,0,0,0,1,0,0,1,0,1,0,0
1224846170,0,1,1,0,1,1,1,1,1,1,1,0,0,1,0,1,0,0,0,1,0,0,1,0,1,0,0
1225229298,0,1,1,0,1,1,1,1,1,1,1,0,0,1,0,1,0,0,0,1,0,0,1,0,1,0,0
1225252264,0,1,1,0,1,1,1,1,1,1,1,0,0,1,0,1,0,0,0,1,0,0,1,0,1,0,0
1225339138,0,1,1,0,1,1,1,1,1,1,1,0,0,1,0,1,0,0,0,1,0,0,1,0,1,0,0
1225650204,0,1,1,0,1,1,1,1,1,1,1,0,0,1,0,1,0,0,0,1,0,0,1,0,1,0,0
1226651436,0,1,1,0,1,1,1,1,1,1,1,0,0,1,0,1,0,0,0,1,0,0,1,0,1,0,0
1227652978,0,1,1,0,1,1,1,1,1,1,1,0,0,1,0,1,0,0,0,1,0,0,1,0,1,0,0
1228662822,0,1,1,0,1,1,1,1,1,1,1,0,0,1,0,1,0,0,0,1,0,0,1,0,1,0,0
1229669117,0,1,1,0,1,1,1,1,1,1,1,0,0,1,0,1,0,0,0,1,0,0,1,0,1,0,0
1230678127,0,1,1,0,1,1,1,1,1,1,1,0,0,1,0,1,0,0,0,1,0,0,1,0,1,0,0
1231684257,0,1,1,0,1,1,1,1,1,1,1,0,0,1,0,1,0,0,0,1,0,0,1,0,1,0,0
1232062127,0,1,1,0,1,0,1,0,0,1,1,0,0,1,0,1,0,0,0,1,0,0,1,0,1,0,0
1232073346,0,1,1,0,1,0,1,0,0,1,1,0,0,1,0,1,0,0,0,1,0,0,1,0,1,0,0
1233074111,0,1,1,0,1,0,1,0,0,1,1,0,0,1,0,1,0,0,0,1,0,0,1,0,1,0,0
1234084340,0,1,1,0,1,0,1,0,0,1,1,0,0,1,0,1,0,0,0,1,0,0,1,0,1,0,0
1235093275,0,1,1,0,1,0,1,0,0,1,1,0,0,1,0,1,0,0,0,1,0,0,1,0,1,0,0
1236098723,0,1,1,0,1,0,1,0,0,1,1,0,0,1,0,1,0,0,0,1,0,0,1,0,1,0,0
1237106905,0,1,1,0,1,0,1,0,0,1,1,0,0,1,0,1,0,0,0,1,0,0,1,0,1,0,0
1238110664,0,1,1,0,1,0,1,0,0,1,1,0,0,1,0,1,0,0,0,1,0,0,1,0,1,0,0
1238548432,0,1,1,0,1,1,1,1,1,1,1,0,0,1,0,1,0,0,0,1,0,0,1,0,1,0,0
1239557625,0,1,1,0,1,0,1,0,0,1,1,0,0,1,0,1,0,0,0,1,0,0,1,0,1,0,0
1240567078,0,1,1,0,1,0,1,0,0,1,1,0,0,1,0,1,0,0,0,1,0,0,1,0,1,0,0
1241572377,0,1,1,0,1,0,1,0,0,1,1,0,0,1,0,1,0,0,0,1,0,0,1,0,1,0,0
1242178243,0,1,1,0,1,0,1,0,0,1,1,0,0,1,0,1,0,0,0,1,0,0,1,0,1,0,0
1242189966,0,1,1,0,1,1,1,0,0,1,1,0,0,1,0,1,0,0,0,1,0,0,1,0,1,0,0
1244186610,0,1,1,0,1,0,1,0,0,1,1,0,0,1,0,1,0,0,0,1,0,0,1,0,1,0,0
1245188218,0,1,1,0,1,0,1,0,0,1,1,0,0,1,0,1,0,0,0,1,0,0,1,0,1,0,0
1246193606,0,1,1,0,1,0,1,0,0,1,1,0,0,1,0,1,0,0,0,1,0,0,1,0,1,0,0
1247202770,0,1,1,0,1,0,1,0,0,1,1,0,0,1,0,1,0,0,0,1,0,0,1,0,1,0,0
1248205232,0,1,1,0,1,0,1,0,0,1,1,0,0,1,0,1,0,0,0,1,0,0,1,0,1,0,0
1249215931,0,1,1,0,1,0,1,0,0,1,1,0,0,1,0,1,0,0,0,1,0,0,1,0,1,0,0
1250225993,0,1,1,0,1,0,1,0,0,1,1,0,0,1,0,1,0,0,0,1,0,0,1,0,1,0,0
1251227102,0,1,1,0,1,0,1,0,0,1,1,0,0,1,0,1,0,0,0,1,0,0,1,0,1,0,0
1252234091,0,1,1,0,1,0,1,0,0,1,1,0,0,1,0,1,0,0,0,1,0,0,1,0,1,0,0
1253239521,0,1,1,0,1,0,1,0,0,1,1,0,0,1,0,1,0,0,0,1,0,0,1,0,1,0,0
1254241907,0,1,1,0,1,0,1,0,0,1,1,0,0,1,0,1,0,0,0,1,0,0,1,0,1,0,0
1255245509,0,1,1,0,1,0,1,0,0,1,1,0,0,1,0,1,0,0,0,1,0,0,1,0,1,0,0
1256251902,0,1,1,0,1,0,1,0,0,1,1,0,0,1,0,1,0,0,0,1,0,0,1,0,1,0,0
1257261242,0,1,1,0,1,0,1,0,0,1,1,0,0,1,0,1,0,0,0,1,0,0,1,0,1,0,0
1258262422,0,1,1,0,1,0,1,0,0,1,1,0,0,1,0,1,0,0,0,1,0,0,1,0,1,0,0
1259265023,0,1,1,0,1,0,1,0,0,1,1,0,0,1,0,1,0,0,0,1,0,0,1,0,1,0,0
1260265928,0,1,1,0,1,0,1,0,0,1,1,0,0,1,0,1,0,0,0,1,0,0,1,0,1,0,0
1261267821,0,1,1,0,1,0,1,0,0,1,1,0,0,1,0,1,0,0,0,1,0,0,1,0,1,0,0
1262273493,0,1,1,0,1,0,1,0,0,1,1,0,0,1,0,1,0,0,0,1,0,0,1,0,1,0,0
1263283168,0,1,1,0,1,0,1,0,0,1,1,0,0,1,0,1,0,0,0,1,0,0,1,0,1,0,0
1264289465,0,1,1,0,1,0,1,0,0,1,1,0,0,1,0,1,0,0,0,1,0,0,1,0,1,0,0
1265298977,0,1,1,0,1,0,1,0,0,1,1,0,0,1,0,1,0,0,0,1,0,0,1,0,1,0,0
1266308985,0,1,1,0,1,0,1,0,0,1,1,0,0,1,0,1,0,0,0,1,0,0,1,0,1,0,0
1267010000,0,1,1,0,1,0,1,0,0,0,1,0,0,1,0,1,0,0,0,1,0,0,1,0,1,0,0
1267407100,0,1,1,0,1,0,1,0,0,1,1,0,0,1,0,1,0,0,0,1,0,0,1,0,1,0,0
1268412154,0,1,1,0,1,0,1,0,0,1,1,0,0,1,0,1,0,0,0,1,0,0,1,0,1,0,0
1269414439,0,1,1,0,1,0,1,0,0,1,1,0,0,1,0,1,0,0,0,1,0,0,1,0,1,0,0
1270425442,0,1,1,0,1,0,1,0,0,1,1,0,0,1,0,1,0,0,0,1,0,0,1,0,1,0,0
1271426091,0,1,1,0,1,0,1,0,0,1,1,0,0,1,0,1,0,0,0,1,0,0,1,0,1,0,0
1272431249,0,1,1,0,1,0,1,0,0,1,1,0,0,1,0,1,0,0,0,1,0,0,1,0,1,0,0
1273438969,0,1,1,0,1,0,1,0,0,1,1,0,0,1,0,1,0,0,0,1,0,0,1,0,1,0,0
1274440195,0,1,1,0,1,0,1,0,0,1,1,0,0,1,0,1,0,0,0,1,0,0,1,0,1,0,0
1275450139,0,1,1,0,1,0,1,0,0,1,1,0,0,1,0,1,0,0,0,1,0,0,1,0,1,0,0
1276450390,0,1,1,0,1,0,1,0,0,1,1,0,0,1,0,1,0,0,0,1,0,0,1,0,1,0,0
1277452363,0,1,1,0,1,0,1,0,0,1,1,0,0,1,0,1,0,0,0,1,0,0,1,0,1,0,0
1278455948,0,1,1,0,1,0,1,0,0,1,1,0,0,1,0,1,0,0,0,1,0,0,1,0,1,0,0
1279463497,0,1,1,0,1,0,1,0,0,1,1,0,0,1,0,1,0,0,0,1,0,0,1,0,1,0,0
1280474396,0,1,1,0,1,0,1,0,0,1,1,0,0,1,0,1,0,0,0,1,0,0,1,0,1,0,0
1281479965,0,1,1,0,1,0,1,0,0,1,1,0,0,1,0,1,0,0,0,1,0,0,1,0,1,0,0
1282481752,0,1,1,0,1,0,1,0,0,1,1,0,0,1,0,1,0,0,0,1,0,0,1,0,1,0,0
1283482076,0,1,1,0,1,0,1,0,0,1,1,0,0,1,0,1,0,0,0,1,0,0,1,0,1,0,0
1284491399,0,1,1,0,1,0,1,0,0,1,1,0,0,1,0,1,0,0,0,1,0,0,1,0,1,0,0
1285502581,0,1,1,0,1,0,1,0,0,1,1,0,0,1,0,1,0,0,0,1,0,0,1,0,1,0,0
1286513034,0,1,1,0,1,0,1,0,0,1,1,0,0,1,0,1,0,0,0,1,0,0,1,0,1,0,0
1287518963,0,1,1,0,1,0,1,0,0,1,1,0,0,1,0,1,0,0,0,1,0,0,1,0,1,0,0
1288525129,0,1,1,0,1,0,1,0,0,1,1,0,0,1,0,1,0,0,0,1,0,0,1,0,1,0,0
1289529050,0,1,1,0,1,0,1,0,0,1,1,0,0,1,0,1,0,0,0,1,0,0,1,0,1,0,0
1290538335,0,1,1,0,1,0,1,0,0,1,1,0,0,1,0,1,0,0,0,1,0,0,1,0,1,0,0
1291549029,0,1,1,0,1,0,1,0,0,1,1,0,0,1,0,1,0,0,0,1,0,0,1,0,1,0,0
1292550655,0,1,1,0,1,0,1,0,0,1,1,0,0,1,0,1,0,0,0,1,0,0,1,0,1,0,0
1293557112,0,1,1,0,1,0,1,0,0,1,1,0,0,1,0,1,0,0,0,1,0,0,1,0,1,0,0
1294565967,0,1,1,0,1,0,1,0,0,1,1,0,0,1,0,1,0,0,0,1,0,0,1,0,1,0,0
1295475096,0,1,1,0,1,1,1,1,1,1,1,0,0,1,0,1,0,0,0,1,0,0,1,0,1,0,0
1296483024,0,1,1,0,1,1,1,1,1,1,1,0,0,1,0,1,0,0,0,1,0,0,1,0,1,0,0
1297491641,0,1,1,0,1,1,1,1,1,1,1,0,0,1,0,1,0,0,0,1,0,0,1,0,1,0,0
1298497109,0,1,1,0,1,1,1,1,1,1,1,0,0,1,0,1,0,0,0,1,0,0,1,0,1,0,0
1299506403,0,1,1,0,1,1,1,1,1,1,1,0,0,1,0,1,0,0,0,1,0,0,1,0,1,0,0
1300507554,0,1,1,0,1,1,1,1,1,1,1,0,0,1,0,1,0,0,0,1,0,0,1,0,1,0,0
1301511022,0,1,1,0,1,1,1,1,1,1,1,0,0,1,0,1,0,0,0,1,0,0,1,0,1,0,0
1302519712,0,1,1,0,1,1,1,1,1,1,1,0,0,1,0,1,0,0,0,1,0,0,1,0,1,0,0
1303521969,0,1,1,0,1,1,1,1,1,1,1,0,0,1,0,1,0,0,0,1,0,0,1,0,1,0,0
1304166585,0,1,1,0,1,1,1,1,1,1,1,0,0,1,0,1,0,0,0,1,0,0,1,0,1,0,0
1304190127,0,1,1,0,1,1,1,1,1,1,1,0,0,1,0,1,0,0,0,1,0,0,1,0,1,0,0
1304270966,0,1,1,0,1,1,1,1,1,1,1,0,0,1,0,1,0,0,0,1,0,0,1,0,1,0,0
1304775463,0,1,1,0,1,1,1,1,1,1,1,0,0,1,0,1,0,0,0,1,0,0,1,0,1,0,0
1305780568,0,1,1,0,1,1,1,1,1,1,1,0,0,1,0,1,0,0,0,1,0,0,1,0,1,0,0
1306783473,0,1,1,0,1,1,1,1,1,1,1,0,0,1,0,1,0,0,0,1,0,0,1,0,1,0,0
1307792587,0,1,1,0,1,1,1,1,1,1,1,0,0,1,0,1,0,0,0,1,0,0,1,0,1,0,0
1308802800,0,1,1,0,1,1,1,1,1,1,1,0,0,1,0,1,0,0,0,1,0,0,1,0,1,0,0
1309811919,0,1,1,0,1,1,1,1,1,1,1,0,0,1,0,1,0,0,0,1,0,0,1,0,1,0,0
1310814074,0,1,1,0,1,1,1,1,1,1,1,0,0,1,0,1,0,0,0,1,0,0,1,0,1,0,0
1311815531,0,1,1,0,1,1,1,1,1,1,1,0,0,1,0,1,0,0,0,1,0,0,1,0,1,0,0
1311989109,0,1,1,0,1,0,1,0,0,1,1,0,0,1,0,1,0,0,0,1,0,0,1,0,1,0,0
1312035969,0,1,1,0,1,0,1,0,0,1,1,0,0,1,0,1,0,0,0,1,0,0,1,0,1,0,0
1313041956,0,1,1,0,1,0,1,0,0,1,1,0,0,1,0,1,0,0,0,1,0,0,1,0,1,0,0
1314042919,0,1,1,0,1,0,1,0,0,1,1,0,0,1,0,1,0,0,0,1,0,0,1,0,1,0,0
1314219094,0,1,1,0,1,1,1,1,1,1,1,0,0,1,0,1,0,0,0,1,0,0,1,0,1,0,0
1315221127,0,1,1,0,1,0,1,0,0,1,1,0,0,1,0,1,0,0,0,1,0,0,1,0,1,0,0
1316228997,0,1,1,0,1,0,1,0,0,1,1,0,0,1,0,1,0,0,0,1,0,0,1,0,1,0,0
1317234940,0,1,1,0,1,0,1,0,0,1,1,0,0,1,0,1,0,0,0,1,0,0,1,0,1,0,0
1318246334,0,1,1,0,1,0,1,0,0,1,1,0,0,1,0,1,0,0,0,1,0,0,1,0,1,0,0
1319255863,0,1,1,0,1,0,1,0,0,1,1,0,0,1,0,1,0,0,0,1,0,0,1,0,1,0,0
1320261987,0,1,1,0,1,0,1,0,0,1,1,0,0,1,0,1,0,0,0,1,0,0,1,0,1,0,0
1321266638,0,1,1,0,1,0,1,0,0,1,1,0,0,1,0,1,0,0,0,1,0,0,1,0,1,0,0
1322268007,0,1,1,0,1,0,1,0,0,1,1,0,0,1,0,1,0,0,0,1,0,0,1,0,1,0,0
1323275441,0,1,1,0,1,0,1,0,0,1,1,0,0,1,0,1,0,0,0,1,0,0,1,0,1,0,0
1324281977,0,1,1,0,1,0,1,0,0,1,1,0,0,1,0,1,0,0,0,1,0,0,1,0,1,0,0
1325286655,0,1,1,0,1,0,1,0,0,1,1,0,0,1,0,1,0,0,0,1,0,0,1,0,1,0,0
1326288753,0,1,1,0,1,0,1,0,0,1,1,0,0,1,0,1,0,0,0,1,0,0,1,0,1,0,0
1326806394,0,1,1,0,1,0,1,0,0,1,1,0,0,1,0,1,0,0,0,1,0,0,1,0,1,0,0
1326817603,0,1,1,0,1,1,1,0,0,1,1,0,0,1,0,1,0,0,0,1,0,0,1,0,1,0,0
1328823008,0,1,1,0,1,0,1,0,0,1,1,0,0,1,0,1,0,0,0,1,0,0,1,0,1,0,0
1329823066,0,1,1,0,1,0,1,0,0,1,1,0,0,1,0,1,0,0,0,1,0,0,1,0,1,0,0
1330832279,0,1,1,0,1,0,1,0,0,1,1,0,0,1,0,1,0,0,0,1,0,0,1,0,1,0,0
1331838629,0,1,1,0,1,0,1,0,0,1,1,0,0,1,0,1,0,0,0,1,0,0,1,0,1,0,0
1332842104,0,1,1,0,1,0,1,0,0,1,1,0,0,1,0,1,0,0,0,1,0,0,1,0,1,0,0
1333853793,0,1,1,0,1,0,1,0,0,1,1,0,0,1,0,1,0,0,0,1,0,0,1,0,1,0,0
1334855525,0,1,1,0,1,0,1,0,0,1,1,0,0,1,0,1,0,0,0,1,0,0,1,0,1,0,0
1335859986,0,1,1,0,1,0,1,0,0,1,1,0,0,1,0,1,0,0,0,1,0,0,1,0,1,0,0
1336862832,0,1,1,0,1,0,1,0,0,1,1,0,0,1,0,1,0,0,0,1,0,0,1,0,1,0,0
1337862960,0,1,1,0,1,0,1,0,0,1,1,0,0,1,0,1,0,0,0,1,0,0,1,0,1,0,0
1338866031,0,1,1,0,1,0,1,0,0,1,1,0,0,1,0,1,0,0,0,1,0,0,1,0,1,0,0
1339873028,0,1,1,0,1,0,1,0,0,1,1,0,0,1,0,1,0,0,0,1,0,0,1,0,1,0,0
1340882863,0,1,1,0,1,0,1,0,0,1,1,0,0,1,0,1,0,0,0,1,0,0,1,0,1,0,0
1341889936,0,1,1,0,1,0,1,0,0,1,1,0,0,1,0,1,0,0,0,1,0,0,1,0,1,0,0
1342891970,0,1,1,0,1,0,1,0,0,1,1,0,0,1,0,1,0,0,0,1,0,0,1,0,1,0,0
1343894004,0,1,1,0,1,0,1,0,0,1,1,0,0,1,0,1,0,0,0,1,0,0,1,0,1,0,0
1344895003,0,1,1,0,1,0,1,0,0,1,1,0,0,1,0,1,0,0,0,1,0,0,1,0,1,0,0
1345895958,0,1,1,0,1,0,1,0,0,1,1,0,0,1,0,1,0,0,0,1,0,0,1,0,1,0,0
1346900164,0,1,1,0,1,0,1,0,0,1,1,0,0,1,0,1,0,0,0,1,0,0,1,0,1,0,0
1347910953,0,1,1,0,1,0,1,0,0,1,1,0,0,1,0,1,0,0,0,1,0,0,1,0,1,0,0
1348914907,0,1,1,0,1,0,1,0,0,1,1,0,0,1,0,1,0,0,0,1,0,0,1,0,1,0,0
1349922053,0,1,1,0,1,0,1,0,0,1,1,0,0,1,0,1,0,0,0,1,0,0,1,0,1,0,0
1350925956,0,1,1,0,1,0,1,0,0,1,1,0,0,1,0,1,0,0,0,1,0,0,1,0,1,0,0
1351929978,0,1,1,0,1,0,1,0,0,1,1,0,0,1,0,1,0,0,0,1,0,0,1,0,1,0,0
1352933986,0,1,1,0,1,0,1,0,0,1,1,0,0,1,0,1,0,0,0,1,0,0,1,0,1,0,0
1353935093,0,1,1,0,1,0,1,0,0,1,1,0,0,1,0,1,0,0,0,1,0,0,1,0,1,0,0
1354942185,0,1,1,0,1,0,1,0,0,1,1,0,0,1,0,1,0,0,0,1,0,0,1,0,1,0,0
1355950548,0,1,1,0,1,0,1,0,0,1,1,0,0,1,0,1,0,0,0,1,0,0,1,0,1,0,0
