,timestamp,time_utc_usec,lat,lon,alt,noise_per_ms,jamming_indicator,vel_m_s,heading,satellites_used,load,ram_usage,voltage_filtered_v,remaining,warning,discharged_mah,noise,remote_noise,txbuf,rssi,remote_rssi,rxerrors,fix,baro_temp_celcius,baro_pressure_pa,landed,ground_contact,time
0,22312446,1554226071800007,323874206,-1170763410,20.09,59,3,0.098000005,,15,0.40457416,0.4008041,11.252848,0.5000091,0.0,0.0059847124,23,20,97,52,53,4,0,34.7,102213.0,1.0,0.0,0
1,23124308,1554226072600007,323874215,-1170763410,20.11,59,3,0.058000002,,16,0.57415986,0.52755076,11.196742,0.46594816,0.0,0.48854002,21,22,99,52,53,4,0,34.719997,102216.0,1.0,0.0,1
2,24120322,1554226073600007,323874218,-1170763414,20.13,59,10,0.109000005,,16,0.5022905,0.52755076,11.181004,0.45639473,0.0,0.81556314,37,21,96,52,53,4,0,34.739998,102215.0,1.0,0.0,2
3,25115917,1554226074600007,323874216,-1170763411,20.1,59,10,0.08400001,,16,0.5028111,0.52801216,11.158095,0.44249445,0.0,1.4513626,23,25,100,52,53,4,0,34.76,102218.0,1.0,0.0,3
4,26122480,1554226075600007,323874213,-1170763412,20.14,59,3,0.059000004,,16,0.50284326,0.52801216,11.1603155,0.44506890000000005,0.0,2.1057117,24,19,100,52,53,4,0,34.77,102217.0,1.0,0.0,4
5,27119488,1554226076600007,323874217,-1170763412,20.16,59,3,0.054000000000000006,,16,0.50048447,0.52801216,11.136205,0.46274334,0.0,3.2681105,23,19,100,52,53,4,0,34.78,102219.0,0.0,1.0,5
6,28121382,1554226077600007,323874218,-1170763414,20.04,59,8,0.11900000000000001,,16,0.47962479999999996,0.52801216,11.071003999999999,0.48744446,0.0,5.5650306,23,19,72,50,53,4,0,34.8,102221.0,0.0,0.0,6
7,29119418,1554226078600007,323874226,-1170763437,19.93,59,11,0.41400003,,16,0.5126196,0.52801216,10.9824705,0.49168497,0.0,8.871812,23,19,90,54,54,4,0,34.809998,102213.99,0.0,0.0,7
8,30113409,1554226079600006,323874230,-1170763502,20.14,59,4,0.565,,16,0.5020199000000001,0.52801216,10.898484,0.48339278,0.0,13.126275,20,22,96,60,58,4,0,34.829997999999996,102211.0,0.0,0.0,8
9,31118397,1554226080600006,323874214,-1170763545,20.46,59,1,0.69500005,,16,0.49935973,0.52801216,10.868691,0.47944838,0.0,17.141882,21,20,100,69,66,4,0,34.829997999999996,102201.99,0.0,0.0,9
10,32121390,1554226081600006,323874247,-1170763571,20.61,59,4,0.9520000000000001,,16,0.5095890000000001,0.52801216,10.832439,0.47326190000000007,0.0,21.481684,22,31,99,74,76,4,0,34.85,102198.0,0.0,0.0,10
11,33122772,1554226082600006,323874348,-1170763573,20.7,59,3,1.48,,16,0.5081637,0.52801216,10.805927,0.46754366,0.0,25.918554,25,19,96,71,76,4,0,34.86,102205.0,0.0,0.0,11
12,34120348,1554226083600006,323874463,-1170763593,20.66,59,1,1.465,,16,0.5044894,0.52801216,10.811434,0.4612165,0.0,29.812662,39,21,93,63,65,4,0,34.87,102200.99,0.0,0.0,12
13,35118608,1554226084600006,323874583,-1170763609,21.18,59,2,1.3520001,,16,0.49389052,0.52801216,10.775943,0.44804579999999994,0.0,34.553672999999996,22,20,97,59,59,5,0,34.88,102193.0,0.0,0.0,13
14,36112335,1554226085600006,323874707,-1170763561,21.1,59,5,1.386,,16,0.51876247,0.52801216,10.802804,0.44767052,0.0,38.13989,22,19,100,58,58,5,0,34.899998,102200.99,0.0,0.0,14
15,37114327,1554226086600006,323874807,-1170763456,20.71,59,5,1.187,,16,0.49844283,0.52801216,10.76989,0.44475752,0.0,42.753433,22,19,99,55,54,5,0,34.91,102205.0,0.0,0.0,15
16,38116325,1554226087600006,323874850,-1170763417,20.47,59,7,1.5270001,,16,0.49285340000000005,0.52801216,10.758339,0.44462209999999996,0.0,47.231945,26,22,98,51,54,5,0,34.93,102198.0,0.0,0.0,16
17,39120611,1554226088600006,323875052,-1170763464,20.5,58,7,2.332,,16,0.50136685,0.52801216,10.75483,0.44235379,0.0,51.687374,35,19,70,46,44,5,0,34.95,102199.0,0.0,0.0,17
18,40115506,1554226089600006,323875278,-1170763440,20.81,58,5,1.7120001,,16,0.50160956,0.52801216,10.747108,0.43571573,0.0,56.099869999999996,25,21,90,46,45,5,0,34.969997,102201.99,0.0,0.0,18
19,41118326,1554226090600005,323875380,-1170763412,21.3,58,9,1.7800001,,16,0.506078,0.52801216,10.739907,0.43072468,0.0,60.544453000000004,21,19,100,46,45,5,0,34.989998,102191.0,0.0,0.0,19
20,42114326,1554226091600005,323875414,-1170763248,21.69,58,6,1.2429999999999999,,16,0.4956184,0.52801216,10.752443,0.4291392,0.0,64.76078000000001,20,20,100,47,47,5,0,35.01,102188.99,0.0,0.0,20
21,43108428,1554226092600005,323875453,-1170763140,22.04,58,4,1.4040000000000001,,16,0.5208274,0.52801216,10.780177,0.42652947,0.0,68.356316,24,24,98,48,48,5,0,35.03,102181.0,0.0,0.0,21
22,44117392,1554226093600005,323875567,-1170763072,21.83,58,5,1.764,,16,0.5201372999999999,0.52801216,10.773864999999999,0.4266835,0.0,72.27458,23,21,95,47,48,5,0,35.05,102187.0,0.0,0.0,22
23,45116336,1554226094600005,323875694,-1170762970,21.95,58,5,1.9000001,,16,0.49614483,0.52801216,10.742185000000001,0.42586476,0.0,76.85259,22,22,100,47,47,5,0,35.059998,102182.0,0.0,0.0,23
24,46118157,1554226095600005,323875843,-1170762822,22.52,58,5,2.575,,16,0.49595702,0.52801216,10.728057000000002,0.42743640000000005,0.0,81.47892,24,20,100,47,47,5,0,35.079997999999996,102169.99,0.0,0.0,24
25,47116330,1554226096600005,323876007,-1170762680,23.42,58,5,2.4160001,,16,0.50072765,0.52801216,10.722363,0.42321163,0.0,85.93942,23,22,95,47,47,5,0,35.09,102163.99,0.0,0.0,25
26,48117385,1554226097600005,323876199,-1170762561,23.38,58,5,2.6680002,,16,0.5030308,0.5304838000000001,10.753888,0.41834265,0.0,89.42505,22,21,99,46,47,5,0,35.11,102162.0,0.0,0.0,26
27,49115407,1554226098600005,323876432,-1170762474,23.2,58,6,2.7340002,,16,0.48098993,0.5304838000000001,10.748645,0.42044549999999997,0.0,93.51301600000001,28,21,97,43,45,5,0,35.12,102162.0,0.0,0.0,27
28,50114394,1554226099600005,323876625,-1170762343,22.94,54,5,2.0860002,,16,0.49404788,0.5304838000000001,10.739536,0.42212874,0.0,97.86925,23,20,54,38,39,6,0,35.14,102163.99,0.0,0.0,28
29,51114607,1554226100600005,323876743,-1170762183,22.88,54,8,2.2319999999999998,,16,0.4996934,0.5304838000000001,10.730917,0.41965443,0.0,102.18132,22,19,79,37,38,7,0,35.149998,102159.0,0.0,0.0,29
30,52116341,1554226101600004,323876908,-1170762016,22.96,54,6,2.5180001,,16,0.49776852,0.5304838000000001,10.72526,0.41967016,0.0,106.47601,23,19,100,36,38,9,0,35.17,102166.0,0.0,0.0,30
31,53118582,1554226102600004,323877005,-1170761846,23.09,51,5,1.7440001,,16,0.5145678,0.5304838000000001,10.7191,0.41907793,0.0,110.90393,22,19,89,44,38,10,0,35.18,102159.0,0.0,0.0,31
32,54120377,1554226103600004,323877137,-1170761646,23.35,50,6,2.7830002,,18,0.4896692,0.5304838000000001,10.711995,0.41697747,0.0,115.32888999999999,24,19,97,41,38,10,0,35.19,102157.99,0.0,0.0,32
33,55122789,1554226104600004,323877356,-1170761415,23.6,50,5,3.265,,18,0.4993558,0.5304838000000001,10.707936,0.4128552,0.0,119.66878500000001,22,0,99,45,0,10,0,35.2,102150.99,0.0,0.0,33
34,56112322,1554226105600004,323877603,-1170761212,23.77,50,6,3.6890001000000003,,18,0.50119174,0.5304838000000001,10.701449,0.41177659999999994,0.0,124.17541499999999,21,0,80,54,0,10,0,35.219997,102147.0,0.0,0.0,34
35,57120348,1554226106600004,323877929,-1170761088,23.97,47,7,3.7240002,,18,0.49740964,0.5304838000000001,10.692833,0.40925459999999997,0.0,128.69863999999998,20,0,99,60,0,10,0,35.23,102148.0,0.0,0.0,35
36,58123408,1554226107600004,323878244,-1170761052,23.97,47,5,3.4710002,,18,0.49050283,0.5304838000000001,10.679002,0.40775257,0.0,133.48186,22,0,98,55,0,10,0,35.239998,102146.0,0.0,0.0,36
37,59116330,1554226108600004,323878539,-1170761107,24.2,47,5,3.568,,17,0.5353919,0.5304838000000001,10.665189,0.4042378,0.0,138.35648999999998,21,0,100,61,0,10,0,35.25,102135.0,0.0,0.0,37
38,60121477,1554226109600004,323878874,-1170761141,24.48,47,14,4.052,,18,0.49916184,0.5304838000000001,10.661045,0.40194517,0.0,143.12872,21,0,78,55,0,10,0,35.26,102138.99,0.0,0.0,38
39,61119920,1554226110600004,323879243,-1170761145,24.84,47,15,4.3100004,,18,0.49769825,0.5313405999999999,10.6593275,0.3984924,0.0,147.79247,21,0,89,58,0,10,0,35.28,102141.0,0.0,0.0,39
40,62121395,1554226111600004,323879623,-1170761323,25.18,54,6,4.86,,18,0.49684566,0.5313405999999999,10.643162,0.39797026,0.0,152.85936,22,0,100,52,0,10,0,35.29,102135.0,0.0,0.0,40
41,63120341,1554226112600003,323879936,-1170761709,25.22,54,6,5.6130004,,18,0.48640335,0.5313405999999999,10.593418,0.39292485,0.0,158.85837,20,0,96,47,0,10,0,35.3,102142.0,0.0,0.0,41
42,64116999,1554226113600003,323880205,-1170762155,25.04,54,9,4.256,,18,0.4881903,0.5313405999999999,10.584545,0.38603407,0.0,164.29308999999998,22,0,99,50,0,10,0,35.32,102131.0,0.0,0.0,42
43,65118817,1554226114600003,323880460,-1170762408,25.09,54,6,3.1039999999999996,,18,0.49169654,0.5313405999999999,10.6099825,0.38796955,0.0,169.07891999999998,23,0,94,54,0,10,0,35.34,102128.0,0.0,0.0,43
44,66120347,1554226115600003,323880698,-1170762561,25.46,50,6,3.1990001,,18,0.7107766999999999,0.5313405999999999,10.613951,0.38135820000000004,0.0,173.84375,22,0,100,58,0,10,0,35.35,102124.0,0.0,0.0,44
45,67122429,1554226116600003,323880918,-1170762769,25.57,50,6,3.4390001000000003,,18,0.5241385999999999,0.5313405999999999,10.588452,0.37473685,0.0,179.3103,23,0,100,59,0,10,0,35.36,102116.0,0.0,0.0,45
46,68120321,1554226117600003,323880995,-1170763093,25.54,50,8,2.8170002,,18,0.49270523,0.5313405999999999,10.609963,0.38248593,0.0,184.11491,23,0,94,53,0,10,0,35.38,102119.0,0.0,0.0,46
47,69114433,1554226118600003,323880984,-1170763379,25.44,50,6,2.528,,18,0.49375653,0.5313405999999999,10.612658,0.38757712,0.0,189.11096,20,0,94,51,0,10,0,35.39,102119.99,0.0,0.0,47
48,70119025,1554226119600003,323880900,-1170763671,25.25,50,6,3.111,,18,0.49759597,0.5313405999999999,10.551826,0.37967402,0.0,195.33106999999998,19,0,100,54,0,10,0,35.41,102131.0,0.0,0.0,48
49,71124828,1554226120600003,323880748,-1170764022,25.07,47,5,3.9020002000000003,,18,0.48985517,0.5313405999999999,10.515664,0.3664313,0.0,201.58427,21,0,98,58,0,10,0,35.42,102128.0,0.0,0.0,49
50,72118704,1554226121600003,323880654,-1170764237,25.17,47,5,0.934,,18,0.49409837,0.5313405999999999,10.538827000000001,0.36586386,0.0,206.77567,22,0,94,58,0,10,0,35.43,102131.0,0.0,0.0,50
51,73120334,1554226122600003,323880651,-1170764236,25.36,48,5,0.34500003,,18,0.49667388,0.5313405999999999,10.554872999999999,0.36398655,0.0,211.82852000000003,18,0,97,49,0,10,0,35.45,102130.0,0.0,0.0,51
52,74122406,1554226123600002,323880706,-1170764139,25.74,51,10,1.8900001,,18,0.48888009999999993,0.5313405999999999,10.578921000000001,0.36809593,0.0,216.65767000000002,23,0,99,38,0,10,0,35.46,102129.0,0.0,0.0,52
53,75119537,1554226124600002,323880729,-1170763946,26.38,55,8,2.3600001,,18,0.48569113,0.5313405999999999,10.560488000000001,0.36577326,0.0,222.18336000000002,22,0,97,47,0,10,0,35.469997,102119.0,0.0,0.0,53
54,76121396,1554226125600002,323880691,-1170763679,26.81,58,4,2.3660002,,18,0.47810233,0.5313405999999999,10.550523,0.36474425,0.0,227.53677000000002,22,0,100,63,0,10,0,35.48,102111.0,0.0,0.0,54
55,77120328,1554226126600002,323880750,-1170763495,27.49,59,5,1.9590001,,18,0.49562126,0.5313405999999999,10.571894,0.3639422,0.0,232.40399,34,0,95,60,0,10,0,35.489998,102115.0,0.0,0.0,55
56,78121000,1554226127600002,323880905,-1170763373,28.23,63,14,1.9940001,,18,0.49326527,0.5313405999999999,10.58645,0.3594771,0.0,236.98961,21,0,86,57,0,10,0,35.5,102101.99,0.0,0.0,56
57,79114388,1554226128600002,323881096,-1170763325,28.95,63,14,2.4770002,,18,0.48463643,0.5313405999999999,10.624830000000001,0.35991722,0.0,240.94402999999997,23,0,99,63,0,10,0,35.51,102093.0,0.0,0.0,57
58,80113386,1554226129600002,323881298,-1170763324,29.68,63,2,1.9909999999999999,,18,0.49670196,0.53338385,10.619337,0.35722739,0.0,245.27989,23,0,100,56,0,10,0,35.52,102093.0,0.0,0.0,58
59,81113466,1554226130600002,323881427,-1170763433,31.88,63,1,1.705,,18,0.50553393,0.5335816,10.539847,0.34986502,0.0,251.59162999999998,20,0,99,59,0,10,0,35.53,102065.0,0.0,0.0,59
60,82119407,1554226131600002,323881359,-1170763624,34.67,59,10,2.6360002000000002,,18,0.49985766,0.5335816,10.503913,0.34593445,0.0,257.51617000000005,21,0,92,61,0,10,0,35.54,102038.99,0.0,0.0,60
61,83118427,1554226132600002,323881142,-1170763694,36.89,66,13,2.17,,18,0.49863379999999996,0.5335816,10.524641,0.34331852,0.0,262.6671,25,0,100,61,0,10,0,35.55,102011.0,0.0,0.0,61
62,84114327,1554226133600001,323880998,-1170763586,39.39,61,5,2.036,,18,0.49343467,0.5335816,10.539964999999999,0.34305626,0.0,267.5108,21,0,100,63,0,10,0,35.559998,101994.0,0.0,0.0,62
63,85117027,1554226134600001,323880976,-1170763403,42.1,61,5,1.5390000000000001,,18,0.5041180000000001,0.5335816,10.532442,0.34061295,0.0,272.5716,21,0,100,62,0,10,0,35.57,101954.0,0.0,0.0,63
64,86118851,1554226135600001,323881053,-1170763312,45.01,57,12,1.2830001,,18,0.49810344,0.5335816,10.50301,0.33824829999999995,0.0,278.30062999999996,20,0,100,62,0,10,0,35.579997999999996,101921.0,0.0,0.0,64
65,87116392,1554226136600001,323881138,-1170763305,47.89,57,8,0.92600006,,18,0.48986524,0.5335816,10.469271,0.32865578,0.0,284.27606000000003,22,0,93,65,0,10,0,35.59,101888.0,0.0,0.0,65
66,88117889,1554226137600001,323881185,-1170763343,50.76,53,5,0.517,,18,0.4904204000000001,0.5335816,10.407208,0.31641823,0.0,291.1907,23,0,100,66,0,10,0,35.59,101856.0,0.0,0.0,66
67,89119414,1554226138600001,323881214,-1170763379,53.66,57,6,0.51600003,,18,0.5022459,0.5335816,10.355659,0.30062634,0.0,298.37305,23,0,100,66,0,10,0,35.6,101817.0,0.0,0.0,67
68,90120834,1554226139600001,323881256,-1170763412,56.38,61,6,0.50200003,,17,0.49565005,0.5335816,10.32809,0.29242283,0.0,305.64294,22,0,92,68,0,10,0,35.6,101788.0,0.0,0.0,68
69,91126392,1554226140600001,323881295,-1170763456,58.91,61,9,0.606,,17,0.4927674,0.5335816,10.290563,0.28052527,0.0,313.275,20,0,98,69,0,10,0,35.6,101751.99,0.0,0.0,69
70,92124007,1554226141600001,323881342,-1170763492,61.26,61,8,0.64900005,,16,0.4931677,0.5335816,10.246901,0.26602513,0.0,321.34552,21,0,97,71,0,10,0,35.62,101728.0,0.0,0.0,70
71,93114327,1554226142600001,323881366,-1170763565,63.56,61,9,0.85700005,,18,0.50545895,0.5335816,10.226104,0.25281006,0.0,329.2391,21,0,81,72,0,10,0,35.62,101706.0,0.0,0.0,71
72,94119552,1554226143600000,323881376,-1170763651,64.97,61,3,0.61,,18,0.4966764,0.5335816,10.2779665,0.25350195,0.0,335.41418,20,0,94,71,0,10,0,35.62,101675.99,0.0,0.0,72
73,95121436,1554226144600000,323881366,-1170763705,65.49,61,3,0.128,,18,0.5009824,0.5335816,10.299088000000001,0.2526465,0.0,341.48787999999996,21,0,92,71,0,10,0,35.63,101663.99,0.0,0.0,73
74,96119488,1554226145600000,323881370,-1170763709,65.66,61,4,0.35000002,,17,0.49661964,0.5335816,10.303431,0.24827915,0.0,347.53226,22,0,99,71,0,10,0,35.64,101669.99,0.0,0.0,74
75,97121389,1554226146600000,323881364,-1170763725,65.73,61,3,0.076000005,,18,0.48943555,0.5335816,10.289397,0.2418924,0.0,353.81863,20,0,97,71,0,10,0,35.649998,101669.99,0.0,0.0,75
76,98126263,1554226147600000,323881353,-1170763736,65.77,61,3,0.261,,18,0.49803078,0.5335816,10.276157000000001,0.23505121,0.0,360.16812000000004,21,0,95,69,0,10,0,35.66,101665.0,0.0,0.0,76
77,99120022,1554226148600000,323881355,-1170763710,65.97,61,2,0.48400003,,18,0.49344575,0.5335816,10.269075,0.22784429999999997,0.0,366.1912,20,0,100,69,0,10,0,35.66,101669.99,0.0,0.0,77
78,100122386,1554226149600000,323881352,-1170763661,65.97,61,3,0.42400002,,18,0.5069561,0.5335816,10.249835000000001,0.21826321,0.0,372.35977,19,0,99,69,0,10,0,35.67,101674.0,0.0,0.0,78
79,101131450,1554226150600000,323881356,-1170763626,65.95,61,6,0.34600002,,18,0.5054350999999999,0.5335816,10.212257000000001,0.2027126,0.0,378.84192,19,0,97,68,0,10,0,35.67,101665.0,0.0,0.0,79
80,102120679,1554226151600000,323881356,-1170763581,66.07,61,6,0.33299999999999996,,17,0.49627477,0.5335816,10.176738,0.18624741,0.0,385.43036,22,0,100,67,0,10,0,35.68,101661.0,0.0,0.0,80
81,103123421,1554226152600000,323881340,-1170763547,66.42,61,3,0.22399999999999998,,18,0.5029736,0.5335816,10.163618,0.17254311,0.0,391.5869,23,0,99,67,0,10,0,35.68,101663.99,0.0,0.0,81
82,104123599,1554226153599999,323881318,-1170763526,66.59,62,4,0.34100002,,17,0.49262875,0.5335816,10.142947999999999,0.16201645,0.0,397.87377999999995,24,0,93,67,0,10,0,35.68,101647.0,0.0,0.0,82
83,105121398,1554226154599999,323881323,-1170763488,66.91,62,14,0.24400002,,17,0.5000484000000001,0.5335816,10.095838,0.1365605,1.0,404.3466,22,0,100,68,0,10,0,35.68,101651.99,0.0,0.0,83
84,106119456,1554226155599999,323881332,-1170763483,67.4,62,5,0.15400001,,18,0.49953228,0.5335816,10.093278,0.122611105,1.0,410.03348,21,0,98,68,0,10,0,35.68,101647.0,0.0,0.0,84
85,107117218,1554226156599999,323881337,-1170763483,67.39,53,3,0.23300001,,17,0.4910133,0.5335816,10.03973,0.1012159,1.0,416.43787000000003,23,0,99,68,0,10,0,35.69,101649.0,0.0,0.0,85
86,108114380,1554226157599999,323881335,-1170763445,67.57,58,4,0.44400004,,17,0.4948367,0.5335816,9.972194,0.0737434,1.0,423.39697,22,0,64,68,0,10,0,35.69,101646.0,0.0,0.0,86
87,109120433,1554226158599999,323881334,-1170763404,67.95,58,4,0.33400002,,17,0.50041234,0.5335816,9.841228,0.047612727,3.0,431.5062,22,0,100,68,0,10,0,35.7,101646.0,0.0,0.0,87
88,110114430,1554226159599999,323881460,-1170763303,69.35,58,5,1.452,,17,0.48957753,0.5335816,9.7383,0.041009486,3.0,439.80713,21,0,97,61,0,10,0,35.69,101628.0,0.0,0.0,88
89,111116422,1554226160599999,323881499,-1170763199,71.19,66,14,1.3850001,,17,0.49974173,0.5335816,9.631592999999999,0.00055891275,3.0,448.42755,22,0,94,66,0,10,0,35.69,101600.0,0.0,0.0,89
90,112126321,1554226161599999,323881574,-1170763087,73.33,66,12,1.0860001,,17,0.49510318,0.5335816,9.529803,0.0,3.0,456.97736,21,0,94,67,0,10,0,35.7,101576.99,0.0,0.0,90
91,113123410,1554226162599999,323881650,-1170763032,75.51,98,8,0.48600003,,17,0.5009376,0.5335816,9.440792,0.0,3.0,465.29892,22,0,100,67,0,10,0,35.7,101560.0,0.0,0.0,91
92,114124721,1554226163599998,323881625,-1170763096,76.39,91,12,1.365,,17,0.49926293,0.5335816,9.414805,0.0,3.0,472.2457,21,0,95,68,0,10,0,35.7,101550.99,0.0,0.0,92
93,115122417,1554226164599998,323881501,-1170763196,75.23,85,6,1.4430001000000001,,17,0.50543255,0.5335816,9.353241,0.0,3.0,479.10364000000004,22,0,94,68,0,10,0,35.7,101556.0,0.0,0.0,93
94,116115582,1554226165599998,323881524,-1170763226,74.69,79,7,1.8090001,,17,0.49841696,0.5335816,9.221749,0.0,3.0,486.55935999999997,20,0,90,63,0,10,0,35.71,101544.99,0.0,0.0,94
95,117121436,1554226166599998,323881686,-1170763130,75.54,79,10,2.01,,17,0.49421567,0.5335816,9.043142,0.0,3.0,494.21002000000004,22,0,86,61,0,10,0,35.71,101547.0,0.0,0.0,95
96,118119429,1554226167599998,323881680,-1170763079,75.71,79,11,1.215,,17,0.49355249999999995,0.5335816,8.884188,0.0,3.0,501.09933,21,0,97,59,0,10,0,35.7,101544.99,0.0,0.0,96
97,119121391,1554226168599998,323881623,-1170763098,74.91,79,11,0.08900000000000001,,16,0.4897468,0.5335816,8.689127000000001,0.0,3.0,507.6677,21,0,99,61,0,10,0,35.7,101550.99,0.0,0.0,97
98,120122375,1554226169599998,323881646,-1170763090,74.35,74,7,0.314,,17,0.5040482,0.5335816,8.368636,0.0,3.0,514.4593,20,0,100,61,0,10,0,35.7,101550.99,0.0,0.0,98
99,121119913,1554226170599998,323881721,-1170763040,73.76,74,6,1.4140000000000001,,17,0.49616975,0.5335816,8.002947,0.0,3.0,520.8147,21,0,86,61,0,10,0,35.7,101557.0,0.0,0.0,99
100,122117446,1554226171599998,323881846,-1170762923,73.07,73,7,1.9240001,,17,0.5009377,0.5335816,7.607883,0.0,3.0,526.6383,20,0,99,61,0,10,0,35.7,101563.0,0.0,0.0,100
101,123115408,1554226172599998,323882022,-1170762787,72.07,64,4,2.7230000000000003,,17,0.5967033,0.5335816,7.1861243,0.0,3.0,532.0457,23,0,100,63,0,10,0,35.7,101576.99,0.0,0.0,101
102,124116719,1554226173599997,323882252,-1170762633,70.21,64,3,3.0300002,,17,0.58886874,0.5335816,6.7609770000000005,0.0,3.0,537.0034,21,0,100,63,0,10,0,35.7,101593.0,0.0,0.0,102
103,125114395,1554226174599997,323882489,-1170762524,66.56,64,4,2.104,,17,0.50163823,0.5335816,6.4566026,0.0,3.0,541.04706,20,0,93,63,0,10,0,35.69,101641.0,0.0,0.0,103
104,126112336,1554226175599997,323882620,-1170762454,62.18,69,4,1.217,,17,0.48879772,0.5335816,6.1753616,0.0,3.0,544.68805,23,0,98,63,0,10,0,35.69,101682.99,0.0,0.0,104
105,127114405,1554226176599997,323882634,-1170762344,58.43,69,4,0.84400004,,17,0.49131149999999996,0.5335816,5.93693,0.0,3.0,548.0322,22,0,100,62,0,10,0,35.7,101740.0,0.0,0.0,105
106,128124325,1554226177599997,323882713,-1170762240,51.48,69,7,3.5930002,,17,0.49900872,0.5335816,6.422880999999999,0.0,3.0,548.16595,22,0,99,61,0,10,0,35.69,101826.99,0.0,0.0,106
107,129117393,1554226178599997,323883319,-1170762154,38.36,88,11,9.363999999999999,,17,0.5020984000000001,0.5335816,6.9530463000000005,0.0,3.0,548.2331,22,0,95,57,0,10,0,35.69,101975.99,0.0,0.0,107
108,130118326,1554226179599997,323884219,-1170762646,19.53,88,7,13.9140005,,17,0.4957775,0.5335816,7.327959,0.0,3.0,548.2937,21,0,97,43,0,10,0,35.68,102197.0,0.0,0.0,108
109,131123903,1554226180599997,323884820,-1170763289,9.16,82,11,1.205,,16,0.49464417,0.5335816,7.3948417,0.0,3.0,548.323,25,0,100,36,0,10,0,35.66,102213.0,0.0,0.0,109
110,132122737,1554226181599997,323884822,-1170763285,10.18,76,10,0.086,,16,0.5058279999999999,0.5335816,7.372370699999999,0.0,3.0,548.3336,20,0,100,32,0,10,0,35.649998,102213.0,0.0,0.0,110
111,133117477,1554226182599997,323884811,-1170763270,11.08,76,9,0.11199999999999999,,16,0.49097115,0.5335816,7.345859,0.0,3.0,548.3493,23,0,100,30,0,10,0,35.649998,102209.0,0.0,0.0,111
112,134118320,1554226183599996,323884773,-1170763252,11.95,76,11,0.063,,16,0.5036714,0.5335816,7.3214364000000005,0.0,3.0,548.3634,21,0,93,28,0,10,0,35.649998,102215.0,0.0,0.0,112
113,135122700,1554226184599996,323884744,-1170763232,12.78,76,8,0.08900000000000001,,16,0.48825908,0.5335816,7.2837114000000005,0.0,3.0,548.3787,18,0,96,28,0,10,0,35.63,102213.99,0.0,0.0,113
114,136120335,1554226185599996,323884718,-1170763216,13.35,76,12,0.033,,16,0.4935130999999999,0.5335816,7.241019199999999,0.0,3.0,548.3954,23,0,94,28,0,10,0,35.63,102211.0,0.0,0.0,114
115,137121437,1554226186599996,323884686,-1170763201,14.09,76,14,0.015000001,,16,0.4885319,0.5335816,7.2088923,0.0,3.0,548.40796,21,0,100,28,0,10,0,35.63,102212.0,0.0,0.0,115
116,138123653,1554226187599996,323884669,-1170763185,14.39,76,10,0.08900000000000001,,16,0.50169027,0.5335816,7.1856337,0.0,3.0,548.41455,25,0,94,28,0,10,0,35.63,102213.0,0.0,0.0,116
117,139126324,1554226188599996,323884649,-1170763170,14.85,76,10,0.033,,16,0.49927038,0.5335816,7.208606,0.0,3.0,548.41455,24,0,97,28,0,10,0,35.63,102210.0,0.0,0.0,117
118,140122804,1554226189599996,323884631,-1170763167,15.31,76,12,0.051000002999999995,,16,0.48620754,0.5335816,7.2126784,0.0,3.0,548.41516,24,0,100,28,0,10,0,35.62,102207.0,0.0,0.0,118
119,141125475,1554226190599996,323884617,-1170763165,15.68,76,14,0.075,,16,0.5032002999999999,0.5335816,7.216709599999999,0.0,3.0,548.41565,20,0,100,28,0,10,0,35.63,102212.0,0.0,0.0,119
120,142122413,1554226191599995,323884605,-1170763154,16.06,76,9,0.046000004000000004,,16,0.51930237,0.5335816,7.2091520000000004,0.0,3.0,548.41565,23,0,100,28,0,10,0,35.63,102213.99,0.0,0.0,120
121,143120340,1554226192599995,323884595,-1170763143,16.27,76,10,0.037000000000000005,,16,0.50075257,0.5335816,7.199874,0.0,3.0,548.4159999999999,21,0,100,28,0,10,0,35.63,102211.0,0.0,0.0,121
122,144122394,1554226193599995,323884585,-1170763131,16.46,76,10,0.071,,16,0.49679762,0.5335816,7.1797320000000004,0.0,3.0,548.4171,22,0,97,28,0,10,0,35.63,102209.0,0.0,0.0,122
123,145119433,1554226194599995,323884577,-1170763113,16.68,76,9,0.080000006,,16,0.4927464,0.5335816,7.1565285,0.0,3.0,548.4171,20,0,100,28,0,10,0,35.64,102207.0,0.0,0.0,123
124,146117396,1554226195599995,323884570,-1170763100,16.83,76,17,0.096,,16,0.4966213,0.5335816,7.1286836,0.0,3.0,548.41895,22,0,99,28,0,10,0,35.649998,102211.0,0.0,0.0,124
125,147119408,1554226196599995,323884561,-1170763086,16.98,76,10,0.059000004,,16,0.47691715,0.5335816,7.071483,0.0,3.0,548.42883,22,0,97,28,0,10,0,35.649998,102206.0,0.0,0.0,125
126,148123992,1554226197599995,323884559,-1170763073,17.07,76,11,0.022000002,,16,0.50487745,0.5335816,7.043257700000001,0.0,3.0,548.42944,22,0,100,28,0,10,0,35.66,102212.0,0.0,0.0,126
127,149117665,1554226198599995,323884556,-1170763065,17.14,76,10,0.054000000000000006,,16,0.6731653000000001,0.5335816,7.029506,0.0,3.0,548.42944,21,0,100,28,0,10,0,35.67,102212.0,0.0,0.0,127
128,150120338,1554226199599995,323884550,-1170763052,17.25,71,15,0.047000002,,16,0.49074244,0.5335816,7.018007000000001,0.0,3.0,548.42944,24,0,99,28,0,10,0,35.67,102207.99,0.0,0.0,128
129,151118322,1554226200599994,323884548,-1170763047,17.33,71,11,0.098000005,,16,0.48385322,0.5335816,6.999411,0.0,3.0,548.43024,20,0,78,27,0,10,0,35.69,102211.0,0.0,1.0,129
130,152123408,1554226201599994,323884548,-1170763042,17.37,71,10,0.079,,16,0.4955451,0.5335816,6.9780293,0.0,3.0,548.43115,21,0,100,25,0,10,0,35.69,102210.0,0.0,0.0,130
131,153124324,1554226202599994,323884542,-1170763032,17.39,71,10,0.046000004000000004,,16,0.49473566,0.5335816,6.963457000000001,0.0,3.0,548.43195,22,0,100,24,0,10,0,35.7,102205.0,0.0,0.0,131
132,154123540,1554226203599994,323884538,-1170763019,17.44,71,10,0.023000002000000002,,16,0.48758256,0.5335816,6.9418526,0.0,3.0,548.43195,23,0,95,24,0,10,0,35.719997,102212.0,0.0,0.0,132
133,155123403,1554226204599994,323884532,-1170763007,17.38,71,10,0.086,,16,0.5032247999999999,0.5335816,6.918342999999999,0.0,3.0,548.4329,15,0,98,24,0,10,0,35.719997,102213.0,0.0,0.0,133
134,156126322,1554226205599994,323884526,-1170762989,17.46,71,13,0.17500001,,16,0.49579847,0.5335816,6.864598,0.0,3.0,548.4395,20,0,93,24,0,10,0,35.73,102211.0,0.0,0.0,134
135,157122327,1554226206599994,323884521,-1170762983,17.41,71,11,0.061000004000000004,,16,0.4966771,0.5335816,6.8409553,0.0,3.0,548.4413,21,0,98,24,0,10,0,35.75,102211.0,0.0,0.0,135
136,158120570,1554226207599994,323884518,-1170762983,17.26,71,9,0.055999999999999994,,16,0.5011885,0.5335816,6.8278656,0.0,3.0,548.4421,19,0,96,24,0,10,0,35.76,102212.0,0.0,0.0,136
137,159118047,1554226208599994,323884514,-1170762983,17.24,71,9,0.016,,16,0.50597525,0.5335816,6.813871400000001,0.0,3.0,548.4426,18,0,98,24,0,10,0,35.78,102211.0,0.0,0.0,137
138,160116321,1554226209599993,323884513,-1170762980,17.28,71,13,0.034,,16,0.49266636,0.5335816,6.809292299999999,0.0,3.0,548.44275,24,0,86,24,0,10,0,35.79,102216.0,0.0,0.0,138
139,161122394,1554226210599993,323884508,-1170762977,17.22,71,11,0.076000005,,16,0.4778045999999999,0.5335816,6.786163,0.0,3.0,548.44275,23,0,94,24,0,10,0,35.8,102212.0,0.0,0.0,139
140,162130324,1554226211599993,323884504,-1170762969,17.3,71,9,0.066,,16,0.4886607,0.5335816,6.7648660000000005,0.0,3.0,548.44275,19,0,100,24,0,10,0,35.809998,102212.0,0.0,0.0,140
141,163124369,1554226212599993,323884506,-1170762968,17.34,71,17,0.071,,16,0.4873634,0.5335816,6.743829300000001,0.0,3.0,548.4441,20,0,97,21,0,10,0,35.829997999999996,102216.0,0.0,0.0,141
142,164125505,1554226213599993,323884510,-1170762967,17.24,71,10,0.080000006,,16,0.48532479999999995,0.5335816,6.7277317,0.0,3.0,548.4446,22,0,83,20,0,10,0,35.84,102213.0,0.0,0.0,142
143,165127807,1554226214599993,323884510,-1170762971,17.23,71,13,0.048,,16,0.4895544,0.5335816,6.684596000000001,0.0,3.0,548.4546,22,0,94,20,0,10,0,35.86,102216.0,0.0,0.0,143
144,166128665,1554226215599993,323884512,-1170762972,17.16,71,9,0.043,,16,0.4904644,0.5335816,6.6612800000000005,0.0,3.0,548.4577,21,0,99,20,0,10,0,35.87,102215.0,0.0,1.0,144
145,167122594,1554226216599993,323884512,-1170762971,17.1,71,14,0.024,,16,0.49004447,0.5335816,6.6447425,0.0,3.0,548.4580000000001,21,0,100,20,0,10,0,35.88,102213.0,1.0,0.0,145
146,168120340,1554226217599993,323884508,-1170762972,17.1,71,16,0.031000001,,16,0.70889306,0.5335816,6.62736,0.0,3.0,548.4596,23,0,100,20,0,10,0,35.899998,102215.0,1.0,0.0,146
