timestamp,x,y,z,r,flaps,aux1,aux2,aux3,aux4,aux5,mode_switch,return_switch,rattitude_switch,posctl_switch,loiter_switch,acro_switch,offboard_switch,kill_switch,arm_switch,transition_switch,gear_switch,mode_slot,data_source,stab_switch,man_switch
57624733,0.0,-0.0059783966,9.1e-44,0.99830014,0.0,0.0,0.0,0.0,0.0,0.0,0,3,0,0,0,0,0,3,0,0,0,2,1,0,0
57825534,0.0,-0.0043163346,0.0,0.9979132,0.0,0.0,0.0,0.0,0.0,0.0,0,3,0,0,0,0,0,3,0,0,0,2,1,0,0
58025546,0.0,-0.004485382,0.0,0.99843043,0.0,0.0,0.0,0.0,0.0,0.0,0,3,0,0,0,0,0,3,0,0,0,2,1,0,0
58230332,0.0,-0.005292794,0.0,0.73073,0.0,0.0,0.0,0.0,0.0,0.0,0,3,0,0,0,0,0,3,0,0,0,2,1,0,0
58446333,0.0,-0.0042536645,0.0,0.0005652111,0.0,0.0,0.0,0.0,0.0,0.0,0,3,0,0,0,0,0,3,0,0,0,2,1,0,0
58643141,0.0,-0.005628852,0.0,1.1916924e-07,0.0,0.0,0.0,0.0,0.0,0.0,0,3,0,0,0,0,0,3,0,0,0,2,1,0,0
58843141,0.0,-0.005279815,0.09288968,-3.432239e-10,0.0,0.0,0.0,0.0,0.0,0.0,0,3,0,0,0,0,0,3,0,0,0,2,1,0,0
59043954,0.0,-0.004585582,0.20900494,2.4903858e-13,0.0,0.0,0.0,0.0,0.0,0.0,0,3,0,0,0,0,0,3,0,0,0,2,1,0,0
59243934,0.0,-0.006155586,0.34967288,-7.2019135e-17,0.0,0.0,0.0,0.0,0.0,0.0,0,3,0,0,0,0,0,3,0,0,0,2,1,0,0
59452957,0.0,-0.0053273602,0.47178158,-4.2572663e-20,0.0,0.0,0.0,0.0,0.0,0.0,0,3,0,0,0,0,0,3,0,0,0,2,1,0,0
59665532,0.0,-0.0043181917,0.5288094,2.2064536e-23,0.0,0.0,0.0,0.0,0.0,0.0,0,3,0,0,0,0,0,3,0,0,0,2,1,0,0
59866349,0.0,-0.0057388735,0.57281685,1.3765892e-27,0.0,0.0,0.0,0.0,0.0,0.0,0,3,0,0,0,0,0,3,0,0,0,2,1,0,0
60066526,0.0,-0.0052923374,0.60721886,-1.0540624e-29,0.0,0.0,0.0,0.0,0.0,0.0,0,3,0,0,0,0,0,3,0,0,0,2,1,0,0
60255157,0.0,-0.004301619,0.608512,8.6145545e-33,0.0,0.0,0.0,0.0,0.0,0.0,0,3,0,0,0,0,0,3,0,0,0,2,1,0,0
60463327,0.0,-0.0061550015,0.60851866,-3.0550064e-36,0.0,0.0,0.0,0.0,0.0,0.0,0,3,0,0,0,0,0,3,0,0,0,2,1,0,0
60680155,0.0,-0.0060890927,0.61026007,-1.614966e-39,0.0,0.0,0.0,0.0,0.0,0.0,0,3,0,0,0,0,0,3,0,0,0,2,1,0,0
60879933,0.0,-0.004312459,0.6106575,8.32e-43,0.0,0.0,0.0,0.0,0.0,0.0,0,3,0,0,0,0,0,3,0,0,0,2,1,0,0
61072750,0.0,-0.005688728,0.6101392,0.0,0.0,0.0,0.0,0.0,0.0,0.0,0,3,0,0,0,0,0,3,0,0,0,2,1,0,0
61269554,0.027600659,-0.0052277204,0.6106857,0.0,0.0,0.0,0.0,0.0,0.0,0.0,0,3,0,0,0,0,0,3,0,0,0,2,1,0,0
61470330,0.06657943,-0.00431657,0.6101356,0.0,0.0,0.0,0.0,0.0,0.0,0.0,0,3,0,0,0,0,0,3,0,0,0,2,1,0,0
61674336,0.43750942,-0.004765673,0.6206231,0.0,0.0,0.0,0.0,0.0,0.0,0.0,0,3,0,0,0,0,0,3,0,0,0,2,1,0,0
61891132,1.0,0.047532156,0.62253463,0.0,0.0,0.0,0.0,0.0,0.0,0.0,0,3,0,0,0,0,0,3,0,0,0,2,1,0,0
62083133,1.0,-3.299725e-05,0.62269014,0.0,0.0,0.0,0.0,0.0,0.0,0.0,0,3,0,0,0,0,0,3,0,0,0,2,1,0,0
62300951,1.0,-4.4637165e-08,0.8016227,0.0,0.0,0.0,0.0,0.0,0.0,0.0,0,3,0,0,0,0,0,3,0,0,0,2,1,0,0
62500721,1.0,1.522496e-11,0.8199441,0.0,0.0,0.0,0.0,0.0,0.0,0.0,0,3,0,0,0,0,0,3,0,0,0,2,1,0,0
62693541,1.0,5.609462e-15,0.8214813,0.0,0.0,0.0,0.0,0.0,0.0,0.0,0,3,0,0,0,0,0,3,0,0,0,2,1,0,0
62897518,1.0,-1.1338966e-17,0.8162421,0.3776142,0.0,0.0,0.0,0.0,0.0,0.0,0,3,0,0,0,0,0,3,0,0,0,2,1,0,0
63094567,1.0,7.519459e-21,0.80532825,0.4774305,0.0,0.0,0.0,0.0,0.0,0.0,0,3,0,0,0,0,0,3,0,0,0,2,1,0,0
63310528,1.0,1.6859072e-24,0.8053191,0.013798561,0.0,0.0,0.0,0.0,0.0,0.0,0,3,0,0,0,0,0,3,0,0,0,2,1,0,0
63499147,1.0,-1.5234569e-27,0.80554694,1.8322706e-05,0.0,0.0,0.0,0.0,0.0,0.0,0,3,0,0,0,0,0,3,0,0,0,2,1,0,0
63723133,1.0,-1.9969277e-31,0.8063773,0.0049577253,0.0,0.0,0.0,0.0,0.0,0.0,0,3,0,0,0,0,0,3,0,0,0,2,1,0,0
63919936,1.0,2.7612048e-34,0.80420977,0.30724674,0.0,0.0,0.0,0.0,0.0,0.0,0,3,0,0,0,0,0,3,0,0,0,2,1,0,0
64123929,1.0,-1.5640338e-37,0.80453366,0.21356384,0.0,0.0,0.0,0.0,0.0,0.0,0,3,0,0,0,0,0,3,0,0,0,2,1,0,0
64324735,1.0,1.9593e-41,0.8053393,0.010860631,0.0,0.0,0.0,0.0,0.0,0.0,0,3,0,0,0,0,0,3,0,0,0,2,1,0,0
64524743,1.0,4.9e-44,0.8061632,8.2461875e-06,0.0,0.0,0.0,0.0,0.0,0.0,0,3,0,0,0,0,0,3,0,0,0,2,1,0,0
64717749,1.0,0.0,0.8060681,1.1816324e-08,0.0,0.0,0.0,0.0,0.0,0.0,0,3,0,0,0,0,0,3,0,0,0,2,1,0,0
64933743,1.0,0.0,0.80616355,-3.3991037e-12,0.0,0.0,0.0,0.0,0.0,0.0,0,3,0,0,0,0,0,3,0,0,0,2,1,0,0
65137519,1.0,0.0,0.8061924,-1.0069916e-15,0.0,0.0,0.0,0.0,0.0,0.0,0,3,0,0,0,0,0,3,0,0,0,2,1,0,0
65334326,1.0,0.0,0.8061808,2.317425e-18,0.0,0.0,0.0,0.0,0.0,0.0,0,3,0,0,0,0,0,3,0,0,0,2,1,0,0
65534321,1.0,0.0,0.806121,-1.5958331e-21,0.0,0.0,0.0,0.0,0.0,0.0,0,3,0,0,0,0,0,3,0,0,0,2,1,0,0
65735095,1.0,0.0,0.8056409,4.1152692e-25,0.0,0.0,0.0,0.0,0.0,0.0,0,3,0,0,0,0,0,3,0,0,0,2,1,0,0
65935135,1.0,0.0,0.8064344,3.1640605e-28,0.0,0.0,0.0,0.0,0.0,0.0,0,3,0,0,0,0,0,3,0,0,0,2,1,0,0
66139931,1.0,0.0,0.8058217,-4.5027165e-31,0.0,0.0,0.0,0.0,0.0,0.0,0,3,0,0,0,0,0,3,0,0,0,2,1,0,0
66340165,1.0,0.0,0.80625206,2.5895686e-34,0.0,0.0,0.0,0.0,0.0,0.0,0,3,0,0,0,0,0,3,0,0,0,2,1,0,0
66548737,1.0,0.0,0.8061878,7.193131e-38,0.0,0.0,0.0,0.0,0.0,0.0,0,3,0,0,0,0,0,3,0,0,0,2,1,0,0
66748734,1.0,0.0,0.80548435,-5.5646e-41,0.0,0.0,0.0,0.0,0.0,0.0,0,3,0,0,0,0,0,3,0,0,0,2,1,0,0
66945541,1.0,0.0,0.80560166,1.7e-44,0.0,0.0,0.0,0.0,0.0,0.0,0,3,0,0,0,0,0,3,0,0,0,2,1,0,0
67161531,1.0,0.0,0.80588305,0.0,0.0,0.0,0.0,0.0,0.0,0.0,0,3,0,0,0,0,0,3,0,0,0,2,1,0,0
67362334,1.0,0.0,0.8059708,0.0,0.0,0.0,0.0,0.0,0.0,0.0,0,3,0,0,0,0,0,3,0,0,0,2,1,0,0
67562349,1.0,0.0,0.8056425,0.0,0.0,0.0,0.0,0.0,0.0,0.0,0,3,0,0,0,0,0,3,0,0,0,2,1,0,0
67759135,1.0,0.0,0.8059515,0.0,0.0,0.0,0.0,0.0,0.0,0.0,0,3,0,0,0,0,0,3,0,0,0,2,1,0,0
67979150,1.0,0.0,0.8058279,0.0,0.0,0.0,0.0,0.0,0.0,0.0,0,3,0,0,0,0,0,3,0,0,0,2,1,0,0
68171932,1.0,0.0,0.8064122,0.0,0.0,0.0,0.0,0.0,0.0,0.0,0,3,0,0,0,0,0,3,0,0,0,2,1,0,0
68367936,1.0,0.0,0.80545664,0.0,0.0,0.0,0.0,0.0,0.0,0.0,0,3,0,0,0,0,0,3,0,0,0,2,1,0,0
68583920,1.0,0.0,0.805484,0.0,0.0,0.0,0.0,0.0,0.0,0.0,0,3,0,0,0,0,0,3,0,0,0,2,1,0,0
68780738,1.0,0.0,0.8056364,0.0,0.0,0.0,0.0,0.0,0.0,0.0,0,3,0,0,0,0,0,3,0,0,0,2,1,0,0
68976719,1.0,0.0,0.8052963,0.0,0.0,0.0,0.0,0.0,0.0,0.0,0,3,0,0,0,0,0,3,0,0,0,2,1,0,0
69173528,1.0,0.0,0.8064107,0.0,0.0,0.0,0.0,0.0,0.0,0.0,0,3,0,0,0,0,0,3,0,0,0,2,1,0,0
69393520,1.0,0.0,0.8064282,0.0,0.0,0.0,0.0,0.0,0.0,0.0,0,3,0,0,0,0,0,3,0,0,0,2,1,0,0
69586561,1.0,0.0,0.80566543,0.0,0.0,0.0,0.0,0.0,0.0,0.0,0,3,0,0,0,0,0,3,0,0,0,2,1,0,0
69786319,1.0,0.0,0.80569625,0.0,0.0,0.0,0.0,0.0,0.0,0.0,0,3,0,0,0,0,0,3,0,0,0,2,1,0,0
69987160,1.0,0.0,0.80643535,0.0,0.0,0.0,0.0,0.0,0.0,0.0,0,3,0,0,0,0,0,3,0,0,0,2,1,0,0
70203118,1.0,0.0,0.80634695,0.0,0.0,0.0,0.0,0.0,0.0,0.0,0,3,0,0,0,0,0,3,0,0,0,2,1,0,0
70399933,1.0,0.0,0.8056364,0.0,0.0,0.0,0.0,0.0,0.0,0.0,0,3,0,0,0,0,0,3,0,0,0,2,1,0,0
70599927,1.0,0.0,0.8060128,0.0,0.0,0.0,0.0,0.0,0.0,0.0,0,3,0,0,0,0,0,3,0,0,0,2,1,0,0
70796744,1.0,0.0,0.80644155,0.0,0.0,0.0,0.0,0.0,0.0,0.0,0,3,0,0,0,0,0,3,0,0,0,2,1,0,0
71000751,1.0,0.0,0.80644256,0.0,0.0,0.0,0.0,0.0,0.0,0.0,0,3,0,0,0,0,0,3,0,0,0,2,1,0,0
71218330,1.0,0.0,0.80609405,0.0,0.0,0.0,0.0,0.0,0.0,0.0,0,3,0,0,0,0,0,3,0,0,0,2,1,0,0
71414317,1.0,0.0,0.80615723,0.0,0.0,0.0,0.0,0.0,0.0,0.0,0,3,0,0,0,0,0,3,0,0,0,2,1,0,0
71611130,1.0,0.0,0.8064091,0.0,0.0,0.0,0.0,0.0,0.0,0.0,0,3,0,0,0,0,0,3,0,0,0,2,1,0,0
71823349,1.0,0.0,0.80640644,0.0,0.0,0.0,0.0,0.0,0.0,0.0,0,3,0,0,0,0,0,3,0,0,0,2,1,0,0
72020745,1.0,0.0,0.8406731,0.0,0.0,0.0,0.0,0.0,0.0,0.0,0,3,0,0,0,0,0,3,0,0,0,2,1,0,0
72224718,1.0,0.0,0.84524596,0.0,0.0,0.0,0.0,0.0,0.0,0.0,0,3,0,0,0,0,0,3,0,0,0,2,1,0,0
72437753,1.0,0.0,0.8457451,0.0,0.0,0.0,0.0,0.0,0.0,0.0,0,3,0,0,0,0,0,3,0,0,0,2,1,0,0
72617749,1.0,0.0,0.84574467,-0.16866446,0.0,0.0,0.0,0.0,0.0,0.0,0,3,0,0,0,0,0,3,0,0,0,2,1,0,0
72834587,1.0,0.0,0.84574467,-0.2857709,0.0,0.0,0.0,0.0,0.0,0.0,0,3,0,0,0,0,0,3,0,0,0,2,1,0,0
73030318,1.0,0.0,0.8468095,-0.29687655,0.0,0.0,0.0,0.0,0.0,0.0,0,3,0,0,0,0,0,3,0,0,0,2,1,0,0
73231373,1.0,0.0,0.8479201,-0.3564611,0.0,0.0,0.0,0.0,0.0,0.0,0,3,0,0,0,0,0,3,0,0,0,2,1,0,0
73439117,1.0,0.0,0.84712267,-0.30959398,0.0,0.0,0.0,0.0,0.0,0.0,0,3,0,0,0,0,0,3,0,0,0,2,1,0,0
73631942,1.0,0.0,0.77940357,-0.07028558,0.0,0.0,0.0,0.0,0.0,0.0,0,3,0,0,0,0,0,3,0,0,0,2,1,0,0
73851935,1.0,0.0,0.6137434,4.0779967e-05,0.0,0.0,0.0,0.0,0.0,0.0,0,3,0,0,0,0,0,3,0,0,0,2,1,0,0
74048731,1.0,0.0,0.49704525,-2.7980729e-08,0.0,0.0,0.0,0.0,0.0,0.0,0,3,0,0,0,0,0,3,0,0,0,2,1,0,0
74248738,1.0,0.0,0.45697126,7.1532797e-12,0.0,0.0,0.0,0.0,0.0,0.0,0,3,0,0,0,0,0,3,0,0,0,2,1,0,0
74450379,1.0,0.0,0.45314506,5.60208e-15,0.0,0.0,0.0,0.0,0.0,0.0,0,3,0,0,0,0,0,3,0,0,0,2,1,0,0
74650351,1.0,0.0,0.45264575,-7.915943e-18,0.0,0.0,0.0,0.0,0.0,0.0,0,3,0,0,0,0,0,3,0,0,0,2,1,0,0
74843132,1.0,0.0,0.45321986,-0.124748364,0.0,0.0,0.0,0.0,0.0,0.0,0,3,0,0,0,0,0,3,0,0,0,2,1,0,0
75063138,1.0,0.0,0.45229635,-0.19207287,0.0,0.0,0.0,0.0,0.0,0.0,0,3,0,0,0,0,0,3,0,0,0,2,1,0,0
75259925,1.0,0.0,0.4532112,0.004577463,0.0,0.0,0.0,0.0,0.0,0.0,0,3,0,0,0,0,0,3,0,0,0,2,1,0,0
75455940,1.0,0.0,0.45211053,-1.5503988e-06,0.0,0.0,0.0,0.0,0.0,0.0,0,3,0,0,0,0,0,3,0,0,0,2,1,0,0
75649760,1.0,0.0,0.45283946,-5.8474614e-10,0.0,0.0,0.0,0.0,0.0,0.0,0,3,0,0,0,0,0,3,0,0,0,2,1,0,0
75849523,1.0,0.0,0.45216113,0.003738673,0.0,0.0,0.0,0.0,0.0,0.0,0,3,0,0,0,0,0,3,0,0,0,2,1,0,0
76074349,1.0,0.0,0.45212728,0.29973558,0.0,0.0,0.0,0.0,0.0,0.0,0,3,0,0,0,0,0,3,0,0,0,2,1,0,0
76266338,1.0,0.0,0.45160696,0.4192082,0.0,0.0,0.0,0.0,0.0,0.0,0,3,0,0,0,0,0,3,0,0,0,2,1,0,0
76463146,1.0,0.0,0.4515841,0.4252983,0.0,0.0,0.0,0.0,0.0,0.0,0,3,0,0,0,0,0,3,0,0,0,2,1,0,0
76679128,1.0,0.0,0.4511072,0.42159438,0.0,0.0,0.0,0.0,0.0,0.0,0,3,0,0,0,0,0,3,0,0,0,2,1,0,0
76879931,1.0,0.0,0.45106593,0.47574458,0.0,0.0,0.0,0.0,0.0,0.0,0,3,0,0,0,0,0,3,0,0,0,2,1,0,0
77075935,1.0,0.0,0.45143402,0.52194786,0.0,0.0,0.0,0.0,0.0,0.0,0,3,0,0,0,0,0,3,0,0,0,2,1,0,0
77269535,1.0,0.0,0.45103863,0.5220994,0.0,0.0,0.0,0.0,0.0,0.0,0,3,0,0,0,0,0,3,0,0,0,2,1,0,0
77469543,1.0,0.0,0.4509756,0.4699725,0.0,0.0,0.0,0.0,0.0,0.0,0,3,0,0,0,0,0,3,0,0,0,2,1,0,0
77690330,1.0,0.0,0.45106387,0.45268303,0.0,0.0,0.0,0.0,0.0,0.0,0,3,0,0,0,0,0,3,0,0,0,2,1,0,0
77874413,1.0,0.0,0.45217344,0.4520167,0.0,0.0,0.0,0.0,0.0,0.0,0,3,0,0,0,0,0,3,0,0,0,2,1,0,0
78095136,1.0,0.0,0.45141068,0.44793904,0.0,0.0,0.0,0.0,0.0,0.0,0,3,0,0,0,0,0,3,0,0,0,2,1,0,0
78291145,1.0,0.0,0.45481145,0.39719555,0.0,0.0,0.0,0.0,0.0,0.0,0,3,0,0,0,0,0,3,0,0,0,2,1,0,0
78487931,1.0,0.0,0.6243934,0.08899058,0.0,0.0,0.0,0.0,0.0,0.0,0,3,0,0,0,0,0,3,0,0,0,2,1,0,0
78691935,1.0,0.0,0.6277322,0.115107775,0.0,0.0,0.0,0.0,0.0,0.0,0,3,0,0,0,0,0,3,0,0,0,2,1,0,0
78892733,1.0,0.0,0.6273802,0.14436446,0.0,0.0,0.0,0.0,0.0,0.0,0,3,0,0,0,0,0,3,0,0,0,2,1,0,0
79096739,1.0,0.0,0.6276513,0.24040437,0.0,0.0,0.0,0.0,0.0,0.0,0,3,0,0,0,0,0,3,0,0,0,2,1,0,0
79289545,1.0,0.0,0.6271916,0.18963844,0.0,0.0,0.0,0.0,0.0,0.0,0,3,0,0,0,0,0,3,0,0,0,2,1,0,0
79513529,1.0,0.0,0.627465,1.7411992e-05,0.0,0.0,0.0,0.0,0.0,0.0,0,3,0,0,0,0,0,3,0,0,0,2,1,0,0
79713518,1.0,0.0,0.627683,1.9288304e-07,0.0,0.0,0.0,0.0,0.0,0.0,0,3,0,0,0,0,0,3,0,0,0,2,1,0,0
79902340,1.0,0.0,0.62876105,-0.0668962,0.0,0.0,0.0,0.0,0.0,0.0,0,3,0,0,0,0,0,3,0,0,0,2,1,0,0
80122549,0.9137487,0.0,0.62956035,-9.502829e-06,0.0,0.0,0.0,0.0,0.0,0.0,0,3,0,0,0,0,0,3,0,0,0,2,1,0,0
80319933,0.6374682,-0.0020951612,0.6287288,-4.7594902e-08,0.0,0.0,0.0,0.0,0.0,0.0,0,3,0,0,0,0,0,3,0,0,0,2,1,0,0
80513529,0.1310356,-0.0044385307,0.6287234,4.5551365e-11,0.0,0.0,0.0,0.0,0.0,0.0,0,3,0,0,0,0,0,3,0,0,0,2,1,0,0
80713516,-0.0001202162,-0.005408371,0.6287234,-1.9599936e-14,0.0,0.0,0.0,0.0,0.0,0.0,0,3,0,0,0,0,0,3,0,0,0,2,1,0,0
80931134,1.8706338e-08,-0.00528266,0.62689835,-8.1062716e-18,0.0,0.0,0.0,0.0,0.0,0.0,0,3,0,0,0,0,0,3,0,0,0,2,1,0,0
81136154,1.4208902e-11,-0.0055622878,0.5968074,-2.1491656e-22,0.0,0.0,0.0,0.0,0.0,0.0,0,3,0,0,0,0,0,3,0,0,0,2,1,0,0
81316154,-2.0033735e-14,-0.005227005,0.5826559,-7.7638374e-25,0.0,0.0,0.0,0.0,0.0,0.0,0,3,0,0,0,0,0,3,0,0,0,2,1,0,0
81519933,1.1603058e-17,-0.0039581982,0.3249947,-1.363701e-27,0.0,0.0,0.0,0.0,0.0,0.0,0,3,0,0,0,0,0,3,0,0,0,2,1,0,0
81721532,-1.6443842e-21,-0.0059661972,0.43987042,1.5185269e-30,0.0,0.0,0.0,0.0,0.0,0.0,0,3,0,0,0,0,0,3,0,0,0,2,1,0,0
81922340,-3.4765333e-24,-0.0059195,0.440455,-7.477656e-34,0.0,0.0,0.0,0.0,0.0,0.0,0,3,0,0,0,0,0,3,0,0,0,2,1,0,0
82138335,8.18654e-28,-0.005737516,0.44047648,-2.5837114e-37,0.0,0.0,0.0,0.0,0.0,0.0,0,3,0,0,0,0,0,3,0,0,0,2,1,0,0
82335142,3.378728e-31,-0.0060358522,0.4397067,1.72301e-40,0.0,0.0,0.0,0.0,0.0,0.0,0,3,0,0,0,0,0,3,0,0,0,2,1,0,0
82547135,-2.32449e-34,-0.0038917318,0.4404801,3.9e-44,0.0,0.0,0.0,0.0,0.0,0.0,0,3,0,0,0,0,0,3,0,0,0,5,1,0,0
82747135,2.22327e-39,-0.005564558,0.43990266,0.0,0.0,0.0,0.0,0.0,0.0,0.0,0,3,0,0,0,0,0,3,0,0,0,5,1,0,0
82935926,9.645e-41,-0.0052316166,0.43999368,0.0,0.0,0.0,0.0,0.0,0.0,0.0,0,3,0,0,0,0,0,3,0,0,0,5,1,0,0
83131935,-8.5e-44,-0.0055738627,0.43949574,0.0,0.0,0.0,0.0,0.0,0.0,0.0,0,3,0,0,0,0,0,3,0,0,0,5,1,0,0
83356784,0.0,-0.0061423425,0.44026333,0.0,0.0,0.0,0.0,0.0,0.0,0.0,0,3,0,0,0,0,0,3,0,0,0,5,1,0,0
83552949,0.0,-0.0053926106,0.439836,0.0,0.0,0.0,0.0,0.0,0.0,0.0,0,3,0,0,0,0,0,3,0,0,0,5,1,0,0
83757536,0.0,-0.005728173,0.43949974,0.0,0.0,0.0,0.0,0.0,0.0,0.0,0,3,0,0,0,0,0,3,0,0,0,5,1,0,0
83953544,0.0,-0.0060320855,0.43971336,0.0,0.0,0.0,0.0,0.0,0.0,0.0,0,3,0,0,0,0,0,3,0,0,0,5,1,0,0
84150357,0.0,-0.0052781864,0.43977436,0.0,0.0,0.0,0.0,0.0,0.0,0.0,0,3,0,0,0,0,0,3,0,0,0,5,1,0,0
84370335,0.0,-0.004639305,0.44041863,0.0,0.0,0.0,0.0,0.0,0.0,0.0,0,3,0,0,0,0,0,3,0,0,0,5,1,0,0
84575134,0.0,-0.0059214723,0.44045225,0.0,0.0,0.0,0.0,0.0,0.0,0.0,0,3,0,0,0,0,0,3,0,0,0,5,1,0,0
84775144,0.0,-0.004005087,0.44042954,0.0,0.0,0.0,0.0,0.0,0.0,0.0,0,3,0,0,0,0,0,3,0,0,0,5,1,0,0
84975930,0.0,-0.0061016395,0.4404108,0.0,0.0,0.0,0.0,0.0,0.0,0.0,0,3,0,0,0,0,0,3,0,0,0,5,1,0,0
85167932,0.0,-0.005284041,0.43970805,0.0,0.0,0.0,0.0,0.0,0.0,0.0,0,3,0,0,0,0,0,3,0,0,0,5,1,0,0
85367918,0.0,-0.005564655,0.43958938,0.0,0.0,0.0,0.0,0.0,0.0,0.0,0,3,0,0,0,0,0,3,0,0,0,5,1,0,0
85592735,0.0,-0.0052205464,0.43936273,0.0,0.0,0.0,0.0,0.0,0.0,0.0,0,3,0,0,0,0,0,3,0,0,0,5,1,0,0
85776718,0.0,-0.004871145,0.43973786,0.0,0.0,0.0,0.0,0.0,0.0,0.0,0,3,0,0,0,0,0,3,0,0,0,5,1,0,0
85985530,0.0,-0.0060361973,0.43985716,0.0,0.0,0.0,0.0,0.0,0.0,0.0,0,3,0,0,0,0,0,3,0,0,0,5,1,0,0
86189517,0.0,-0.0039058817,0.4404432,0.0,0.0,0.0,0.0,0.0,0.0,0.0,0,3,0,0,0,0,0,3,0,0,0,5,1,0,0
86390351,0.0,-0.005732188,0.43990162,0.0,0.0,0.0,0.0,0.0,0.0,0.0,0,3,0,0,0,0,0,3,0,0,0,5,1,0,0
86590317,0.0,-0.0049309283,0.43993306,0.0,0.0,0.0,0.0,0.0,0.0,0.0,0,3,0,0,0,0,0,3,0,0,0,5,1,0,0
86787136,0.0,-0.003906917,0.44001344,0.0,0.0,0.0,0.0,0.0,0.0,0.0,0,3,0,0,0,0,0,3,0,0,0,5,1,0,0
87007117,0.0,-0.004711591,0.44007596,0.0,0.0,0.0,0.0,0.0,0.0,0.0,0,3,0,0,0,0,0,3,0,0,0,5,1,0,0
87196954,0.0,-0.0053831683,0.43990391,0.0,0.0,0.0,0.0,0.0,0.0,0.0,0,3,0,0,0,0,0,3,0,0,0,5,1,0,0
87392727,0.0,-0.005627718,0.43955532,0.0,0.0,0.0,0.0,0.0,0.0,0.0,0,3,0,0,0,0,0,3,0,0,0,5,1,0,0
87609532,0.0,-0.0044205375,0.44020623,0.0,0.0,0.0,0.0,0.0,0.0,0.0,0,3,0,0,0,0,0,3,0,0,0,5,1,0,0
87805518,0.0,-0.004597804,0.4400431,0.0,0.0,0.0,0.0,0.0,0.0,0.0,0,3,0,0,0,0,0,3,0,0,0,5,1,0,0
88014415,0.0,-0.0046377154,0.44042546,0.0,0.0,0.0,0.0,0.0,0.0,0.0,0,3,0,0,0,0,0,3,0,0,0,5,1,0,0
88222323,0.0,-0.0052288603,0.43973657,0.0,0.0,0.0,0.0,0.0,0.0,0.0,0,3,0,0,0,0,0,3,0,0,0,5,1,0,0
88415150,0.0,-0.0045855762,0.4404773,0.0,0.0,0.0,0.0,0.0,0.0,0.0,0,3,0,0,0,0,0,3,0,0,0,5,1,0,0
88615137,0.0,-0.0061517977,0.4392803,0.0,0.0,0.0,0.0,0.0,0.0,0.0,0,3,0,0,0,0,0,3,0,0,0,5,1,0,0
88827937,0.0,-0.006085509,0.43989003,0.0,0.0,0.0,0.0,0.0,0.0,0.0,0,3,0,0,0,0,0,3,0,0,0,5,1,0,0
89019929,0.0,-0.005575621,0.4399855,0.0,0.0,0.0,0.0,0.0,0.0,0.0,0,3,0,0,0,0,0,3,0,0,0,5,1,0,0
89220752,0.0,-0.0044811224,0.44038457,0.0,0.0,0.0,0.0,0.0,0.0,0.0,0,3,0,0,0,0,0,3,0,0,0,5,1,0,0
89440756,0.0,-0.006028851,0.4395587,0.0,0.0,0.0,0.0,0.0,0.0,0.0,0,3,0,0,0,0,0,3,0,0,0,5,1,0,0
89637529,0.0,-0.0061537256,0.43930972,0.0,0.0,0.0,0.0,0.0,0.0,0.0,0,3,0,0,0,0,0,3,0,0,0,5,1,0,0
89833538,0.0,-0.004253688,0.4404841,0.0,0.0,0.0,0.0,0.0,0.0,0.0,0,3,0,0,0,0,0,3,0,0,0,5,1,0,0
90037518,0.0,-0.0047655385,0.44001284,0.0,0.0,0.0,0.0,0.0,0.0,0.0,0,3,0,0,0,0,0,3,0,0,0,5,1,0,0
90234432,0.0,-0.0053292126,0.44023463,0.0,0.0,0.0,0.0,0.0,0.0,0.0,0,3,0,0,0,0,0,3,0,0,0,5,1,0,0
90430330,0.0,-0.0039562723,0.44050723,0.0,0.0,0.0,0.0,0.0,0.0,0.0,0,3,0,0,0,0,0,3,0,0,0,5,1,0,0
90647135,0.0,-0.005678134,0.44041675,0.0,0.0,0.0,0.0,0.0,0.0,0.0,0,3,0,0,0,0,0,3,0,0,0,5,1,0,0
90847117,0.0,-0.0043040663,0.4402585,0.0,0.0,0.0,0.0,0.0,0.0,0.0,0,3,0,0,0,0,0,3,0,0,0,5,1,0,0
91043938,0.0,-0.005740721,0.43989712,0.0,0.0,0.0,0.0,0.0,0.0,0.0,0,3,0,0,0,0,0,3,0,0,0,5,1,0,0
91263920,0.0,-0.0059792073,0.4395933,0.0,0.0,0.0,0.0,0.0,0.0,0.0,0,3,0,0,0,0,0,3,0,0,0,5,1,0,0
91464737,0.0,-0.0053291707,0.4399034,0.0,0.0,0.0,0.0,0.0,0.0,0.0,0,3,0,0,0,0,0,3,0,0,0,5,1,0,0
91652740,0.0,-0.0056239734,0.43992695,0.0,0.0,0.0,0.0,0.0,0.0,0.0,0,3,0,0,0,0,0,3,0,0,0,5,1,0,0
91869539,0.0,-0.0052971668,0.44022304,0.0,0.0,0.0,0.0,0.0,0.0,0.0,0,3,0,0,0,0,0,3,0,0,0,5,1,0,0
92057536,0.0,-0.006041064,0.439332,0.0,0.0,0.0,0.0,0.0,0.0,0.0,0,3,0,0,0,0,0,3,0,0,0,5,1,0,0
92262337,0.0,-0.0060351454,0.4402275,0.0,0.0,0.0,0.0,0.0,0.0,0.0,0,3,0,0,0,0,0,3,0,0,0,5,1,0,0
92462526,0.0,-0.0050590253,0.44007853,0.0,0.0,0.0,0.0,0.0,0.0,0.0,0,3,0,0,0,0,0,3,0,0,0,5,1,0,0
92679352,0.0,-0.0060873874,0.43985727,0.0,0.0,0.0,0.0,0.0,0.0,0.0,0,3,0,0,0,0,0,3,0,0,0,5,1,0,0
92871159,0.0,-0.0049995347,0.44010773,0.0,0.0,0.0,0.0,0.0,0.0,0.0,0,3,0,0,0,0,0,3,0,0,0,5,1,0,0
93091117,0.0,-0.0046509285,0.43952796,0.0,0.0,0.0,0.0,0.0,0.0,0.0,0,3,0,0,0,0,0,3,0,0,0,5,1,0,0
93287970,0.0,-0.006036997,0.4395651,0.0,0.0,0.0,0.0,0.0,0.0,0.0,0,3,0,0,0,0,0,3,0,0,0,5,1,0,0
93483937,0.0,-0.006028531,0.4393681,0.0,0.0,0.0,0.0,0.0,0.0,0.0,0,3,0,0,0,0,0,3,0,0,0,5,1,0,0
93677534,0.0,-0.005295426,0.43973693,0.0,0.0,0.0,0.0,0.0,0.0,0.0,0,3,0,0,0,0,0,3,0,0,0,5,1,0,0
93898335,0.0,-0.004592847,0.44011134,0.0,0.0,0.0,0.0,0.0,0.0,0.0,0,3,0,0,0,0,0,3,0,0,0,5,1,0,0
94098329,0.0,-0.0059841545,0.43977335,0.0,0.0,0.0,0.0,0.0,0.0,0.0,0,3,0,0,0,0,0,3,0,0,0,5,1,0,0
94295171,0.0,-0.0053361435,0.43970907,0.0,0.0,0.0,0.0,0.0,0.0,0.0,0,3,0,0,0,0,0,3,0,0,0,5,1,0,0
94503133,0.0,-0.006153952,0.44020665,0.0,0.0,0.0,0.0,0.0,0.0,0.0,0,3,0,0,0,0,0,3,0,0,0,5,1,0,0
94703117,0.0,-0.0044043064,0.44042492,0.0,0.0,0.0,0.0,0.0,0.0,0.0,0,3,0,0,0,0,0,3,0,0,0,5,1,0,0
94895936,0.0,-0.005677824,0.4395286,0.0,0.0,0.0,0.0,0.0,0.0,0.0,0,3,0,0,0,0,0,3,0,0,0,5,1,0,0
95115917,0.0,-0.0052971807,0.44047144,0.0,0.0,0.0,0.0,0.0,0.0,0.0,0,3,0,0,0,0,0,3,0,0,0,5,1,0,0
95312738,0.0,-0.004058777,0.44038898,0.0,0.0,0.0,0.0,0.0,0.0,0.0,0,3,0,0,0,0,0,3,0,0,0,5,1,0,0
95516721,0.0,-0.005459315,0.43965057,0.0,0.0,0.0,0.0,0.0,0.0,0.0,0,3,0,0,0,0,0,3,0,0,0,5,1,0,0
95717541,0.0,-0.0050631487,0.43985462,0.0,0.0,0.0,0.0,0.0,0.0,0.0,0,3,0,0,0,0,0,3,0,0,0,5,1,0,0
95921726,0.0,-0.0052280454,0.4402945,0.0,0.0,0.0,0.0,0.0,0.0,0.0,0,3,0,0,0,0,0,3,0,0,0,5,1,0,0
96126336,0.0,-0.0044302596,0.44019142,0.0,0.0,0.0,0.0,0.0,0.0,0.0,0,3,0,0,0,0,0,3,0,0,0,5,1,0,0
96322342,0.0,-0.0060902666,0.44019708,0.0,0.0,0.0,0.0,0.0,0.0,0.0,0,3,0,0,0,0,0,3,0,0,0,5,1,0,0
96523129,0.0,-0.0045984834,0.43992496,0.0,0.0,0.0,0.0,0.0,0.0,0.0,0,3,0,0,0,0,0,3,0,0,0,5,1,0,0
96727133,0.0,-0.0059754075,0.4398897,0.0,0.0,0.0,0.0,0.0,0.0,0.0,0,3,0,0,0,0,0,3,0,0,0,5,1,0,0
96924738,0.0,-0.0039486242,0.44007894,0.0,0.0,0.0,0.0,0.0,0.0,0.0,0,3,0,0,0,0,0,3,0,0,0,5,1,0,0
97144999,0.0,-0.0055636363,0.43958342,0.0,0.0,0.0,0.0,0.0,0.0,0.0,0,3,0,0,0,0,0,3,0,0,0,5,1,0,0
97345543,0.0,-0.0052316184,0.44048363,0.0,0.0,0.0,0.0,0.0,0.0,0.0,0,3,0,0,0,0,0,3,0,0,0,5,1,0,0
97541725,0.0,-0.006027004,0.43973684,0.0,0.0,0.0,0.0,0.0,0.0,0.0,0,3,0,0,0,0,0,3,0,0,0,5,1,0,0
97738343,0.0,-0.0043542436,0.44023338,0.0,0.0,0.0,0.0,0.0,0.0,0.0,0,3,0,0,0,0,0,3,0,0,0,5,1,0,0
97958365,0.0,-0.0039581005,0.4404436,0.0,0.0,0.0,0.0,0.0,0.0,0.0,0,3,0,0,0,0,0,3,0,0,0,5,1,0,0
98159130,0.0,-0.00523287,0.44028693,0.0,0.0,0.0,0.0,0.0,0.0,0.0,0,3,0,0,0,0,0,3,0,0,0,5,1,0,0
98359130,0.0,-0.0045968597,0.44044298,0.0,0.0,0.0,0.0,0.0,0.0,0.0,0,3,0,0,0,0,0,3,0,0,0,5,1,0,0
98555934,0.0,-0.0060237767,0.43970668,0.0,0.0,0.0,0.0,0.0,0.0,0.0,0,3,0,0,0,0,0,3,0,0,0,5,1,0,0
98759929,0.0,-0.004583441,0.44011125,0.0,0.0,0.0,0.0,0.0,0.0,0.0,0,3,0,0,0,0,0,3,0,0,0,5,1,0,0
98959918,0.0,-0.005977256,0.44022286,0.0,0.0,0.0,0.0,0.0,0.0,0.0,0,3,0,0,0,0,0,3,0,0,0,5,1,0,0
99153531,0.0,-0.005560516,0.43955907,0.0,0.0,0.0,0.0,0.0,0.0,0.0,0,3,0,0,0,0,0,3,0,0,0,5,1,0,0
99354329,0.0,-0.0060340115,0.43993413,0.0,0.0,0.0,0.0,0.0,0.0,0.0,0,3,0,0,0,0,0,3,0,0,0,5,1,0,0
99570340,0.0,-0.0043511754,0.44045338,0.0,0.0,0.0,0.0,0.0,0.0,0.0,0,3,0,0,0,0,0,3,0,0,0,5,1,0,0
99763131,0.0,-0.0061547775,0.43968403,0.0,0.0,0.0,0.0,0.0,0.0,0.0,0,3,0,0,0,0,0,3,0,0,0,5,1,0,0
99975155,0.0,-0.0060359556,0.43985698,0.0,0.0,0.0,0.0,0.0,0.0,0.0,0,3,0,0,0,0,0,3,0,0,0,5,1,0,0
100167934,0.0,-0.0050628115,0.43982914,0.0,0.0,0.0,0.0,0.0,0.0,0.0,0,3,0,0,0,0,0,3,0,0,0,5,1,0,0
100371939,0.0,-0.00529646,0.43970272,0.0,0.0,0.0,0.0,0.0,0.0,0.0,0,3,0,0,0,0,0,3,0,0,0,5,1,0,0
100587920,0.0,-0.0055643013,0.43955982,0.0,0.0,0.0,0.0,0.0,0.0,0.0,0,3,0,0,0,0,0,3,0,0,0,5,1,0,0
100785000,0.0,-0.0060861167,0.43931645,0.0,0.0,0.0,0.0,0.0,0.0,0.0,0,3,0,0,0,0,0,3,0,0,0,5,1,0,0
100984719,0.0,-0.005573538,0.43936285,0.0,0.0,0.0,0.0,0.0,0.0,0.0,0,3,0,0,0,0,0,3,0,0,0,5,1,0,0
101189537,0.0,-0.0060879653,0.43982854,0.0,0.0,0.0,0.0,0.0,0.0,0.0,0,3,0,0,0,0,0,3,0,0,0,5,1,0,0
101381517,0.0,-0.0055735526,0.43958104,0.0,0.0,0.0,0.0,0.0,0.0,0.0,0,3,0,0,0,0,0,3,0,0,0,5,1,0,0
101602332,0.0,-0.0056306995,0.44001326,0.0,0.0,0.0,0.0,0.0,0.0,0.0,0,3,0,0,0,0,0,3,0,0,0,5,1,0,0
101798318,0.0,-0.0052829846,0.4404487,0.0,0.0,0.0,0.0,0.0,0.0,0.0,0,3,0,0,0,0,0,3,0,0,0,5,1,0,0
102003138,0.0,-0.0045970017,0.44007903,0.0,0.0,0.0,0.0,0.0,0.0,0.0,0,3,0,0,0,0,0,3,0,0,0,5,1,0,0
102203137,0.0,-0.0052288645,0.44051197,0.0,0.0,0.0,0.0,0.0,0.0,0.0,0,3,0,0,0,0,0,3,0,0,0,5,1,0,0
102408954,0.0,-0.005612738,0.43990272,0.0,0.0,0.0,0.0,0.0,0.0,0.0,0,3,0,0,0,0,0,3,0,0,0,5,1,0,0
102604719,0.0,-0.0043625617,0.44045484,0.0,0.0,0.0,0.0,0.0,0.0,0.0,0,3,0,0,0,0,0,3,0,0,0,5,1,0,0
102809532,0.0,-0.004748431,0.44014472,0.0,0.0,0.0,0.0,0.0,0.0,0.0,0,3,0,0,0,0,0,3,0,0,0,5,1,0,0
103013519,0.0,-0.0043522306,0.4395645,0.0,0.0,0.0,0.0,0.0,0.0,0.0,0,3,0,0,0,0,0,3,0,0,0,5,1,0,0
103230345,0.0,-0.004517065,0.44014472,0.0,0.0,0.0,0.0,0.0,0.0,0.0,0,3,0,0,0,0,0,3,0,0,0,5,1,0,0
103422339,0.0,-0.005987829,0.44047347,0.0,0.0,0.0,0.0,0.0,0.0,0.0,0,3,0,0,0,0,0,3,0,0,0,5,1,0,0
103615169,0.0,-0.004596768,0.44007334,0.0,0.0,0.0,0.0,0.0,0.0,0.0,0,3,0,0,0,0,0,3,0,0,0,5,1,0,0
103815349,0.0,-0.0052934904,0.4401103,0.0,0.0,0.0,0.0,0.0,0.0,0.0,0,3,0,0,0,0,0,3,0,0,0,5,1,0,0
104015931,0.0,-0.003943246,0.4404436,0.0,0.0,0.0,0.0,0.0,0.0,0.0,0,3,0,0,0,0,0,3,0,0,0,5,1,0,0
104219929,0.0,-0.0053446195,0.43930104,0.0,0.0,0.0,0.0,0.0,0.0,0.0,0,3,0,0,0,0,0,3,0,0,0,5,1,0,0
104440749,0.0,-0.004315214,0.44026023,0.0,0.0,0.0,0.0,0.0,0.0,0.0,0,3,0,0,0,0,0,3,0,0,0,5,1,0,0
104644979,0.0,-0.0061549796,0.43927273,0.0,0.0,0.0,0.0,0.0,0.0,0.0,0,3,0,0,0,0,0,3,0,0,0,5,1,0,0
104842331,0.0,-0.005912017,0.4395598,0.0,0.0,0.0,0.0,0.0,0.0,0.0,0,3,0,0,0,0,0,3,0,0,0,5,1,0,0
105046342,0.0,-0.005741281,0.43952715,0.0,0.0,0.0,0.0,0.0,0.0,0.0,0,3,0,0,0,0,0,3,0,0,0,5,1,0,0
105247136,0.0,-0.0051623518,0.43928218,0.0,0.0,0.0,0.0,0.0,0.0,0.0,0,3,0,0,0,0,0,3,0,0,0,5,1,0,0
105447150,0.0,-0.004752111,0.440023,0.0,0.0,0.0,0.0,0.0,0.0,0.0,0,3,0,0,0,0,0,3,0,0,0,5,1,0,0
105647928,0.0,-0.005271437,0.44026434,0.0,0.0,0.0,0.0,0.0,0.0,0.0,0,3,0,0,0,0,0,3,0,0,0,5,1,0,0
105847935,0.0,-0.003946911,0.44038945,0.0,0.0,0.0,0.0,0.0,0.0,0.0,0,3,0,0,0,0,0,3,0,0,0,5,1,0,0
106061539,0.0,-0.004647796,0.44045424,0.0,0.0,0.0,0.0,0.0,0.0,0.0,0,3,0,0,0,0,0,3,0,0,0,5,1,0,0
106249517,0.0,-0.0043029115,0.44025928,0.0,0.0,0.0,0.0,0.0,0.0,0.0,0,3,0,0,0,0,0,3,0,0,0,5,1,0,0
106458337,0.0,-0.0052308245,0.43973854,0.0,0.0,0.0,0.0,0.0,0.0,0.0,0,3,0,0,0,0,0,3,0,0,0,5,1,0,0
106658526,0.0,-0.0039431276,0.44048604,0.0,0.0,0.0,0.0,0.0,0.0,0.0,0,3,0,0,0,0,0,3,0,0,0,5,1,0,0
106871163,0.0,-0.0060371174,0.44029248,0.0,0.0,0.0,0.0,0.0,0.0,0.0,0,3,0,0,0,0,0,3,0,0,0,5,1,0,0
107067134,0.0,-0.003892652,0.44044903,0.0,0.0,0.0,0.0,0.0,0.0,0.0,0,3,0,0,0,0,0,3,0,0,0,5,1,0,0
107280736,0.0,-0.0061537307,0.43931383,0.0,0.0,0.0,0.0,0.0,0.0,0.0,0,3,0,0,0,0,0,3,0,0,0,5,1,0,0
107476726,0.0,-0.0049443636,0.43962306,0.0,0.0,0.0,0.0,0.0,0.0,0.0,0,3,0,0,0,0,0,3,0,0,0,5,1,0,0
107673538,0.0,-0.0053434656,0.43968463,0.0,0.0,0.0,0.0,0.0,0.0,0.0,0,3,0,0,0,0,0,3,0,0,0,5,1,0,0
107877517,0.0,-0.0039468263,0.4397379,0.0,0.0,0.0,0.0,0.0,0.0,0.0,0,3,0,0,0,0,0,3,0,0,0,5,1,0,0
108078333,0.0,-0.0056750686,0.43989864,0.0,0.0,0.0,0.0,0.0,0.0,0.0,0,3,0,0,0,0,0,3,0,0,0,5,1,0,0
108274338,0.0,-0.0038288264,0.44029266,0.0,0.0,0.0,0.0,0.0,0.0,0.0,0,3,0,0,0,0,0,3,0,0,0,5,1,0,0
108499134,0.0,-0.0057405126,0.4395302,0.0,0.0,0.0,0.0,0.0,0.0,0.0,0,3,0,0,0,0,0,3,0,0,0,5,1,0,0
108695142,0.0,-0.004996676,0.4401099,0.0,0.0,0.0,0.0,0.0,0.0,0.0,0,3,0,0,0,0,0,3,0,0,0,5,1,0,0
108887928,0.0,-0.0051777577,0.44020477,0.0,0.0,0.0,0.0,0.0,0.0,0.0,0,3,0,0,0,0,0,3,0,0,0,5,1,0,0
109108132,0.0,-0.0043073595,0.44044966,0.0,0.0,0.0,0.0,0.0,0.0,0.0,0,3,0,0,0,0,0,3,0,0,0,5,1,0,0
109296730,0.0,-0.004653923,0.44001275,0.0,0.0,0.0,0.0,0.0,0.0,0.0,0,3,0,0,0,0,0,3,0,0,0,5,1,0,0
109492745,0.0,-0.005562474,0.4395608,0.0,0.0,0.0,0.0,0.0,0.0,0.0,0,3,0,0,0,0,0,3,0,0,0,5,1,0,0
109696716,0.0,-0.0057402626,0.44041908,0.0,0.0,0.0,0.0,0.0,0.0,0.0,0,3,0,0,0,0,0,3,0,0,0,5,1,0,0
109893534,0.0,-0.005574482,0.43952194,0.0,0.0,0.0,0.0,0.0,0.0,0.0,0,3,0,0,0,0,0,3,0,0,0,5,1,0,0
110093519,0.0,-0.006087964,0.43953025,0.0,0.0,0.0,0.0,0.0,0.0,0.0,0,3,0,0,0,0,0,3,0,0,0,5,1,0,0
110318337,0.0,-0.0049996614,0.44047743,0.0,0.0,0.0,0.0,0.0,0.0,0.0,0,3,0,0,0,0,0,3,0,0,0,5,1,0,0
110498325,0.0,-0.005677592,0.4395286,0.0,0.0,0.0,0.0,0.0,0.0,0.0,0,3,0,0,0,0,0,3,0,0,0,5,1,0,0
110711133,0.0,-0.0038394437,0.44042456,0.0,0.0,0.0,0.0,0.0,0.0,0.0,0,3,0,0,0,0,0,3,0,0,0,5,1,0,0
110915136,0.0,-0.0060439254,0.43967804,0.0,0.0,0.0,0.0,0.0,0.0,0.0,0,3,0,0,0,0,0,3,0,0,0,5,1,0,0
111120737,0.0,-0.0042387038,0.44042653,0.0,0.0,0.0,0.0,0.0,0.0,0.0,0,3,0,0,0,0,0,3,0,0,0,5,1,0,0
111316740,0.0,-0.0060989745,0.44022852,0.0,0.0,0.0,0.0,0.0,0.0,0.0,0,3,0,0,0,0,0,3,0,0,0,5,1,0,0
111534330,0.0,-0.0043154308,0.4402602,0.0,0.0,0.0,0.0,0.0,0.0,0.0,0,3,0,0,0,0,0,3,0,0,0,5,1,0,0
111731132,0.0,-0.00574266,0.4394925,0.0,0.0,0.0,0.0,0.0,0.0,0.0,0,3,0,0,0,0,0,3,0,0,0,5,1,0,0
111935129,0.0,-0.005282896,0.4403897,0.0,0.0,0.0,0.0,0.0,0.0,0.0,0,3,0,0,0,0,0,3,0,0,0,5,1,0,0
112131932,0.0,-0.0051769568,0.4398526,0.0,0.0,0.0,0.0,0.0,0.0,0.0,0,3,0,0,0,0,0,3,0,0,0,5,1,0,0
112343932,0.0,-0.0042502284,0.44029292,0.0,0.0,0.0,0.0,0.0,0.0,0.0,0,3,0,0,0,0,0,3,0,0,0,5,1,0,0
112537750,0.0,-0.005066115,0.4397935,0.0,0.0,0.0,0.0,0.0,0.0,0.0,0,3,0,0,0,0,0,3,0,0,0,5,1,0,0
112741534,0.0,-0.004239746,0.44028556,0.0,0.0,0.0,0.0,0.0,0.0,0.0,0,3,0,0,0,0,0,3,0,0,0,5,1,0,0
112946326,0.0,-0.006154867,0.43933234,0.0,0.0,0.0,0.0,0.0,0.0,0.0,0,3,0,0,0,0,0,3,0,0,0,5,1,0,0
113146342,0.0,-0.005215619,0.44047734,0.0,0.0,0.0,0.0,0.0,0.0,0.0,0,3,0,0,0,0,0,3,0,0,0,5,1,0,0
113359155,0.0,-0.0057411836,0.43952698,0.0,0.0,0.0,0.0,0.0,0.0,0.0,0,3,0,0,0,0,0,3,0,0,0,5,1,0,0
113555135,0.0,-0.005281055,0.44025928,0.0,0.0,0.0,0.0,0.0,0.0,0.0,0,3,0,0,0,0,0,3,0,0,0,5,1,0,0
113755932,0.0,-0.006140717,0.44026366,0.0,0.0,0.0,0.0,0.0,0.0,0.0,0,3,0,0,0,0,0,3,0,0,0,5,1,0,0
113955938,0.0,-0.004318334,0.44022927,0.0,0.0,0.0,0.0,0.0,0.0,0.0,0,3,0,0,0,0,0,3,0,0,0,5,1,0,0
114160961,0.0,-0.005064289,0.439854,0.0,0.0,0.0,0.0,0.0,0.0,0.0,0,3,0,0,0,0,0,3,0,0,0,5,1,0,0
114368733,0.0,-0.004355291,0.4402233,0.0,0.0,0.0,0.0,0.0,0.0,0.0,0,3,0,0,0,0,0,3,0,0,0,5,1,0,0
114584727,0.0,-0.0051605115,0.44042602,0.0,0.0,0.0,0.0,0.0,0.0,0.0,0,3,0,0,0,0,0,3,0,0,0,5,1,0,0
114785537,0.0,-0.0052317507,0.43977135,0.0,0.0,0.0,0.0,0.0,0.0,0.0,0,3,0,0,0,0,0,3,0,0,0,5,1,0,0
114969525,0.0,-0.0047637112,0.44001424,0.0,0.0,0.0,0.0,0.0,0.0,0.0,0,3,0,0,0,0,0,3,0,0,0,5,1,0,0
115182351,0.0,-0.005921698,0.4405067,0.0,0.0,0.0,0.0,0.0,0.0,0.0,0,3,0,0,0,0,0,3,0,0,0,5,1,0,0
115382320,0.0,-0.006140363,0.43964857,0.0,0.0,0.0,0.0,0.0,0.0,0.0,0,3,0,0,0,0,0,3,0,0,0,5,1,0,0
115595158,0.0,-0.0060359626,0.44023517,0.0,0.0,0.0,0.0,0.0,0.0,0.0,0,3,0,0,0,0,0,3,0,0,0,5,1,0,0
115795131,0.0,-0.004758447,0.44010466,0.0,0.0,0.0,0.0,0.0,0.0,0.0,0,3,0,0,0,0,0,3,0,0,0,5,1,0,0
115991947,0.0,-0.0053442977,0.4402265,0.0,0.0,0.0,0.0,0.0,0.0,0.0,0,3,0,0,0,0,0,3,0,0,0,5,1,0,0
116199925,0.0,-0.0048698806,0.43990326,0.0,0.0,0.0,0.0,0.0,0.0,0.0,0,3,0,0,0,0,0,3,0,0,0,5,1,0,0
116400740,0.0,-0.0053435876,0.43971333,0.0,0.0,0.0,0.0,0.0,0.0,0.0,0,3,0,0,0,0,0,3,0,0,0,5,1,0,0
116600736,0.0,-0.0045854887,0.4401437,0.0,0.0,0.0,0.0,0.0,0.0,0.0,0,3,0,0,0,0,0,3,0,0,0,5,1,0,0
116805529,0.0,-0.0060332245,0.4393437,0.0,0.0,0.0,0.0,0.0,0.0,0.0,0,3,0,0,0,0,0,3,0,0,0,5,1,0,0
117001545,0.0,-0.0046392083,0.44004875,0.0,0.0,0.0,0.0,0.0,0.0,0.0,0,3,0,0,0,0,0,3,0,0,0,5,1,0,0
117222334,0.0,-0.0060911854,0.4396779,0.0,0.0,0.0,0.0,0.0,0.0,0.0,0,3,0,0,0,0,0,3,0,0,0,5,1,0,0
117406551,0.0,-0.004585488,0.44014314,0.0,0.0,0.0,0.0,0.0,0.0,0.0,0,3,0,0,0,0,0,3,0,0,0,5,1,0,0
117602343,0.0,-0.0053945617,0.44020587,0.0,0.0,0.0,0.0,0.0,0.0,0.0,0,3,0,0,0,0,0,3,0,0,0,5,1,0,0
117807132,0.0,-0.0039468156,0.439743,0.0,0.0,0.0,0.0,0.0,0.0,0.0,0,3,0,0,0,0,0,3,0,0,0,5,1,0,0
118027117,0.0,-0.005925375,0.44013628,0.0,0.0,0.0,0.0,0.0,0.0,0.0,0,3,0,0,0,0,0,3,0,0,0,5,1,0,0
118227941,0.0,-0.004596634,0.4400474,0.0,0.0,0.0,0.0,0.0,0.0,0.0,0,3,0,0,0,0,0,3,0,0,0,5,1,0,0
118427917,0.0,-0.0049320757,0.44044536,0.0,0.0,0.0,0.0,0.0,0.0,0.0,0,3,0,0,0,0,0,3,0,0,0,5,1,0,0
118624746,0.0,-0.0045844554,0.44014364,0.0,0.0,0.0,0.0,0.0,0.0,0.0,0,3,0,0,0,0,0,3,0,0,0,5,1,0,0
118820720,0.0,-0.005394546,0.43931493,0.0,0.0,0.0,0.0,0.0,0.0,0.0,0,3,0,0,0,0,0,3,0,0,0,5,1,0,0
119025534,0.0,-0.004635637,0.4400826,0.0,0.0,0.0,0.0,0.0,0.0,0.0,0,3,0,0,0,0,0,3,0,0,0,5,1,0,0
119229531,0.0,-0.005678631,0.43989778,0.0,0.0,0.0,0.0,0.0,0.0,0.0,0,3,0,0,0,0,0,3,0,0,0,5,1,0,0
119446345,0.0,-0.0043552024,0.44042405,0.0,0.0,0.0,0.0,0.0,0.0,0.0,0,3,0,0,0,0,0,3,0,0,0,5,1,0,0
119642527,0.0,-0.0054062754,0.43970576,0.0,0.0,0.0,0.0,0.0,0.0,0.0,0,3,0,0,0,0,0,3,0,0,0,5,1,0,0
119843139,0.0,-0.0038892257,0.4403921,0.0,0.0,0.0,0.0,0.0,0.0,0.0,0,3,0,0,0,0,0,3,0,0,0,5,1,0,0
120047134,0.0,-0.0056298026,0.4404426,0.0,0.0,0.0,0.0,0.0,0.0,0.0,0,3,0,0,0,0,0,3,0,0,0,5,1,0,0
120244737,0.0,-0.004304153,0.44025752,0.0,0.0,0.0,0.0,0.0,0.0,0.0,0,3,0,0,0,0,0,3,0,0,0,5,1,0,0
120460747,0.0,-0.0047625494,0.44001484,0.0,0.0,0.0,0.0,0.0,0.0,0.0,0,3,0,0,0,0,0,3,0,0,0,5,1,0,0
120658345,0.0,-0.004240481,0.44029415,0.0,0.0,0.0,0.0,0.0,0.0,0.0,0,3,0,0,0,0,0,3,0,0,0,5,1,0,0
120854317,0.0,-0.005684811,0.4395233,0.0,0.0,0.0,0.0,0.0,0.0,0.0,0,3,0,0,0,0,0,3,0,0,0,5,1,0,0
121055138,0.0,-0.0043040607,0.44047898,0.0,0.0,0.0,0.0,0.0,0.0,0.0,0,3,0,0,0,0,0,3,0,0,0,5,1,0,0
121267117,0.0,-0.006153818,0.43972978,0.0,0.0,0.0,0.0,0.0,0.0,0.0,0,3,0,0,0,0,0,3,0,0,0,5,1,0,0
121459933,0.0,-0.0043032425,0.43995848,0.0,0.0,0.0,0.0,0.0,0.0,0.0,0,3,0,0,0,0,0,3,0,0,0,5,1,0,0
121675940,0.0,-0.004764496,0.44005048,0.0,0.0,0.0,0.0,0.0,0.0,0.0,0,3,0,0,0,0,0,3,0,0,0,5,1,0,0
121876745,0.0,-0.0053292126,0.43971288,0.0,0.0,0.0,0.0,0.0,0.0,0.0,0,3,0,0,0,0,0,3,0,0,0,5,1,0,0
122076744,0.0,-0.0046991846,0.44004864,0.0,0.0,0.0,0.0,0.0,0.0,0.0,0,3,0,0,0,0,0,3,0,0,0,5,1,0,0
122269748,0.0,-0.004482082,0.43987042,0.0,0.0,0.0,0.0,0.0,0.0,0.0,0,3,0,0,0,0,0,3,0,0,0,5,1,0,0
122465539,0.0,-0.005574926,0.43956128,0.0,0.0,0.0,0.0,0.0,0.0,0.0,0,3,0,0,0,0,0,3,0,0,0,5,1,0,0
122670334,0.0,-0.0053282836,0.4404261,0.0,0.0,0.0,0.0,0.0,0.0,0.0,0,3,0,0,0,0,0,3,0,0,0,5,1,0,0
122870327,0.0,-0.004648883,0.43952858,0.0,0.0,0.0,0.0,0.0,0.0,0.0,0,3,0,0,0,0,0,3,0,0,0,5,1,0,0
123075188,0.0,-0.0043704114,0.44047302,0.0,0.0,0.0,0.0,0.0,0.0,0.0,0,3,0,0,0,0,0,3,0,0,0,5,1,0,0
123295174,0.0,-0.0039582103,0.44002187,0.0,0.0,0.0,0.0,0.0,0.0,0.0,0,3,0,0,0,0,0,3,0,0,0,5,1,0,0
123491937,0.0,-0.0053457078,0.44007555,0.0,0.0,0.0,0.0,0.0,0.0,0.0,0,3,0,0,0,0,0,3,0,0,0,5,1,0,0
123683934,0.0,-0.00463586,0.44002193,0.0,0.0,0.0,0.0,0.0,0.0,0.0,0,3,0,0,0,0,0,3,0,0,0,5,1,0,0
123892152,0.0,-0.005459178,0.43949425,0.0,0.0,0.0,0.0,0.0,0.0,0.0,0,3,0,0,0,0,0,3,0,0,0,5,1,0,0
124088738,0.0,-0.0056165485,0.43956143,0.0,0.0,0.0,0.0,0.0,0.0,0.0,0,3,0,0,0,0,0,3,0,0,0,5,1,0,0
124300737,0.0,-0.0053435927,0.4397052,0.0,0.0,0.0,0.0,0.0,0.0,0.0,0,3,0,0,0,0,0,3,0,0,0,5,1,0,0
124497550,0.0,-0.0055737747,0.4395537,0.0,0.0,0.0,0.0,0.0,0.0,0.0,0,3,0,0,0,0,0,3,0,0,0,5,1,0,0
124693539,0.0,-0.0059762225,0.44047764,0.0,0.0,0.0,0.0,0.0,0.0,0.0,0,3,0,0,0,0,0,3,0,0,0,5,1,0,0
124898333,0.0,-0.0060399077,0.43933293,0.0,0.0,0.0,0.0,0.0,0.0,0.0,0,3,0,0,0,0,0,3,0,0,0,5,1,0,0
125106336,0.0,-0.006031358,0.4402285,0.0,0.0,0.0,0.0,0.0,0.0,0.0,0,3,0,0,0,0,0,3,0,0,0,5,1,0,0
125323936,0.0,-0.0042394246,0.43977392,0.0,0.0,0.0,0.0,0.0,0.0,0.0,0,3,0,0,0,0,0,3,0,0,0,5,1,0,0
125516157,0.0,-0.0060362937,0.43993145,0.0,0.0,0.0,0.0,0.0,0.0,0.0,0,3,0,0,0,0,0,3,0,0,0,5,1,0,0
125713538,0.0,-0.0040006083,0.44039163,0.0,0.0,0.0,0.0,0.0,0.0,0.0,0,3,0,0,0,0,0,3,0,0,0,5,1,0,0
125910336,0.0,-0.0060371505,0.4393355,0.0,0.0,0.0,0.0,0.0,0.0,0.0,0,3,0,0,0,0,0,3,0,0,0,5,1,0,0
126114336,0.0,-0.004916772,0.43990391,0.0,0.0,0.0,0.0,0.0,0.0,0.0,0,3,0,0,0,0,0,3,0,0,0,5,1,0,0
126331158,0.0,-0.0061545437,0.4393017,0.0,0.0,0.0,0.0,0.0,0.0,0.0,0,3,0,0,0,0,0,3,0,0,0,5,1,0,0
126527328,0.0,-0.0059195124,0.43931693,0.0,0.0,0.0,0.0,0.0,0.0,0.0,0,3,0,0,0,0,0,3,0,0,0,5,1,0,0
126723144,0.0,-0.0050580185,0.4397129,0.0,0.0,0.0,0.0,0.0,0.0,0.0,0,3,0,0,0,0,0,3,0,0,0,5,1,0,0
126919926,0.0,-0.0050099078,0.4400744,0.0,0.0,0.0,0.0,0.0,0.0,0.0,0,3,0,0,0,0,0,3,0,0,0,5,1,0,0
127123918,0.0,-0.006036196,0.4402275,0.0,0.0,0.0,0.0,0.0,0.0,0.0,0,3,0,0,0,0,0,3,0,0,0,5,1,0,0
127328736,0.0,-0.0048551885,0.4399925,0.0,0.0,0.0,0.0,0.0,0.0,0.0,0,3,0,0,0,0,0,3,0,0,0,5,1,0,0
127548735,0.0,-0.0060428223,0.43927452,0.0,0.0,0.0,0.0,0.0,0.0,0.0,0,3,0,0,0,0,0,3,0,0,0,5,1,0,0
127749543,0.0,-0.0052137612,0.43999416,0.0,0.0,0.0,0.0,0.0,0.0,0.0,0,3,0,0,0,0,0,3,0,0,0,5,1,0,0
127933761,0.0,-0.005742673,0.439535,0.0,0.0,0.0,0.0,0.0,0.0,0.0,0,3,0,0,0,0,0,3,0,0,0,5,1,0,0
128154338,0.0,-0.0050082793,0.44025105,0.0,0.0,0.0,0.0,0.0,0.0,0.0,0,3,0,0,0,0,0,3,0,0,0,5,1,0,0
128354331,0.0,-0.0056758625,0.43952796,0.0,0.0,0.0,0.0,0.0,0.0,0.0,0,3,0,0,0,0,0,3,0,0,0,5,1,0,0
128551135,0.0,-0.0042393194,0.44025797,0.0,0.0,0.0,0.0,0.0,0.0,0.0,0,3,0,0,0,0,0,3,0,0,0,5,1,0,0
128751136,0.0,-0.0056308038,0.43989614,0.0,0.0,0.0,0.0,0.0,0.0,0.0,0,3,0,0,0,0,0,3,0,0,0,5,1,0,0
128947933,0.0,-0.0042395145,0.44051442,0.0,0.0,0.0,0.0,0.0,0.0,0.0,0,3,0,0,0,0,0,3,0,0,0,5,1,0,0
129163966,0.0,-0.0056296666,0.43949258,0.0,0.0,0.0,0.0,0.0,0.0,0.0,0,3,0,0,0,0,0,3,0,0,0,5,1,0,0
129364771,0.0,-0.0052278005,0.44047666,0.0,0.0,0.0,0.0,0.0,0.0,0.0,0,3,0,0,0,0,0,3,0,0,0,5,1,0,0
129564739,0.0,-0.005163586,0.43980214,0.0,0.0,0.0,0.0,0.0,0.0,0.0,0,3,0,0,0,0,0,3,0,0,0,5,1,0,0
129764718,0.0,-0.0060210344,0.43953612,0.0,0.0,0.0,0.0,0.0,0.0,0.0,0,3,0,0,0,0,0,3,0,0,0,5,1,0,0
129961536,0.0,-0.004762243,0.44004902,0.0,0.0,0.0,0.0,0.0,0.0,0.0,0,3,0,0,0,0,0,3,0,0,0,5,1,0,0
130161517,0.0,-0.0043635066,0.4400505,0.0,0.0,0.0,0.0,0.0,0.0,0.0,0,3,0,0,0,0,0,3,0,0,0,5,1,0,0
130358334,0.0,-0.006100823,0.43933567,0.0,0.0,0.0,0.0,0.0,0.0,0.0,0,3,0,0,0,0,0,3,0,0,0,5,1,0,0
130574317,0.0,-0.0043146145,0.44044468,0.0,0.0,0.0,0.0,0.0,0.0,0.0,0,3,0,0,0,0,0,3,0,0,0,5,1,0,0
130771160,0.0,-0.006101034,0.43933752,0.0,0.0,0.0,0.0,0.0,0.0,0.0,0,3,0,0,0,0,0,3,0,0,0,5,1,0,0
130971142,0.0,-0.0043032514,0.44025972,0.0,0.0,0.0,0.0,0.0,0.0,0.0,0,3,0,0,0,0,0,3,0,0,0,5,1,0,0
131171931,0.0,-0.006154988,0.43968433,0.0,0.0,0.0,0.0,0.0,0.0,0.0,0,3,0,0,0,0,0,3,0,0,0,5,1,0,0
131387932,0.0,-0.004250002,0.44029522,0.0,0.0,0.0,0.0,0.0,0.0,0.0,0,3,0,0,0,0,0,3,0,0,0,5,1,0,0
131584737,0.0,-0.0060882885,0.43930823,0.0,0.0,0.0,0.0,0.0,0.0,0.0,0,3,0,0,0,0,0,3,0,0,0,5,1,0,0
131796736,0.0,-0.005226923,0.43937045,0.0,0.0,0.0,0.0,0.0,0.0,0.0,0,3,0,0,0,0,0,3,0,0,0,5,1,0,0
131997535,0.0,-0.0046508084,0.44042057,0.0,0.0,0.0,0.0,0.0,0.0,0.0,0,3,0,0,0,0,0,3,0,0,0,5,1,0,0
132193547,0.0,-0.003907947,0.44047034,0.0,0.0,0.0,0.0,0.0,0.0,0.0,0,3,0,0,0,0,0,3,0,0,0,5,1,0,0
132402332,0.0,-0.005112214,0.44019765,0.0,0.0,0.0,0.0,0.0,0.0,0.0,0,3,0,0,0,0,0,3,0,0,0,5,1,0,0
132598339,0.0,-0.0048022866,0.43989724,0.0,0.0,0.0,0.0,0.0,0.0,0.0,0,3,0,0,0,0,0,3,0,0,0,5,1,0,0
132794324,0.0,-0.0047113807,0.43930742,0.0,0.0,0.0,0.0,0.0,0.0,0.0,0,3,0,0,0,0,0,3,0,0,0,5,1,0,0
132999132,0.0,-0.0038927814,0.43993104,0.0,0.0,0.0,0.0,0.0,0.0,0.0,0,3,0,0,0,0,0,3,0,0,0,5,1,0,0
133203121,0.0,-0.0056788498,0.44042397,0.0,0.0,0.0,0.0,0.0,0.0,0.0,0,3,0,0,0,0,0,3,0,0,0,5,1,0,0
133399929,0.0,-0.004640674,0.4400504,0.0,0.0,0.0,0.0,0.0,0.0,0.0,0,3,0,0,0,0,0,3,0,0,0,5,1,0,0
133607917,0.0,-0.0056094048,0.43993372,0.0,0.0,0.0,0.0,0.0,0.0,0.0,0,3,0,0,0,0,0,3,0,0,0,5,1,0,0
133805530,0.0,-0.0052790022,0.43965113,0.0,0.0,0.0,0.0,0.0,0.0,0.0,0,3,0,0,0,0,0,3,0,0,0,5,1,0,0
134027149,0.0,-0.0053963624,0.4397442,0.0,0.0,0.0,0.0,0.0,0.0,0.0,0,3,0,0,0,0,0,3,0,0,0,5,1,0,0
134219159,0.0,-0.0046356395,0.44002292,0.0,0.0,0.0,0.0,0.0,0.0,0.0,0,3,0,0,0,0,0,3,0,0,0,5,1,0,0
134428738,0.0,-0.0061018635,0.44022533,0.0,0.0,0.0,0.0,0.0,0.0,0.0,0,3,0,0,0,0,0,3,0,0,0,5,1,0,0
134620721,0.0,-0.00561449,0.43956017,0.0,0.0,0.0,0.0,0.0,0.0,0.0,0,3,0,0,0,0,0,3,0,0,0,5,1,0,0
134825524,0.0,-0.005292433,0.43958303,0.0,0.0,0.0,0.0,0.0,0.0,0.0,0,3,0,0,0,0,0,3,0,0,0,5,1,0,0
135025517,0.0,-0.005676993,0.43952918,0.0,0.0,0.0,0.0,0.0,0.0,0.0,0,3,0,0,0,0,0,3,0,0,0,5,1,0,0
135222340,0.0,-0.0038916122,0.44045135,0.0,0.0,0.0,0.0,0.0,0.0,0.0,0,3,0,0,0,0,0,3,0,0,0,5,1,0,0
135438318,0.0,-0.006089629,0.43973628,0.0,0.0,0.0,0.0,0.0,0.0,0.0,0,3,0,0,0,0,0,3,0,0,0,5,1,0,0
135639131,0.0,-0.003890939,0.44048026,0.0,0.0,0.0,0.0,0.0,0.0,0.0,0,3,0,0,0,0,0,3,0,0,0,5,1,0,0
135843145,0.0,-0.0057284064,0.439494,0.0,0.0,0.0,0.0,0.0,0.0,0.0,0,3,0,0,0,0,0,3,0,0,0,5,1,0,0
136040151,0.0,-0.004593684,0.44004998,0.0,0.0,0.0,0.0,0.0,0.0,0.0,0,3,0,0,0,0,0,3,0,0,0,5,1,0,0
136259935,0.0,-0.00567885,0.43952653,0.0,0.0,0.0,0.0,0.0,0.0,0.0,0,3,0,0,0,0,0,3,0,0,0,5,1,0,0
136460739,0.0,-0.005910759,0.4393433,0.0,0.0,0.0,0.0,0.0,0.0,0.0,0,3,0,0,0,0,0,3,0,0,0,5,1,0,0
136660748,0.0,-0.005219405,0.43968514,0.0,0.0,0.0,0.0,0.0,0.0,0.0,0,3,0,0,0,0,0,3,0,0,0,5,1,0,0
136861539,0.0,-0.0048592994,0.43990377,0.0,0.0,0.0,0.0,0.0,0.0,0.0,0,3,0,0,0,0,0,3,0,0,0,5,1,0,0
137065538,0.0,-0.0043042675,0.4404432,0.0,0.0,0.0,0.0,0.0,0.0,0.0,0,3,0,0,0,0,0,3,0,0,0,5,1,0,0
137253520,0.0,-0.0057432647,0.4395347,0.0,0.0,0.0,0.0,0.0,0.0,0.0,0,3,0,0,0,0,0,3,0,0,0,5,1,0,0
137470337,0.0,-0.0043164776,0.44016537,0.0,0.0,0.0,0.0,0.0,0.0,0.0,0,3,0,0,0,0,0,3,0,0,0,5,1,0,0
137670320,0.0,-0.006154979,0.43927878,0.0,0.0,0.0,0.0,0.0,0.0,0.0,0,3,0,0,0,0,0,3,0,0,0,5,1,0,0
137867138,0.0,-0.003888976,0.44045174,0.0,0.0,0.0,0.0,0.0,0.0,0.0,0,3,0,0,0,0,0,3,0,0,0,5,1,0,0
138063116,0.0,-0.0060372385,0.44007596,0.0,0.0,0.0,0.0,0.0,0.0,0.0,0,3,0,0,0,0,0,3,0,0,0,5,1,0,0
138279932,0.0,-0.0049958522,0.43958992,0.0,0.0,0.0,0.0,0.0,0.0,0.0,0,3,0,0,0,0,0,3,0,0,0,5,1,0,0
138475923,0.0,-0.0053975256,0.4404201,0.0,0.0,0.0,0.0,0.0,0.0,0.0,0,3,0,0,0,0,0,3,0,0,0,5,1,0,0
138688732,0.0,-0.0045852684,0.44010872,0.0,0.0,0.0,0.0,0.0,0.0,0.0,0,3,0,0,0,0,0,3,0,0,0,5,1,0,0
138872756,0.0,-0.0052924403,0.44026026,0.0,0.0,0.0,0.0,0.0,0.0,0.0,0,3,0,0,0,0,0,3,0,0,0,5,1,0,0
139073541,0.0,-0.0056166467,0.43990308,0.0,0.0,0.0,0.0,0.0,0.0,0.0,0,3,0,0,0,0,0,3,0,0,0,5,1,0,0
139297525,0.0,-0.0059252703,0.44025978,0.0,0.0,0.0,0.0,0.0,0.0,0.0,0,3,0,0,0,0,0,3,0,0,0,5,1,0,0
139482330,0.0,-0.005739673,0.4404771,0.0,0.0,0.0,0.0,0.0,0.0,0.0,0,3,0,0,0,0,0,3,0,0,0,5,1,0,0
139702332,0.0,-0.0059214723,0.44028705,0.0,0.0,0.0,0.0,0.0,0.0,0.0,0,3,0,0,0,0,0,3,0,0,0,5,1,0,0
139891134,0.0,-0.0060826275,0.43937013,0.0,0.0,0.0,0.0,0.0,0.0,0.0,0,3,0,0,0,0,0,3,0,0,0,5,1,0,0
140107153,0.0,-0.0042499937,0.44029507,0.0,0.0,0.0,0.0,0.0,0.0,0.0,0,3,0,0,0,0,0,3,0,0,0,5,1,0,0
140307134,0.0,-0.006141631,0.43971053,0.0,0.0,0.0,0.0,0.0,0.0,0.0,0,3,0,0,0,0,0,3,0,0,0,5,1,0,0
140499934,0.0,-0.004307051,0.4404495,0.0,0.0,0.0,0.0,0.0,0.0,0.0,0,3,0,0,0,0,0,3,0,0,0,5,1,0,0
140695921,0.0,-0.006154988,0.43952647,0.0,0.0,0.0,0.0,0.0,0.0,0.0,0,3,0,0,0,0,0,3,0,0,0,5,1,0,0
140909540,0.0,-0.004650604,0.44004232,0.0,0.0,0.0,0.0,0.0,0.0,0.0,0,3,0,0,0,0,0,3,0,0,0,5,1,0,0
141110342,0.0,-0.0056766775,0.43949524,0.0,0.0,0.0,0.0,0.0,0.0,0.0,0,3,0,0,0,0,0,3,0,0,0,5,1,0,0
141306328,0.0,-0.003891624,0.44051346,0.0,0.0,0.0,0.0,0.0,0.0,0.0,0,3,0,0,0,0,0,3,0,0,0,5,1,0,0
141519348,0.0,-0.004688491,0.4400484,0.0,0.0,0.0,0.0,0.0,0.0,0.0,0,3,0,0,0,0,0,3,0,0,0,5,1,0,0
141731134,0.0,-0.0045894184,0.44008204,0.0,0.0,0.0,0.0,0.0,0.0,0.0,0,3,0,0,0,0,0,3,0,0,0,5,1,0,0
141931148,0.0,-0.0056748358,0.4402049,0.0,0.0,0.0,0.0,0.0,0.0,0.0,0,3,0,0,0,0,0,3,0,0,0,5,1,0,0
142123935,0.0,-0.006025543,0.43968552,0.0,0.0,0.0,0.0,0.0,0.0,0.0,0,3,0,0,0,0,0,3,0,0,0,5,1,0,0
142331918,0.0,-0.0048793163,0.44044566,0.0,0.0,0.0,0.0,0.0,0.0,0.0,0,3,0,0,0,0,0,3,0,0,0,5,1,0,0
142528974,0.0,-0.0051720124,0.43979606,0.0,0.0,0.0,0.0,0.0,0.0,0.0,0,3,0,0,0,0,0,3,0,0,0,5,1,0,0
142744986,0.0,-0.0043186476,0.44025853,0.0,0.0,0.0,0.0,0.0,0.0,0.0,0,3,0,0,0,0,0,3,0,0,0,5,1,0,0
142934344,0.0,-0.0060300087,0.4398908,0.0,0.0,0.0,0.0,0.0,0.0,0.0,0,3,0,0,0,0,0,3,0,0,0,5,1,0,0
143142321,0.0,-0.0050507276,0.44011068,0.0,0.0,0.0,0.0,0.0,0.0,0.0,0,3,0,0,0,0,0,3,0,0,0,5,1,0,0
143339135,0.0,-0.005397515,0.44019875,0.0,0.0,0.0,0.0,0.0,0.0,0.0,0,3,0,0,0,0,0,3,0,0,0,5,1,0,0
143535364,0.0,-0.0060287495,0.43927985,0.0,0.0,0.0,0.0,0.0,0.0,0.0,0,3,0,0,0,0,0,3,0,0,0,5,1,0,0
143755846,0.0,-0.0060359715,0.43955794,0.0,0.0,0.0,0.0,0.0,0.0,0.0,0,3,0,0,0,0,0,3,0,0,0,5,1,0,0
143947951,0.0,-0.0046392092,0.43931454,0.0,0.0,0.0,0.0,0.0,0.0,0.0,0,3,0,0,0,0,0,3,0,0,0,5,1,0,0
144144737,0.0,-0.0043636025,0.44045436,0.0,0.0,0.0,0.0,0.0,0.0,0.0,0,3,0,0,0,0,0,3,0,0,0,5,1,0,0
144360716,0.0,-0.006040031,0.43970576,0.0,0.0,0.0,0.0,0.0,0.0,0.0,0,3,0,0,0,0,0,3,0,0,0,5,1,0,0
144561556,0.0,-0.0043542506,0.44045326,0.0,0.0,0.0,0.0,0.0,0.0,0.0,0,3,0,0,0,0,0,3,0,0,0,5,1,0,0
144753541,0.0,-0.0047654565,0.44038203,0.0,0.0,0.0,0.0,0.0,0.0,0.0,0,3,0,0,0,0,0,3,0,0,0,5,1,0,0
144975356,0.0,-0.004305422,0.4404723,0.0,0.0,0.0,0.0,0.0,0.0,0.0,0,3,0,0,0,0,0,3,0,0,0,5,1,0,0
145167118,0.0,-0.0060790773,0.44019863,0.0,0.0,0.0,0.0,0.0,0.0,0.0,0,3,0,0,0,0,0,3,0,0,0,5,1,0,0
145375928,0.0,-0.0055089206,0.43958762,0.0,0.0,0.0,0.0,0.0,0.0,0.0,0,3,0,0,0,0,0,3,0,0,0,5,1,0,0
145575916,0.0,-0.004700469,0.43990645,0.0,0.0,0.0,0.0,0.0,0.0,0.0,0,3,0,0,0,0,0,3,0,0,0,5,1,0,0
145788737,0.0,-0.00557575,0.43955284,0.0,0.0,0.0,0.0,0.0,0.0,0.0,0,3,0,0,0,0,0,3,0,0,0,5,1,0,0
145972754,0.0,-0.005226989,0.44045535,0.0,0.0,0.0,0.0,0.0,0.0,0.0,0,3,0,0,0,0,0,3,0,0,0,5,1,0,0
146173535,0.0,-0.0052828947,0.43970576,0.0,0.0,0.0,0.0,0.0,0.0,0.0,0,3,0,0,0,0,0,3,0,0,0,5,1,0,0
146377549,0.0,-0.005227111,0.43976727,0.0,0.0,0.0,0.0,0.0,0.0,0.0,0,3,0,0,0,0,0,3,0,0,0,5,1,0,0
146578341,0.0,-0.0056165284,0.43950012,0.0,0.0,0.0,0.0,0.0,0.0,0.0,0,3,0,0,0,0,0,3,0,0,0,5,1,0,0
146790335,0.0,-0.005012893,0.4398905,0.0,0.0,0.0,0.0,0.0,0.0,0.0,0,3,0,0,0,0,0,3,0,0,0,5,1,0,0
147003134,0.0,-0.0056279306,0.4395536,0.0,0.0,0.0,0.0,0.0,0.0,0.0,0,3,0,0,0,0,0,3,0,0,0,5,1,0,0
147199134,0.0,-0.004351272,0.44045383,0.0,0.0,0.0,0.0,0.0,0.0,0.0,0,3,0,0,0,0,0,3,0,0,0,5,1,0,0
147399932,0.0,-0.006154777,0.43965062,0.0,0.0,0.0,0.0,0.0,0.0,0.0,0,3,0,0,0,0,0,3,0,0,0,5,1,0,0
147599931,0.0,-0.004518907,0.44014564,0.0,0.0,0.0,0.0,0.0,0.0,0.0,0,3,0,0,0,0,0,3,0,0,0,5,1,0,0
147799920,0.0,-0.005342322,0.44022655,0.0,0.0,0.0,0.0,0.0,0.0,0.0,0,3,0,0,0,0,0,3,0,0,0,5,1,0,0
147993530,0.0,-0.0045817136,0.4400819,0.0,0.0,0.0,0.0,0.0,0.0,0.0,0,3,0,0,0,0,0,3,0,0,0,5,1,0,0
148210328,0.0,-0.0060779415,0.43949908,0.0,0.0,0.0,0.0,0.0,0.0,0.0,0,3,0,0,0,0,0,3,0,0,0,5,1,0,0
148402341,0.0,-0.0060360376,0.43928203,0.0,0.0,0.0,0.0,0.0,0.0,0.0,0,3,0,0,0,0,0,3,0,0,0,5,1,0,0
148619153,0.0,-0.0060879705,0.44005093,0.0,0.0,0.0,0.0,0.0,0.0,0.0,0,3,0,0,0,0,0,3,0,0,0,5,1,0,0
148823132,0.0,-0.005558482,0.4395003,0.0,0.0,0.0,0.0,0.0,0.0,0.0,0,3,0,0,0,0,0,3,0,0,0,5,1,0,0
149023116,0.0,-0.005395362,0.43967766,0.0,0.0,0.0,0.0,0.0,0.0,0.0,0,3,0,0,0,0,0,3,0,0,0,5,1,0,0
149223932,0.0,-0.004694052,0.4404205,0.0,0.0,0.0,0.0,0.0,0.0,0.0,0,3,0,0,0,0,0,3,0,0,0,5,1,0,0
149427917,0.0,-0.005293272,0.44047937,0.0,0.0,0.0,0.0,0.0,0.0,0.0,0,3,0,0,0,0,0,3,0,0,0,5,1,0,0
149628742,0.0,-0.0056166463,0.43958634,0.0,0.0,0.0,0.0,0.0,0.0,0.0,0,3,0,0,0,0,0,3,0,0,0,5,1,0,0
149828719,0.0,-0.004239536,0.44029462,0.0,0.0,0.0,0.0,0.0,0.0,0.0,0,3,0,0,0,0,0,3,0,0,0,5,1,0,0
150029546,0.0,-0.0051665804,0.4399233,0.0,0.0,0.0,0.0,0.0,0.0,0.0,0,3,0,0,0,0,0,3,0,0,0,5,1,0,0
150245518,0.0,-0.004351498,0.440234,0.0,0.0,0.0,0.0,0.0,0.0,0.0,0,3,0,0,0,0,0,3,0,0,0,5,1,0,0
150438331,0.0,-0.0055748215,0.43958193,0.0,0.0,0.0,0.0,0.0,0.0,0.0,0,3,0,0,0,0,0,3,0,0,0,5,1,0,0
150654334,0.0,-0.0039399955,0.44044626,0.0,0.0,0.0,0.0,0.0,0.0,0.0,0,3,0,0,0,0,0,3,0,0,0,5,1,0,0
150851354,0.0,-0.00574132,0.44001395,0.0,0.0,0.0,0.0,0.0,0.0,0.0,0,3,0,0,0,0,0,3,0,0,0,5,1,0,0
151051136,0.0,-0.0043040644,0.43980223,0.0,0.0,0.0,0.0,0.0,0.0,0.0,0,3,0,0,0,0,0,3,0,0,0,5,1,0,0
151263937,0.0,-0.0047625494,0.44004926,0.0,0.0,0.0,0.0,0.0,0.0,0.0,0,3,0,0,0,0,0,3,0,0,0,5,1,0,0
151464129,0.0,-0.004997717,0.43988356,0.0,0.0,0.0,0.0,0.0,0.0,0.0,0,3,0,0,0,0,0,3,0,0,0,5,1,0,0
151660743,0.0,-0.00574244,0.4399042,0.0,0.0,0.0,0.0,0.0,0.0,0.0,0,3,0,0,0,0,0,3,0,0,0,5,1,0,0
151860951,0.0,-0.0043058936,0.44042304,0.0,0.0,0.0,0.0,0.0,0.0,0.0,0,3,0,0,0,0,0,3,0,0,0,5,1,0,0
152068718,0.0,-0.005343818,0.43970674,0.0,0.0,0.0,0.0,0.0,0.0,0.0,0,3,0,0,0,0,0,3,0,0,0,5,1,0,0
152269535,0.0,-0.0045854896,0.44001988,0.0,0.0,0.0,0.0,0.0,0.0,0.0,0,3,0,0,0,0,0,3,0,0,0,5,1,0,0
152469519,0.0,-0.0053444025,0.44022554,0.0,0.0,0.0,0.0,0.0,0.0,0.0,0,3,0,0,0,0,0,3,0,0,0,5,1,0,0
152670341,0.0,-0.005497865,0.4395341,0.0,0.0,0.0,0.0,0.0,0.0,0.0,0,3,0,0,0,0,0,3,0,0,0,5,1,0,0
152866319,0.0,-0.0052923365,0.43973958,0.0,0.0,0.0,0.0,0.0,0.0,0.0,0,3,0,0,0,0,0,3,0,0,0,5,1,0,0
153087356,0.0,-0.0056056823,0.4395618,0.0,0.0,0.0,0.0,0.0,0.0,0.0,0,3,0,0,0,0,0,3,0,0,0,5,1,0,0
153287117,0.0,-0.0059779664,0.44011447,0.0,0.0,0.0,0.0,0.0,0.0,0.0,0,3,0,0,0,0,0,3,0,0,0,5,1,0,0
153479940,0.0,-0.0038927319,0.44044876,0.0,0.0,0.0,0.0,0.0,0.0,0.0,0,3,0,0,0,0,0,3,0,0,0,5,1,0,0
153679939,0.0,-0.005229098,0.4402642,0.0,0.0,0.0,0.0,0.0,0.0,0.0,0,3,0,0,0,0,0,3,0,0,0,5,1,0,0
153880952,0.0,-0.0040699393,0.4400143,0.0,0.0,0.0,0.0,0.0,0.0,0.0,0,3,0,0,0,0,0,3,0,0,0,5,1,0,0
154084746,0.0,-0.005009226,0.4398846,0.0,0.0,0.0,0.0,0.0,0.0,0.0,0,3,0,0,0,0,0,3,0,0,0,5,1,0,0
154289532,0.0,-0.005729204,0.43953407,0.0,0.0,0.0,0.0,0.0,0.0,0.0,0,3,0,0,0,0,0,3,0,0,0,5,1,0,0
154509546,0.0,-0.005405231,0.43952298,0.0,0.0,0.0,0.0,0.0,0.0,0.0,0,3,0,0,0,0,0,3,0,0,0,5,1,0,0
154697522,0.0,-0.004765318,0.44001597,0.0,0.0,0.0,0.0,0.0,0.0,0.0,0,3,0,0,0,0,0,3,0,0,0,5,1,0,0
154914332,0.0,-0.0053408244,0.4395633,0.0,0.0,0.0,0.0,0.0,0.0,0.0,0,3,0,0,0,0,0,3,0,0,0,5,1,0,0
155118322,0.0,-0.005564437,0.43956038,0.0,0.0,0.0,0.0,0.0,0.0,0.0,0,3,0,0,0,0,0,3,0,0,0,5,1,0,0
155315147,0.0,-0.005393507,0.44041908,0.0,0.0,0.0,0.0,0.0,0.0,0.0,0,3,0,0,0,0,0,3,0,0,0,5,1,0,0
155511117,0.0,-0.0061517735,0.43927544,0.0,0.0,0.0,0.0,0.0,0.0,0.0,0,3,0,0,0,0,0,3,0,0,0,5,1,0,0
155720155,0.0,-0.005226916,0.43977436,0.0,0.0,0.0,0.0,0.0,0.0,0.0,0,3,0,0,0,0,0,3,0,0,0,5,1,0,0
155923929,0.0,-0.0056184744,0.44027185,0.0,0.0,0.0,0.0,0.0,0.0,0.0,0,3,0,0,0,0,0,3,0,0,0,5,1,0,0
156124736,0.0,-0.0038918282,0.4404788,0.0,0.0,0.0,0.0,0.0,0.0,0.0,0,3,0,0,0,0,0,3,0,0,0,5,1,0,0
156340740,0.0,-0.0046518473,0.44005075,0.0,0.0,0.0,0.0,0.0,0.0,0.0,0,3,0,0,0,0,0,3,0,0,0,5,1,0,0
156542358,0.0,-0.005340598,0.43971288,0.0,0.0,0.0,0.0,0.0,0.0,0.0,0,3,0,0,0,0,0,3,0,0,0,5,1,0,0
156738321,0.0,-0.0056836745,0.43958348,0.0,0.0,0.0,0.0,0.0,0.0,0.0,0,3,0,0,0,0,0,3,0,0,0,5,1,0,0
156935147,0.0,-0.0040015383,0.4404512,0.0,0.0,0.0,0.0,0.0,0.0,0.0,0,3,0,0,0,0,0,3,0,0,0,5,1,0,0
157135119,0.0,-0.006089149,0.43936157,0.0,0.0,0.0,0.0,0.0,0.0,0.0,0,3,0,0,0,0,0,3,0,0,0,5,1,0,0
157331933,0.0,-0.0038242426,0.44048607,0.0,0.0,0.0,0.0,0.0,0.0,0.0,0,3,0,0,0,0,0,3,0,0,0,5,1,0,0
157531933,0.0,-0.005624799,0.44004157,0.0,0.0,0.0,0.0,0.0,0.0,0.0,0,3,0,0,0,0,0,3,0,0,0,5,1,0,0
157744741,0.0,-0.0039040558,0.44045058,0.0,0.0,0.0,0.0,0.0,0.0,0.0,0,3,0,0,0,0,0,3,0,0,0,5,1,0,0
157952929,0.0,-0.0061018416,0.43970665,0.0,0.0,0.0,0.0,0.0,0.0,0.0,0,3,0,0,0,0,0,3,0,0,0,5,1,0,0
158153533,0.0,-0.0052802525,0.44047934,0.0,0.0,0.0,0.0,0.0,0.0,0.0,0,3,0,0,0,0,0,3,0,0,0,5,1,0,0
158349740,0.0,-0.005739681,0.4405077,0.0,0.0,0.0,0.0,0.0,0.0,0.0,0,3,0,0,0,0,0,3,0,0,0,5,1,0,0
158558335,0.0,-0.0049320506,0.43992382,0.0,0.0,0.0,0.0,0.0,0.0,0.0,0,3,0,0,0,0,0,3,0,0,0,5,1,0,0
158758341,0.0,-0.006034121,0.4397123,0.0,0.0,0.0,0.0,0.0,0.0,0.0,0,3,0,0,0,0,0,3,0,0,0,5,1,0,0
158962551,0.0,-0.004931129,0.4401169,0.0,0.0,0.0,0.0,0.0,0.0,0.0,0,3,0,0,0,0,0,3,0,0,0,5,1,0,0
159151141,0.0,-0.0060247863,0.43988955,0.0,0.0,0.0,0.0,0.0,0.0,0.0,0,3,0,0,0,0,0,3,0,0,0,5,1,0,0
159367118,0.0,-0.0043070307,0.44025847,0.0,0.0,0.0,0.0,0.0,0.0,0.0,0,3,0,0,0,0,0,3,0,0,0,5,1,0,0
159563950,0.0,-0.005624096,0.44010752,0.0,0.0,0.0,0.0,0.0,0.0,0.0,0,3,0,0,0,0,0,3,0,0,0,5,1,0,0
159767943,0.0,-0.0038307833,0.4405128,0.0,0.0,0.0,0.0,0.0,0.0,0.0,0,3,0,0,0,0,0,3,0,0,0,5,1,0,0
159961535,0.0,-0.005912131,0.44025755,0.0,0.0,0.0,0.0,0.0,0.0,0.0,0,3,0,0,0,0,0,3,0,0,0,5,1,0,0
160169517,0.0,-0.0038281358,0.44010255,0.0,0.0,0.0,0.0,0.0,0.0,0.0,0,3,0,0,0,0,0,3,0,0,0,5,1,0,0
160382349,0.0,-0.006087603,0.440258,0.0,0.0,0.0,0.0,0.0,0.0,0.0,0,3,0,0,0,0,0,3,0,0,0,5,1,0,0
160578323,0.0,-0.003830115,0.44047666,0.0,0.0,0.0,0.0,0.0,0.0,0.0,0,3,0,0,0,0,0,3,0,0,0,5,1,0,0
160779945,0.0,-0.006090448,0.43993244,0.0,0.0,0.0,0.0,0.0,0.0,0.0,0,3,0,0,0,0,0,3,0,0,0,5,1,0,0
160984733,0.0,-0.0038243653,0.4404857,0.0,0.0,0.0,0.0,0.0,0.0,0.0,0,3,0,0,0,0,0,3,0,0,0,5,1,0,0
161176736,0.0,-0.0059900014,0.44010717,0.0,0.0,0.0,0.0,0.0,0.0,0.0,0,3,0,0,0,0,0,3,0,0,0,5,1,0,0
161380718,0.0,-0.004240555,0.44047943,0.0,0.0,0.0,0.0,0.0,0.0,0.0,0,3,0,0,0,0,0,3,0,0,0,5,1,0,0
161585525,0.0,-0.0055122464,0.44010106,0.0,0.0,0.0,0.0,0.0,0.0,0.0,0,3,0,0,0,0,0,3,0,0,0,5,1,0,0
161789543,0.0,-0.0038251376,0.44051388,0.0,0.0,0.0,0.0,0.0,0.0,0.0,0,3,0,0,0,0,0,3,0,0,0,5,1,0,0
161990549,0.0,-0.0060778344,0.439683,0.0,0.0,0.0,0.0,0.0,0.0,0.0,0,3,0,0,0,0,0,3,0,0,0,5,1,0,0
162186318,0.0,-0.0055622766,0.43955973,0.0,0.0,0.0,0.0,0.0,0.0,0.0,0,3,0,0,0,0,0,3,0,0,0,5,1,0,0
162407129,0.0,-0.0061008153,0.439336,0.0,0.0,0.0,0.0,0.0,0.0,0.0,0,3,0,0,0,0,0,3,0,0,0,5,1,0,0
162599116,0.0,-0.0039380486,0.4404842,0.0,0.0,0.0,0.0,0.0,0.0,0.0,0,3,0,0,0,0,0,3,0,0,0,5,1,0,0
162799939,0.0,-0.005925273,0.43939507,0.0,0.0,0.0,0.0,0.0,0.0,0.0,0,3,0,0,0,0,0,3,0,0,0,5,1,0,0
163019933,0.0,-0.0050429786,0.44008616,0.0,0.0,0.0,0.0,0.0,0.0,0.0,0,3,0,0,0,0,0,3,0,0,0,5,1,0,0
163200736,0.0,-0.0056644757,0.4398709,0.0,0.0,0.0,0.0,0.0,0.0,0.0,0,3,0,0,0,0,0,3,0,0,0,5,1,0,0
163424747,0.0,-0.0043522306,0.44045335,0.0,0.0,0.0,0.0,0.0,0.0,0.0,0,3,0,0,0,0,0,3,0,0,0,5,1,0,0
163617527,0.0,-0.006027963,0.43968403,0.0,0.0,0.0,0.0,0.0,0.0,0.0,0,3,0,0,0,0,0,3,0,0,0,5,1,0,0
163817528,0.0,-0.003889072,0.44023192,0.0,0.0,0.0,0.0,0.0,0.0,0.0,0,3,0,0,0,0,0,3,0,0,0,5,1,0,0
164034330,0.0,-0.0060971305,0.4393041,0.0,0.0,0.0,0.0,0.0,0.0,0.0,0,3,0,0,0,0,0,3,0,0,0,5,1,0,0
164230327,0.0,-0.0043145344,0.4399931,0.0,0.0,0.0,0.0,0.0,0.0,0.0,0,3,0,0,0,0,0,3,0,0,0,5,1,0,0
164430318,0.0,-0.004709766,0.44044673,0.0,0.0,0.0,0.0,0.0,0.0,0.0,0,3,0,0,0,0,0,3,0,0,0,5,1,0,0
164631132,0.0,-0.0052174926,0.43999204,0.0,0.0,0.0,0.0,0.0,0.0,0.0,0,3,0,0,0,0,0,3,0,0,0,5,1,0,0
164831117,0.0,-0.005629762,0.43996415,0.0,0.0,0.0,0.0,0.0,0.0,0.0,0,3,0,0,0,0,0,3,0,0,0,5,1,0,0
165047929,0.0,-0.0053983424,0.4396841,0.0,0.0,0.0,0.0,0.0,0.0,0.0,0,3,0,0,0,0,0,3,0,0,0,5,1,0,0
165236156,0.0,-0.005628762,0.43955314,0.0,0.0,0.0,0.0,0.0,0.0,0.0,0,3,0,0,0,0,0,3,0,0,0,5,1,0,0
165433536,0.0,-0.0038252627,0.44051448,0.0,0.0,0.0,0.0,0.0,0.0,0.0,0,3,0,0,0,0,0,3,0,0,0,5,1,0,0
165633518,0.0,-0.0061556897,0.43930674,0.0,0.0,0.0,0.0,0.0,0.0,0.0,0,3,0,0,0,0,0,3,0,0,0,5,1,0,0
165854325,0.0,-0.0053463867,0.44045126,0.0,0.0,0.0,0.0,0.0,0.0,0.0,0,3,0,0,0,0,0,3,0,0,0,5,1,0,0
166050321,0.0,-0.0056279204,0.4394931,0.0,0.0,0.0,0.0,0.0,0.0,0.0,0,3,0,0,0,0,0,3,0,0,0,5,1,0,0
166259134,0.0,-0.0060418965,0.44007346,0.0,0.0,0.0,0.0,0.0,0.0,0.0,0,3,0,0,0,0,0,3,0,0,0,5,1,0,0
166443118,0.0,-0.004764292,0.44026974,0.0,0.0,0.0,0.0,0.0,0.0,0.0,0,3,0,0,0,0,0,3,0,0,0,5,1,0,0
166664766,0.0,-0.0052937074,0.43958786,0.0,0.0,0.0,0.0,0.0,0.0,0.0,0,3,0,0,0,0,0,3,0,0,0,5,1,0,0
166864729,0.0,-0.003943246,0.44039166,0.0,0.0,0.0,0.0,0.0,0.0,0.0,0,3,0,0,0,0,0,3,0,0,0,5,1,0,0
167057528,0.0,-0.0054631922,0.4400128,0.0,0.0,0.0,0.0,0.0,0.0,0.0,0,3,0,0,0,0,0,3,0,0,0,5,1,0,0
167253540,0.0,-0.0040586786,0.4404256,0.0,0.0,0.0,0.0,0.0,0.0,0.0,0,3,0,0,0,0,0,3,0,0,0,5,1,0,0
167454334,0.0,-0.006084749,0.43949315,0.0,0.0,0.0,0.0,0.0,0.0,0.0,0,3,0,0,0,0,0,3,0,0,0,5,1,0,0
167678323,0.0,-0.0038282329,0.44042397,0.0,0.0,0.0,0.0,0.0,0.0,0.0,0,3,0,0,0,0,0,3,0,0,0,5,1,0,0
167879129,0.0,-0.006035172,0.4397138,0.0,0.0,0.0,0.0,0.0,0.0,0.0,0,3,0,0,0,0,0,3,0,0,0,5,1,0,0
168079349,0.0,-0.0039039487,0.4404128,0.0,0.0,0.0,0.0,0.0,0.0,0.0,0,3,0,0,0,0,0,3,0,0,0,5,1,0,0
168279938,0.0,-0.0056788595,0.43967593,0.0,0.0,0.0,0.0,0.0,0.0,0.0,0,3,0,0,0,0,0,3,0,0,0,5,1,0,0
168471965,0.0,-0.0045822742,0.44008046,0.0,0.0,0.0,0.0,0.0,0.0,0.0,0,3,0,0,0,0,0,3,0,0,0,5,1,0,0
168669537,0.0,-0.0061016367,0.44028503,0.0,0.0,0.0,0.0,0.0,0.0,0.0,0,3,0,0,0,0,0,3,0,0,0,5,1,0,0
168893519,0.0,-0.005972943,0.43934405,0.0,0.0,0.0,0.0,0.0,0.0,0.0,0,3,0,0,0,0,0,3,0,0,0,5,1,0,0
169090340,0.0,-0.005676775,0.43952757,0.0,0.0,0.0,0.0,0.0,0.0,0.0,0,3,0,0,0,0,0,3,0,0,0,5,1,0,0
169294316,0.0,-0.0039387294,0.44045502,0.0,0.0,0.0,0.0,0.0,0.0,0.0,0,3,0,0,0,0,0,3,0,0,0,5,1,0,0
169495139,0.0,-0.0056786416,0.43989775,0.0,0.0,0.0,0.0,0.0,0.0,0.0,0,3,0,0,0,0,0,3,0,0,0,5,1,0,0
169699328,0.0,-0.005009665,0.43985432,0.0,0.0,0.0,0.0,0.0,0.0,0.0,0,3,0,0,0,0,0,3,0,0,0,5,1,0,0
169887941,0.0,-0.0061528212,0.4393073,0.0,0.0,0.0,0.0,0.0,0.0,0.0,0,3,0,0,0,0,0,3,0,0,0,5,1,0,0
170091942,0.0,-0.004350373,0.44020587,0.0,0.0,0.0,0.0,0.0,0.0,0.0,0,3,0,0,0,0,0,3,0,0,0,5,1,0,0
170296736,0.0,-0.0061547784,0.43930927,0.0,0.0,0.0,0.0,0.0,0.0,0.0,0,3,0,0,0,0,0,3,0,0,0,5,1,0,0
170516737,0.0,-0.005227005,0.44029412,0.0,0.0,0.0,0.0,0.0,0.0,0.0,0,3,0,0,0,0,0,3,0,0,0,5,1,0,0
170713532,0.0,-0.0053494666,0.43970147,0.0,0.0,0.0,0.0,0.0,0.0,0.0,0,3,0,0,0,0,0,3,0,0,0,5,1,0,0
170917532,0.0,-0.005919827,0.44048598,0.0,0.0,0.0,0.0,0.0,0.0,0.0,0,3,0,0,0,0,0,3,0,0,0,5,1,0,0
171109521,0.0,-0.0061403643,0.43937337,0.0,0.0,0.0,0.0,0.0,0.0,0.0,0,3,0,0,0,0,0,3,0,0,0,5,1,0,0
171310329,0.0,-0.0043070517,0.44022995,0.0,0.0,0.0,0.0,0.0,0.0,0.0,0,3,0,0,0,0,0,3,0,0,0,5,1,0,0
171514318,0.0,-0.004640694,0.4404834,0.0,0.0,0.0,0.0,0.0,0.0,0.0,0,3,0,0,0,0,0,3,0,0,0,5,1,0,0
171711130,0.0,-0.005228862,0.4405138,0.0,0.0,0.0,0.0,0.0,0.0,0.0,0,3,0,0,0,0,0,3,0,0,0,5,1,0,0
171915133,0.0,-0.005627809,0.43949315,0.0,0.0,0.0,0.0,0.0,0.0,0.0,0,3,0,0,0,0,0,3,0,0,0,5,1,0,0
172116158,0.0,-0.0052278144,0.4402947,0.0,0.0,0.0,0.0,0.0,0.0,0.0,0,3,0,0,0,0,0,3,0,0,0,5,1,0,0
172332135,0.0,-0.0039039347,0.44044626,0.0,0.0,0.0,0.0,0.0,0.0,0.0,0,3,0,0,0,0,0,3,0,0,0,5,1,0,0
172529547,0.0,-0.005286826,0.4399633,0.0,0.0,0.0,0.0,0.0,0.0,0.0,0,3,0,0,0,0,0,3,0,0,0,5,1,0,0
172729766,0.0,-0.003954399,0.44042003,0.0,0.0,0.0,0.0,0.0,0.0,0.0,0,3,0,0,0,0,0,3,0,0,0,5,1,0,0
172938345,0.0,-0.006089118,0.4401653,0.0,0.0,0.0,0.0,0.0,0.0,0.0,0,3,0,0,0,0,0,3,0,0,0,5,1,0,0
173142336,0.0,-0.004312471,0.44010457,0.0,0.0,0.0,0.0,0.0,0.0,0.0,0,3,0,0,0,0,0,3,0,0,0,5,1,0,0
173335158,0.0,-0.0061010476,0.43930915,0.0,0.0,0.0,0.0,0.0,0.0,0.0,0,3,0,0,0,0,0,3,0,0,0,5,1,0,0
173539146,0.0,-0.0038889854,0.44047338,0.0,0.0,0.0,0.0,0.0,0.0,0.0,0,3,0,0,0,0,0,3,0,0,0,5,1,0,0
173743807,0.0,-0.004420024,0.44051075,0.0,0.0,0.0,0.0,0.0,0.0,0.0,0,3,0,0,0,0,0,3,0,0,0,5,1,0,0
173947942,0.0,-0.0042398996,0.43992987,0.0,0.0,0.0,0.0,0.0,0.0,0.0,0,3,0,0,0,0,0,3,0,0,0,5,1,0,0
174140732,0.0,-0.006029895,0.43986216,0.0,0.0,0.0,0.0,0.0,0.0,0.0,0,3,0,0,0,0,0,3,0,0,0,5,1,0,0
174368734,0.0,-0.005909158,0.43940362,0.0,0.0,0.0,0.0,0.0,0.0,0.0,0,3,0,0,0,0,0,3,0,0,0,5,1,0,0
174565549,0.0,-0.0046505877,0.43927652,0.0,0.0,0.0,0.0,0.0,0.0,0.0,0,3,0,0,0,0,0,3,0,0,0,5,1,0,0
174761530,0.0,-0.005394545,0.44020578,0.0,0.0,0.0,0.0,0.0,0.0,0.0,0,3,0,0,0,0,0,3,0,0,0,5,1,0,0
174961526,0.0,-0.0038954187,0.44041693,0.0,0.0,0.0,0.0,0.0,0.0,0.0,0,3,0,0,0,0,0,3,0,0,0,5,1,0,0
175174416,0.0,-0.0053964136,0.43949214,0.0,0.0,0.0,0.0,0.0,0.0,0.0,0,3,0,0,0,0,0,3,0,0,0,5,1,0,0
175366320,0.0,-0.0056277253,0.43955237,0.0,0.0,0.0,0.0,0.0,0.0,0.0,0,3,0,0,0,0,0,3,0,0,0,5,1,0,0
175563128,0.0,-0.0054041836,0.4400225,0.0,0.0,0.0,0.0,0.0,0.0,0.0,0,3,0,0,0,0,0,3,0,0,0,5,1,0,0
175767118,0.0,-0.005063158,0.43982866,0.0,0.0,0.0,0.0,0.0,0.0,0.0,0,3,0,0,0,0,0,3,0,0,0,5,1,0,0
175976154,0.0,-0.004813791,0.43998602,0.0,0.0,0.0,0.0,0.0,0.0,0.0,0,3,0,0,0,0,0,3,0,0,0,5,1,0,0
176171930,0.0,-0.005559615,0.43953615,0.0,0.0,0.0,0.0,0.0,0.0,0.0,0,3,0,0,0,0,0,3,0,0,0,5,1,0,0
176388747,0.0,-0.0061547593,0.44019678,0.0,0.0,0.0,0.0,0.0,0.0,0.0,0,3,0,0,0,0,0,3,0,0,0,5,1,0,0
176588925,0.0,-0.0046437746,0.43930832,0.0,0.0,0.0,0.0,0.0,0.0,0.0,0,3,0,0,0,0,0,3,0,0,0,5,1,0,0
176789532,0.0,-0.006043626,0.4397139,0.0,0.0,0.0,0.0,0.0,0.0,0.0,0,3,0,0,0,0,0,3,0,0,0,5,1,0,0
176985745,0.0,-0.0049939933,0.43986276,0.0,0.0,0.0,0.0,0.0,0.0,0.0,0,3,0,0,0,0,0,3,0,0,0,5,1,0,0
177185534,0.0,-0.005675884,0.43953007,0.0,0.0,0.0,0.0,0.0,0.0,0.0,0,3,0,0,0,0,0,3,0,0,0,5,1,0,0
177390331,0.0,-0.0055736895,0.43953004,0.0,0.0,0.0,0.0,0.0,0.0,0.0,0,3,0,0,0,0,0,3,0,0,0,5,1,0,0
177606318,0.0,-0.006029781,0.43991026,0.0,0.0,0.0,0.0,0.0,0.0,0.0,0,3,0,0,0,0,0,3,0,0,0,5,1,0,0
177807151,0.0,-0.0043146345,0.4401719,0.0,0.0,0.0,0.0,0.0,0.0,0.0,0,3,0,0,0,0,0,3,0,0,0,5,1,0,0
178007118,0.0,-0.005628972,0.44004875,0.0,0.0,0.0,0.0,0.0,0.0,0.0,0,3,0,0,0,0,0,3,0,0,0,5,1,0,0
178203947,0.0,-0.0042508114,0.44070497,0.0,0.0,0.0,0.0,0.0,0.0,0.0,0,3,0,0,0,0,0,3,0,0,0,5,1,0,0
178407917,0.0,-0.003995072,0.44044814,0.0,0.0,0.0,0.0,0.0,0.0,0.0,0,3,0,0,0,0,0,3,0,0,0,5,1,0,0
178612733,0.0,-0.00603702,0.4402264,0.0,0.0,0.0,0.0,0.0,0.0,0.0,0,3,0,0,0,0,0,3,0,0,0,5,1,0,0
178812766,0.0,-0.0055697598,0.43953007,0.0,0.0,0.0,0.0,0.0,0.0,0.0,0,3,0,0,0,0,0,3,0,0,0,5,1,0,0
179013533,0.0,-0.0060321763,0.44045496,0.0,0.0,0.0,0.0,0.0,0.0,0.0,0,3,0,0,0,0,0,3,0,0,0,5,1,0,0
179233545,0.0,-0.005960228,0.43934405,0.0,0.0,0.0,0.0,0.0,0.0,0.0,0,3,0,0,0,0,0,3,0,0,0,5,1,0,0
179430327,0.0,-0.0052268915,0.43976742,0.0,0.0,0.0,0.0,0.0,0.0,0.0,0,3,0,0,0,0,0,3,0,0,0,5,1,0,0
179634343,0.0,-0.0059604337,0.43931684,0.0,0.0,0.0,0.0,0.0,0.0,0.0,0,3,0,0,0,0,0,3,0,0,0,5,1,0,0
179826319,0.0,-0.005291517,0.44047746,0.0,0.0,0.0,0.0,0.0,0.0,0.0,0,3,0,0,0,0,0,3,0,0,0,5,1,0,0
180023929,0.0,-0.0040720073,0.44005322,0.0,0.0,0.0,0.0,0.0,0.0,0.0,0,3,0,0,0,0,0,3,0,0,0,5,1,0,0
180229534,0.0,-0.0052823215,0.4404417,0.0,0.0,0.0,0.0,0.0,0.0,0.0,0,3,0,0,0,0,0,3,0,0,0,5,1,0,0
180429519,0.0,-0.0047626765,0.4400503,0.0,0.0,0.0,0.0,0.0,0.0,0.0,0,3,0,0,0,0,0,3,0,0,0,5,1,0,0
180634334,0.0,-0.0038281614,0.44050592,0.0,0.0,0.0,0.0,0.0,0.0,0.0,0,3,0,0,0,0,0,3,0,0,0,5,1,0,0
180830335,0.0,-0.004701727,0.44004932,0.0,0.0,0.0,0.0,0.0,0.0,0.0,0,3,0,0,0,0,0,3,0,0,0,5,1,0,0
181047138,0.0,-0.0052841776,0.44038197,0.0,0.0,0.0,0.0,0.0,0.0,0.0,0,3,0,0,0,0,0,3,0,0,0,5,1,0,0
181243137,0.0,-0.005112331,0.43967792,0.0,0.0,0.0,0.0,0.0,0.0,0.0,0,3,0,0,0,0,0,3,0,0,0,5,1,0,0
181444742,0.0,-0.0046296245,0.44005737,0.0,0.0,0.0,0.0,0.0,0.0,0.0,0,3,0,0,0,0,0,3,0,0,0,5,1,0,0
181648717,0.0,-0.006036803,0.43971288,0.0,0.0,0.0,0.0,0.0,0.0,0.0,0,3,0,0,0,0,0,3,0,0,0,5,1,0,0
181849750,0.0,-0.0048012407,0.43999413,0.0,0.0,0.0,0.0,0.0,0.0,0.0,0,3,0,0,0,0,0,3,0,0,0,5,1,0,0
182045517,0.0,-0.0059763356,0.4401084,0.0,0.0,0.0,0.0,0.0,0.0,0.0,0,3,0,0,0,0,0,3,0,0,0,5,1,0,0
182242328,0.0,-0.004997676,0.4398598,0.0,0.0,0.0,0.0,0.0,0.0,0.0,0,3,0,0,0,0,0,3,0,0,0,5,1,0,0
182466328,0.0,-0.0053435736,0.4402344,0.0,0.0,0.0,0.0,0.0,0.0,0.0,0,3,0,0,0,0,0,3,0,0,0,5,1,0,0
182667135,0.0,-0.004587435,0.4400799,0.0,0.0,0.0,0.0,0.0,0.0,0.0,0,3,0,0,0,0,0,3,0,0,0,5,1,0,0
182851129,0.0,-0.0043581105,0.44045126,0.0,0.0,0.0,0.0,0.0,0.0,0.0,0,3,0,0,0,0,0,3,0,0,0,5,1,0,0
183055943,0.0,-0.005628968,0.4395526,0.0,0.0,0.0,0.0,0.0,0.0,0.0,0,3,0,0,0,0,0,3,0,0,0,5,1,0,0
183275936,0.0,-0.0060438425,0.4400815,0.0,0.0,0.0,0.0,0.0,0.0,0.0,0,3,0,0,0,0,0,3,0,0,0,5,1,0,0
183472985,0.0,-0.004650691,0.43927345,0.0,0.0,0.0,0.0,0.0,0.0,0.0,0,3,0,0,0,0,0,3,0,0,0,5,1,0,0
183672756,0.0,-0.0053405985,0.4404543,0.0,0.0,0.0,0.0,0.0,0.0,0.0,0,3,0,0,0,0,0,3,0,0,0,5,1,0,0
183872730,0.0,-0.0051057623,0.43983093,0.0,0.0,0.0,0.0,0.0,0.0,0.0,0,3,0,0,0,0,0,3,0,0,0,5,1,0,0
184074336,0.0,-0.0043023676,0.44023138,0.0,0.0,0.0,0.0,0.0,0.0,0.0,0,3,0,0,0,0,0,3,0,0,0,5,1,0,0
184279134,0.0,-0.005673664,0.43952927,0.0,0.0,0.0,0.0,0.0,0.0,0.0,0,3,0,0,0,0,0,3,0,0,0,5,1,0,0
184475170,0.0,-0.0045881467,0.4400205,0.0,0.0,0.0,0.0,0.0,0.0,0.0,0,3,0,0,0,0,0,3,0,0,0,5,1,0,0
184691933,0.0,-0.006090354,0.43982744,0.0,0.0,0.0,0.0,0.0,0.0,0.0,0,3,0,0,0,0,0,3,0,0,0,5,1,0,0
184891929,0.0,-0.0045852545,0.44005492,0.0,0.0,0.0,0.0,0.0,0.0,0.0,0,3,0,0,0,0,0,3,0,0,0,5,1,0,0
185087917,0.0,-0.0059792167,0.4402584,0.0,0.0,0.0,0.0,0.0,0.0,0.0,0,3,0,0,0,0,0,3,0,0,0,5,1,0,0
185288737,0.0,-0.005612503,0.43962333,0.0,0.0,0.0,0.0,0.0,0.0,0.0,0,3,0,0,0,0,0,3,0,0,0,5,1,0,0
185488948,0.0,-0.0053395643,0.43970844,0.0,0.0,0.0,0.0,0.0,0.0,0.0,0,3,0,0,0,0,0,3,0,0,0,5,1,0,0
185705751,0.0,-0.0043170545,0.44019276,0.0,0.0,0.0,0.0,0.0,0.0,0.0,0,3,0,0,0,0,0,3,0,0,0,5,1,0,0
185897530,0.0,-0.0043089697,0.44044876,0.0,0.0,0.0,0.0,0.0,0.0,0.0,0,3,0,0,0,0,0,3,0,0,0,5,1,0,0
186094328,0.0,-0.0047637173,0.44038296,0.0,0.0,0.0,0.0,0.0,0.0,0.0,0,3,0,0,0,0,0,3,0,0,0,5,1,0,0
186306343,0.0,-0.0043159025,0.44051224,0.0,0.0,0.0,0.0,0.0,0.0,0.0,0,3,0,0,0,0,0,3,0,0,0,5,1,0,0
186503131,0.0,-0.0051760315,0.43983054,0.0,0.0,0.0,0.0,0.0,0.0,0.0,0,3,0,0,0,0,0,3,0,0,0,5,1,0,0
186703137,0.0,-0.0048081423,0.4399569,0.0,0.0,0.0,0.0,0.0,0.0,0.0,0,3,0,0,0,0,0,3,0,0,0,5,1,0,0
186899952,0.0,-0.006036063,0.4393441,0.0,0.0,0.0,0.0,0.0,0.0,0.0,0,3,0,0,0,0,0,3,0,0,0,5,1,0,0
187119842,0.0,-0.0039022055,0.43937084,0.0,0.0,0.0,0.0,0.0,0.0,0.0,0,3,0,0,0,0,0,3,0,0,0,5,1,0,0
187311917,0.0,-0.006091165,0.43976527,0.0,0.0,0.0,0.0,0.0,0.0,0.0,0,3,0,0,0,0,0,3,0,0,0,5,1,0,0
187508952,0.0,-0.0039039254,0.44041845,0.0,0.0,0.0,0.0,0.0,0.0,0.0,0,3,0,0,0,0,0,3,0,0,0,5,1,0,0
187712717,0.0,-0.0059794355,0.43970108,0.0,0.0,0.0,0.0,0.0,0.0,0.0,0,3,0,0,0,0,0,3,0,0,0,5,1,0,0
187925533,0.0,-0.0045709303,0.44011703,0.0,0.0,0.0,0.0,0.0,0.0,0.0,0,3,0,0,0,0,0,3,0,0,0,5,1,0,0
188125519,0.0,-0.00539822,0.43968406,0.0,0.0,0.0,0.0,0.0,0.0,0.0,0,3,0,0,0,0,0,3,0,0,0,5,1,0,0
188322339,0.0,-0.004639426,0.44008043,0.0,0.0,0.0,0.0,0.0,0.0,0.0,0,3,0,0,0,0,0,3,0,0,0,5,1,0,0
188518526,0.0,-0.0052934885,0.43973187,0.0,0.0,0.0,0.0,0.0,0.0,0.0,0,3,0,0,0,0,0,3,0,0,0,5,1,0,0
188715149,0.0,-0.0060887085,0.43952984,0.0,0.0,0.0,0.0,0.0,0.0,0.0,0,3,0,0,0,0,0,3,0,0,0,5,1,0,0
188939138,0.0,-0.0053387336,0.43934363,0.0,0.0,0.0,0.0,0.0,0.0,0.0,0,3,0,0,0,0,0,3,0,0,0,5,1,0,0
189127933,0.0,-0.005685518,0.43971494,0.0,0.0,0.0,0.0,0.0,0.0,0.0,0,3,0,0,0,0,0,3,0,0,0,5,1,0,0
189319941,0.0,-0.0049947393,0.44011125,0.0,0.0,0.0,0.0,0.0,0.0,0.0,0,3,0,0,0,0,0,3,0,0,0,5,1,0,0
189540737,0.0,-0.006042202,0.43933228,0.0,0.0,0.0,0.0,0.0,0.0,0.0,0,3,0,0,0,0,0,3,0,0,0,5,1,0,0
189732746,0.0,-0.0038244398,0.4404861,0.0,0.0,0.0,0.0,0.0,0.0,0.0,0,3,0,0,0,0,0,3,0,0,0,5,1,0,0
189936717,0.0,-0.006091065,0.43952656,0.0,0.0,0.0,0.0,0.0,0.0,0.0,0,3,0,0,0,0,0,3,0,0,0,5,1,0,0
190145534,0.0,-0.004316245,0.44016397,0.0,0.0,0.0,0.0,0.0,0.0,0.0,0,3,0,0,0,0,0,3,0,0,0,5,1,0,0
190341520,0.0,-0.006041306,0.43933335,0.0,0.0,0.0,0.0,0.0,0.0,0.0,0,3,0,0,0,0,0,3,0,0,0,5,1,0,0
190542339,0.0,-0.0039041499,0.44047236,0.0,0.0,0.0,0.0,0.0,0.0,0.0,0,3,0,0,0,0,0,3,0,0,0,5,1,0,0
190742318,0.0,-0.0049824608,0.4395285,0.0,0.0,0.0,0.0,0.0,0.0,0.0,0,3,0,0,0,0,0,3,0,0,0,5,1,0,0
190943136,0.0,-0.005613449,0.43928218,0.0,0.0,0.0,0.0,0.0,0.0,0.0,0,3,0,0,0,0,0,3,0,0,0,5,1,0,0
191163135,0.0,-0.0060909577,0.44019932,0.0,0.0,0.0,0.0,0.0,0.0,0.0,0,3,0,0,0,0,0,3,0,0,0,5,1,0,0
191351925,0.0,-0.005560413,0.4402935,0.0,0.0,0.0,0.0,0.0,0.0,0.0,0,3,0,0,0,0,0,3,0,0,0,5,1,0,0
191551926,0.0,-0.005292442,0.44023126,0.0,0.0,0.0,0.0,0.0,0.0,0.0,0,3,0,0,0,0,0,3,0,0,0,5,1,0,0
191768737,0.0,-0.0044669616,0.44026056,0.0,0.0,0.0,0.0,0.0,0.0,0.0,0,1,0,0,0,0,0,3,0,0,0,5,1,0,0
191964743,0.0,-0.0053286506,0.44023487,0.0,0.0,0.0,0.0,0.0,0.0,0.0,0,1,0,0,0,0,0,3,0,0,0,5,1,0,0
192165529,0.0,-0.004751186,0.4400799,0.0,0.0,0.0,0.0,0.0,0.0,0.0,0,1,0,0,0,0,0,3,0,0,0,5,1,0,0
192369535,0.0,-0.004308902,0.4402506,0.0,0.0,0.0,0.0,0.0,0.0,0.0,0,1,0,0,0,0,0,3,0,0,0,5,1,0,0
192581517,0.0,-0.005164754,0.4401696,0.0,0.0,0.0,0.0,0.0,0.0,0.0,0,1,0,0,0,0,0,3,0,0,0,5,1,0,0
192775136,0.0,-0.004996914,0.4398541,0.0,0.0,0.0,0.0,0.0,0.0,0.0,0,1,0,0,0,0,0,3,0,0,0,5,1,0,0
192995930,0.0,-0.0050632465,0.4398546,0.0,0.0,0.0,0.0,0.0,0.0,0.0,0,1,0,0,0,0,0,3,0,0,0,5,1,0,0
193195931,0.0,-0.0059852814,0.44007394,0.0,0.0,0.0,0.0,0.0,0.0,0.0,0,1,0,0,0,0,0,3,0,0,0,5,1,0,0
193392745,0.0,-0.005112085,0.4393099,0.0,0.0,0.0,0.0,0.0,0.0,0.0,0,1,0,0,0,0,0,3,0,0,0,5,1,0,0
193592733,0.0,-0.00480422,0.43977344,0.0,0.0,0.0,0.0,0.0,0.0,0.0,0,1,0,0,0,0,0,3,0,0,0,5,1,0,0
193796721,0.0,-0.005623744,0.43993345,0.0,0.0,0.0,0.0,0.0,0.0,0.0,0,1,0,0,0,0,0,3,0,0,0,5,1,0,0
194009395,0.0,-0.005383159,0.43990391,0.0,0.0,0.0,0.0,0.0,0.0,0.0,0,1,0,0,0,0,0,3,0,0,0,5,1,0,0
194197527,0.0,-0.006036219,0.43973798,0.0,0.0,0.0,0.0,0.0,0.0,0.0,0,1,0,0,0,0,0,3,0,0,0,5,1,0,0
194410330,0.0,-0.004749223,0.4392826,0.0,0.0,0.0,0.0,0.0,0.0,0.0,0,1,0,0,0,0,0,3,0,0,0,5,1,0,0
194606316,0.0,-0.005925157,0.44025967,0.0,0.0,0.0,0.0,0.0,0.0,0.0,0,1,0,0,0,0,0,3,0,0,0,5,1,0,0
194807130,0.0,-0.0055585653,0.43950152,0.0,0.0,0.0,0.0,0.0,0.0,0.0,0,1,0,0,0,0,0,3,0,0,0,5,1,0,0
195003138,0.0,-0.0060321833,0.44044787,0.0,0.0,0.0,0.0,0.0,0.0,0.0,0,1,0,0,0,0,0,3,0,0,0,5,1,0,0
195212742,0.0,-0.0056163226,0.43949962,0.0,0.0,0.0,0.0,0.0,0.0,0.0,0,1,0,0,0,0,0,3,0,0,0,5,1,0,0
195412718,0.0,-0.005393511,0.43930948,0.0,0.0,0.0,0.0,0.0,0.0,0.0,0,1,0,0,0,0,0,3,0,0,0,5,1,0,0
195617752,0.0,-0.0056277113,0.4394943,0.0,0.0,0.0,0.0,0.0,0.0,0.0,0,1,0,0,0,0,0,3,0,0,0,5,1,0,0
195825519,0.0,-0.0042508114,0.4397669,0.0,0.0,0.0,0.0,0.0,0.0,0.0,0,1,0,0,0,0,0,3,0,0,0,5,1,0,0
196026355,0.0,-0.0060298876,0.4393616,0.0,0.0,0.0,0.0,0.0,0.0,0.0,0,1,0,0,0,0,0,3,0,0,0,5,1,0,0
196222334,0.0,-0.0053387545,0.44045427,0.0,0.0,0.0,0.0,0.0,0.0,0.0,0,1,0,0,0,0,0,3,0,0,0,5,1,0,0
196419935,0.0,-0.0060997843,0.43952292,0.0,0.0,0.0,0.0,0.0,0.0,0.0,0,1,0,0,0,0,0,3,0,0,0,5,1,0,0
196619917,0.0,-0.0052915374,0.4404205,0.0,0.0,0.0,0.0,0.0,0.0,0.0,0,1,0,0,0,0,0,3,0,0,0,5,1,0,0
196844765,0.0,-0.0049947156,0.43992648,0.0,0.0,0.0,0.0,0.0,0.0,0.0,0,1,0,0,0,0,0,3,0,0,0,5,1,0,0
197044742,0.0,-0.0042396616,0.44051334,0.0,0.0,0.0,0.0,0.0,0.0,0.0,0,1,0,0,0,0,0,3,0,0,0,5,1,0,0
197225524,0.0,-0.005977496,0.43970403,0.0,0.0,0.0,0.0,0.0,0.0,0.0,0,1,0,0,0,0,0,3,0,0,0,5,1,0,0
197437529,0.0,-0.0043032723,0.44047946,0.0,0.0,0.0,0.0,0.0,0.0,0.0,0,1,0,0,0,0,0,3,0,0,0,5,1,0,0
197638333,0.0,-0.0053958055,0.43950108,0.0,0.0,0.0,0.0,0.0,0.0,0.0,0,1,0,0,0,0,0,3,0,0,0,5,1,0,0
197834342,0.0,-0.004635653,0.4400821,0.0,0.0,0.0,0.0,0.0,0.0,0.0,0,1,0,0,0,0,0,3,0,0,0,5,1,0,0
198051131,0.0,-0.0061018635,0.43976417,0.0,0.0,0.0,0.0,0.0,0.0,0.0,0,1,0,0,0,0,0,3,0,0,0,5,1,0,0
198247327,0.0,-0.0038889842,0.44051477,0.0,0.0,0.0,0.0,0.0,0.0,0.0,0,1,0,0,0,0,0,3,0,0,0,5,1,0,0
198455939,0.0,-0.00609105,0.43930885,0.0,0.0,0.0,0.0,0.0,0.0,0.0,0,1,0,0,0,0,0,3,0,0,0,5,1,0,0
198659935,0.0,-0.0048696455,0.43995675,0.0,0.0,0.0,0.0,0.0,0.0,0.0,0,1,0,0,0,0,0,3,0,0,0,5,1,0,0
198860157,0.0,-0.0060361978,0.4397052,0.0,0.0,0.0,0.0,0.0,0.0,0.0,0,1,0,0,0,0,0,3,0,0,0,5,1,0,0
199060736,0.0,-0.005616212,0.43931487,0.0,0.0,0.0,0.0,0.0,0.0,0.0,0,1,0,0,0,0,0,3,0,0,0,5,1,0,0
199272719,0.0,-0.0044213464,0.44019875,0.0,0.0,0.0,0.0,0.0,0.0,0.0,0,1,0,0,0,0,0,3,0,0,0,5,1,0,0
199473760,0.0,-0.0039591393,0.44044307,0.0,0.0,0.0,0.0,0.0,0.0,0.0,0,1,0,0,0,0,0,3,0,0,0,5,1,0,0
199657521,0.0,-0.004305091,0.4404784,0.0,0.0,0.0,0.0,0.0,0.0,0.0,0,1,0,0,0,0,0,3,0,0,0,5,1,0,0
199878328,0.0,-0.006153818,0.4392728,0.0,0.0,0.0,0.0,0.0,0.0,0.0,0,1,0,0,0,0,0,3,0,0,0,5,1,0,0
200078327,0.0,-0.005230691,0.4404463,0.0,0.0,0.0,0.0,0.0,0.0,0.0,0,1,0,0,0,0,0,3,0,0,0,5,1,0,0
200279140,0.0,-0.005063128,0.43983066,0.0,0.0,0.0,0.0,0.0,0.0,0.0,0,1,0,0,0,0,0,3,0,0,0,5,1,0,0
200471165,0.0,-0.005973999,0.43937033,0.0,0.0,0.0,0.0,0.0,0.0,0.0,0,1,0,0,0,0,0,3,0,0,0,5,1,0,0
200671967,0.0,-0.0060997736,0.43934563,0.0,0.0,0.0,0.0,0.0,0.0,0.0,0,1,0,0,0,0,0,3,0,0,0,5,1,0,0
200891934,0.0,-0.004404395,0.43989882,0.0,0.0,0.0,0.0,0.0,0.0,0.0,0,1,0,0,0,0,0,3,0,0,0,5,1,0,0
201096951,0.0,-0.0061547696,0.43967858,0.0,0.0,0.0,0.0,0.0,0.0,0.0,0,1,0,0,0,0,0,3,0,0,0,5,1,0,0
201292739,0.0,-0.003826297,0.44023448,0.0,0.0,0.0,0.0,0.0,0.0,0.0,0,1,0,0,0,0,0,3,0,0,0,5,1,0,0
201492956,0.0,-0.0053444942,0.43971118,0.0,0.0,0.0,0.0,0.0,0.0,0.0,0,1,0,0,0,0,0,3,0,0,0,5,1,0,0
201693533,0.0,-0.0038395354,0.4404781,0.0,0.0,0.0,0.0,0.0,0.0,0.0,0,1,0,0,0,0,0,3,0,0,0,5,1,0,0
201893517,0.0,-0.005345597,0.44022283,0.0,0.0,0.0,0.0,0.0,0.0,0.0,0,1,0,0,0,0,0,3,0,0,0,5,1,0,0
202106563,0.0,-0.00458353,0.44011018,0.0,0.0,0.0,0.0,0.0,0.0,0.0,0,1,0,0,0,0,0,3,0,0,0,5,1,0,0
202306350,0.0,-0.0053945472,0.43931487,0.0,0.0,0.0,0.0,0.0,0.0,0.0,0,1,0,0,0,0,0,3,0,0,0,5,1,0,0
202507951,0.0,-0.004635637,0.44002303,0.0,0.0,0.0,0.0,0.0,0.0,0.0,0,1,0,0,0,0,0,3,0,0,0,5,1,0,0
202703929,0.0,-0.0054478953,0.44002098,0.0,0.0,0.0,0.0,0.0,0.0,0.0,0,1,0,0,0,0,0,3,0,0,0,5,1,0,0
202913549,0.0,-0.004652782,0.44001293,0.0,0.0,0.0,0.0,0.0,0.0,0.0,0,1,0,0,0,0,0,3,0,0,0,5,1,0,0
203110548,0.0,-0.0044175284,0.4396841,0.0,0.0,0.0,0.0,0.0,0.0,0.0,0,1,0,0,0,0,0,3,0,0,0,5,1,0,0
203302336,0.0,-0.006036188,0.4397057,0.0,0.0,0.0,0.0,0.0,0.0,0.0,0,1,0,0,0,0,0,3,0,0,0,5,1,0,0
203527144,0.0,-0.005108405,0.43983057,0.0,0.0,0.0,0.0,0.0,0.0,0.0,0,1,0,0,0,0,0,3,0,0,0,5,1,0,0
203723326,0.0,-0.006100725,0.43939564,0.0,0.0,0.0,0.0,0.0,0.0,0.0,0,1,0,0,0,0,0,3,0,0,0,5,1,0,0
203919117,0.0,-0.0043070395,0.44039014,0.0,0.0,0.0,0.0,0.0,0.0,0.0,0,1,0,0,0,0,0,3,0,0,0,5,1,0,0
204135933,0.0,-0.0040661525,0.44047338,0.0,0.0,0.0,0.0,0.0,0.0,0.0,0,1,0,0,0,0,0,3,0,0,0,5,1,0,0
204327928,0.0,-0.0038910676,0.44011015,0.0,0.0,0.0,0.0,0.0,0.0,0.0,0,1,0,0,0,0,0,3,0,0,0,5,1,0,0
204536732,0.0,-0.005176861,0.44041753,0.0,0.0,0.0,0.0,0.0,0.0,0.0,0,1,0,0,0,0,0,3,0,0,0,5,1,0,0
204732952,0.0,-0.0049987477,0.44005638,0.0,0.0,0.0,0.0,0.0,0.0,0.0,0,1,0,0,0,0,0,3,0,0,0,5,1,0,0
204933534,0.0,-0.0038945281,0.4404842,0.0,0.0,0.0,0.0,0.0,0.0,0.0,0,1,0,0,0,0,0,3,0,0,0,5,1,0,0
205149528,0.0,-0.0038901535,0.440426,0.0,0.0,0.0,0.0,0.0,0.0,0.0,0,1,0,0,0,0,0,3,0,0,0,5,1,0,0
205346553,0.0,-0.005925495,0.43976632,0.0,0.0,0.0,0.0,0.0,0.0,0.0,0,1,0,0,0,0,0,3,0,0,0,5,1,0,0
205542338,0.0,-0.0055736364,0.43958244,0.0,0.0,0.0,0.0,0.0,0.0,0.0,0,1,0,0,0,0,0,3,0,0,0,5,1,0,0
205739135,0.0,-0.005343355,0.44022602,0.0,0.0,0.0,0.0,0.0,0.0,0.0,0,1,0,0,0,0,0,3,0,0,0,5,1,0,0
205951152,0.0,-0.005048542,0.44023514,0.0,0.0,0.0,0.0,0.0,0.0,0.0,0,1,0,0,0,0,0,3,0,0,0,5,1,0,0
206151931,0.0,-0.0052318396,0.4397647,0.0,0.0,0.0,0.0,0.0,0.0,0.0,0,1,0,0,0,0,0,3,0,0,0,5,1,0,0
206363933,0.0,-0.004639525,0.4400229,0.0,0.0,0.0,0.0,0.0,0.0,0.0,0,1,0,0,0,0,0,3,0,0,0,5,1,0,0
206567946,0.0,-0.005228862,0.44028816,0.0,0.0,0.0,0.0,0.0,0.0,0.0,0,1,0,0,0,0,0,3,0,0,0,5,1,0,0
206764745,0.0,-0.005063126,0.43979454,0.0,0.0,0.0,0.0,0.0,0.0,0.0,0,1,0,0,0,0,0,3,0,0,0,5,1,0,0
206960716,0.0,-0.00529646,0.43970263,0.0,0.0,0.0,0.0,0.0,0.0,0.0,0,1,0,0,0,0,0,3,0,0,0,5,1,0,0
207158355,0.0,-0.004762671,0.44004926,0.0,0.0,0.0,0.0,0.0,0.0,0.0,0,1,0,0,0,0,0,3,0,0,0,5,1,0,0
207375156,0.0,-0.0043593757,0.4399228,0.0,0.0,0.0,0.0,0.0,0.0,0.0,0,1,0,0,0,0,0,3,0,0,0,5,1,0,0
207571130,0.0,-0.0056289677,0.4395552,0.0,0.0,0.0,0.0,0.0,0.0,0.0,0,1,0,0,0,0,0,3,0,0,0,5,1,0,0
207767117,0.0,-0.0056750323,0.43930876,0.0,0.0,0.0,0.0,0.0,0.0,0.0,0,1,0,0,0,0,0,3,0,0,0,5,1,0,0
207979934,0.0,-0.006154752,0.44016325,0.0,0.0,0.0,0.0,0.0,0.0,0.0,0,1,0,0,0,0,0,3,0,0,0,5,1,0,0
208175921,0.0,-0.0045835325,0.44008186,0.0,0.0,0.0,0.0,0.0,0.0,0.0,0,1,0,0,0,0,0,3,0,0,0,5,1,0,0
208373113,0.0,-0.005232645,0.44028503,0.0,0.0,0.0,0.0,0.0,0.0,0.0,0,1,0,0,0,0,0,3,0,0,0,5,1,0,0
208588954,0.0,-0.00458721,0.4400805,0.0,0.0,0.0,0.0,0.0,0.0,0.0,0,1,0,0,0,0,0,3,0,0,0,5,1,0,0
208785535,0.0,-0.0049331645,0.43955478,0.0,0.0,0.0,0.0,0.0,0.0,0.0,0,1,0,0,0,0,0,3,0,0,0,5,1,0,0
208981528,0.0,-0.0056136725,0.4395613,0.0,0.0,0.0,0.0,0.0,0.0,0.0,0,1,0,0,0,0,0,3,0,0,0,5,1,0,0
209198328,0.0,-0.0060362015,0.44019103,0.0,0.0,0.0,0.0,0.0,0.0,0.0,0,1,0,0,0,0,0,3,0,0,0,5,1,0,0
209394343,0.0,-0.00463921,0.44005474,0.0,0.0,0.0,0.0,0.0,0.0,0.0,0,1,0,0,0,0,0,3,0,0,0,5,1,0,0
209591155,0.0,-0.005291542,0.43936282,0.0,0.0,0.0,0.0,0.0,0.0,0.0,0,1,0,0,0,0,0,3,0,0,0,5,1,0,0
209807136,0.0,-0.003892748,0.44005433,0.0,0.0,0.0,0.0,0.0,0.0,0.0,0,1,0,0,0,0,0,3,0,0,0,5,1,0,0
210007929,0.0,-0.006152023,0.43928054,0.0,0.0,0.0,0.0,0.0,0.0,0.0,0,1,0,0,0,0,0,3,0,0,0,5,1,0,0
210207948,0.0,-0.0047510625,0.44005746,0.0,0.0,0.0,0.0,0.0,0.0,0.0,0,1,0,0,0,0,0,3,0,0,0,5,1,0,0
210411938,0.0,-0.004294435,0.44026548,0.0,0.0,0.0,0.0,0.0,0.0,0.0,0,1,0,0,0,0,0,3,0,0,0,5,1,0,0
210612734,0.0,-0.0045885616,0.44041717,0.0,0.0,0.0,0.0,0.0,0.0,0.0,0,1,0,0,0,0,0,3,0,0,0,5,1,0,0
210820718,0.0,-0.0042405715,0.43994895,0.0,0.0,0.0,0.0,0.0,0.0,0.0,0,1,0,0,0,0,0,3,0,0,0,5,1,0,0
211005758,0.0,-0.0060240077,0.439925,0.0,0.0,0.0,0.0,0.0,0.0,0.0,0,1,0,0,0,0,0,3,0,0,0,5,1,0,0
211229517,0.0,-0.0038383957,0.4394608,0.0,0.0,0.0,0.0,0.0,0.0,0.0,0,1,0,0,0,0,0,3,0,0,0,5,1,0,0
211410351,0.0,-0.0060383203,0.4402798,0.0,0.0,0.0,0.0,0.0,0.0,0.0,0,1,0,0,0,0,0,3,0,0,0,5,1,0,0
211634334,0.0,-0.0038414854,0.44048408,0.0,0.0,0.0,0.0,0.0,0.0,0.0,0,1,0,0,0,0,0,3,0,0,0,5,1,0,0
211827130,0.0,-0.0038948192,0.4404703,0.0,0.0,0.0,0.0,0.0,0.0,0.0,0,1,0,0,0,0,0,3,0,0,0,5,1,0,0
212023137,0.0,-0.0045950636,0.44005027,0.0,0.0,0.0,0.0,0.0,0.0,0.0,0,1,0,0,0,0,0,3,0,0,0,5,1,0,0
212244788,0.0,-0.0061530396,0.43967897,0.0,0.0,0.0,0.0,0.0,0.0,0.0,0,1,0,0,0,0,0,3,0,0,0,5,1,0,0
212444984,0.0,-0.0038281525,0.44041747,0.0,0.0,0.0,0.0,0.0,0.0,0.0,0,1,0,0,0,0,0,3,0,0,0,5,1,0,0
212649535,0.0,-0.0060439482,0.43930885,0.0,0.0,0.0,0.0,0.0,0.0,0.0,0,1,0,0,0,0,0,3,0,0,0,5,1,0,0
212833536,0.0,-0.0057413033,0.43961588,0.0,0.0,0.0,0.0,0.0,0.0,0.0,0,1,0,0,0,0,0,3,0,0,0,5,1,0,0
213038326,0.0,-0.0060320646,0.43970737,0.0,0.0,0.0,0.0,0.0,0.0,0.0,0,1,0,0,0,0,0,3,0,0,0,5,1,0,0
213242332,0.0,-0.0060360255,0.43952394,0.0,0.0,0.0,0.0,0.0,0.0,0.0,0,1,0,0,0,0,0,3,0,0,0,5,1,0,0
213447137,0.0,-0.005227005,0.43999374,0.0,0.0,0.0,0.0,0.0,0.0,0.0,0,1,0,0,0,0,0,3,0,0,0,5,1,0,0
213663137,0.0,-0.004598492,0.43952778,0.0,0.0,0.0,0.0,0.0,0.0,0.0,0,1,0,0,0,0,0,3,0,0,0,5,1,0,0
213859934,0.0,-0.0053945403,0.4402064,0.0,0.0,0.0,0.0,0.0,0.0,0.0,0,1,0,0,0,0,0,3,0,0,0,5,1,0,0
214056746,0.0,-0.0052677235,0.43968546,0.0,0.0,0.0,0.0,0.0,0.0,0.0,0,1,0,0,0,0,0,3,0,0,0,5,1,0,0
214253533,0.0,-0.0054072747,0.44039208,0.0,0.0,0.0,0.0,0.0,0.0,0.0,0,1,0,0,0,0,0,3,0,0,0,5,1,0,0
214453536,0.0,-0.0043592667,0.43985966,0.0,0.0,0.0,0.0,0.0,0.0,0.0,0,1,0,0,0,0,0,3,0,0,0,5,1,0,0
214658333,0.0,-0.005281622,0.44047984,0.0,0.0,0.0,0.0,0.0,0.0,0.0,0,1,0,0,0,0,0,3,0,0,0,5,1,0,0
214874333,0.0,-0.0060286205,0.43927985,0.0,0.0,0.0,0.0,0.0,0.0,0.0,0,1,0,0,0,0,0,3,0,0,0,5,1,0,0
215071171,0.0,-0.0052934797,0.44010326,0.0,0.0,0.0,0.0,0.0,0.0,0.0,0,1,0,0,0,0,0,3,0,0,0,5,1,0,0
215287132,0.0,-0.005974681,0.43938717,0.0,0.0,0.0,0.0,0.0,0.0,0.0,0,1,0,0,0,0,0,3,0,0,0,5,1,0,0
215483148,0.0,-0.0050110426,0.44010806,0.0,0.0,0.0,0.0,0.0,0.0,0.0,0,1,0,0,0,0,0,3,0,0,0,5,1,0,0
215664770,0.0,-0.005742204,0.43952912,0.0,0.0,0.0,0.0,0.0,0.0,0.0,0,1,0,0,0,0,0,3,0,0,0,5,1,0,0
215885547,0.0,-0.005051752,0.44007555,0.0,0.0,0.0,0.0,0.0,0.0,0.0,0,1,0,0,0,0,0,3,0,0,0,5,1,0,0
216081727,0.0,-0.0057424307,0.43949923,0.0,0.0,0.0,0.0,0.0,0.0,0.0,0,1,0,0,0,0,0,3,0,0,0,5,1,0,0
216281519,0.0,-0.004243214,0.4399034,0.0,0.0,0.0,0.0,0.0,0.0,0.0,0,1,0,0,0,0,0,3,0,0,0,5,1,0,0
216474337,0.0,-0.0060362937,0.4399331,0.0,0.0,0.0,0.0,0.0,0.0,0.0,0,1,0,0,0,0,0,3,0,0,0,5,1,0,0
216694580,0.0,-0.004999641,0.4395593,0.0,0.0,0.0,0.0,0.0,0.0,0.0,0,1,0,0,0,0,0,3,0,0,0,5,1,0,0
216887133,0.0,-0.006154761,0.43968558,0.0,0.0,0.0,0.0,0.0,0.0,0.0,0,1,0,0,0,0,0,3,0,0,0,5,1,0,0
217087117,0.0,-0.00451696,0.4393764,0.0,0.0,0.0,0.0,0.0,0.0,0.0,0,1,0,0,0,0,0,3,0,0,0,5,1,0,0
217280737,0.0,-0.006090839,0.43968508,0.0,0.0,0.0,0.0,0.0,0.0,0.0,0,1,0,0,0,0,0,3,0,0,0,5,1,0,0
217505531,0.0,-0.0038889903,0.44026074,0.0,0.0,0.0,0.0,0.0,0.0,0.0,0,1,0,0,0,0,0,3,0,0,0,5,1,0,0
217705751,0.0,-0.0059881755,0.44029444,0.0,0.0,0.0,0.0,0.0,0.0,0.0,0,1,0,0,0,0,0,3,0,0,0,5,1,0,0
217893519,0.0,-0.0056276936,0.43908948,0.0,0.0,0.0,0.0,0.0,0.0,0.0,0,1,0,0,0,0,0,3,0,0,0,5,1,0,0
218110338,0.0,-0.0059139873,0.43973574,0.0,0.0,0.0,0.0,0.0,0.0,0.0,0,1,0,0,0,0,0,3,0,0,0,5,1,0,0
218310320,0.0,-0.0046505877,0.44007435,0.0,0.0,0.0,0.0,0.0,0.0,0.0,0,1,0,0,0,0,0,3,0,0,0,5,1,0,0
218507147,0.0,-0.005232644,0.44051385,0.0,0.0,0.0,0.0,0.0,0.0,0.0,0,1,0,0,0,0,0,3,0,0,0,5,1,0,0
218707123,0.0,-0.0060288464,0.43933895,0.0,0.0,0.0,0.0,0.0,0.0,0.0,0,1,0,0,0,0,0,3,0,0,0,5,1,0,0
218924738,0.0,-0.0059762294,0.4397087,0.0,0.0,0.0,0.0,0.0,0.0,0.0,0,1,0,0,0,0,0,3,0,0,0,5,1,0,0
219124717,0.0,-0.0045966385,0.43955362,0.0,0.0,0.0,0.0,0.0,0.0,0.0,0,1,0,0,0,0,0,3,0,0,0,5,1,0,0
219325773,0.0,-0.004309597,0.4405134,0.0,0.0,0.0,0.0,0.0,0.0,0.0,0,1,0,0,0,0,0,3,0,0,0,5,1,0,0
219521518,0.0,-0.0057405834,0.43949312,0.0,0.0,0.0,0.0,0.0,0.0,0.0,0,1,0,0,0,0,0,3,0,0,0,5,1,0,0
219738339,0.0,-0.0043164855,0.4403841,0.0,0.0,0.0,0.0,0.0,0.0,0.0,0,1,0,0,0,0,0,3,0,0,0,5,1,0,0
219938553,0.0,-0.006036406,0.43933755,0.0,0.0,0.0,0.0,0.0,0.0,0.0,0,1,0,0,0,0,0,3,0,0,0,5,1,0,0
220135929,0.0,-0.0052173496,0.43977243,0.0,0.0,0.0,0.0,0.0,0.0,0.0,0,1,0,0,0,0,0,3,0,0,0,5,1,0,0
220343920,0.0,-0.005291753,0.44025952,0.0,0.0,0.0,0.0,0.0,0.0,0.0,0,1,0,0,0,0,0,3,0,0,0,5,1,0,0
220536757,0.0,-0.004359355,0.44020408,0.0,0.0,0.0,0.0,0.0,0.0,0.0,0,1,0,0,0,0,0,3,0,0,0,5,1,0,0
220736717,0.0,-0.005107026,0.44001532,0.0,0.0,0.0,0.0,0.0,0.0,0.0,0,1,0,0,0,0,0,3,0,0,0,5,1,0,0
220953531,0.0,-0.0057396707,0.4394931,0.0,0.0,0.0,0.0,0.0,0.0,0.0,0,1,0,0,0,0,0,3,0,0,0,5,1,0,0
221149522,0.0,-0.0038917463,0.44048005,0.0,0.0,0.0,0.0,0.0,0.0,0.0,0,1,0,0,0,0,0,3,0,0,0,5,1,0,0
221338364,0.0,-0.005342667,0.44022638,0.0,0.0,0.0,0.0,0.0,0.0,0.0,0,1,0,0,0,0,0,3,0,0,0,5,1,0,0
221554331,0.0,-0.005562264,0.43950075,0.0,0.0,0.0,0.0,0.0,0.0,0.0,0,1,0,0,0,0,0,3,0,0,0,5,1,0,0
221755159,0.0,-0.004351288,0.44045392,0.0,0.0,0.0,0.0,0.0,0.0,0.0,0,1,0,0,0,0,0,3,0,0,0,5,1,0,0
221955345,0.0,-0.0061528306,0.439679,0.0,0.0,0.0,0.0,0.0,0.0,0.0,0,1,0,0,0,0,0,3,0,0,0,5,1,0,0
222156766,0.0,-0.0045835464,0.44011125,0.0,0.0,0.0,0.0,0.0,0.0,0.0,0,1,0,0,0,0,0,3,0,0,0,5,1,0,0
222352745,0.0,-0.0047123022,0.44044524,0.0,0.0,0.0,0.0,0.0,0.0,0.0,0,1,0,0,0,0,0,3,0,0,0,5,1,0,0
222561535,0.0,-0.005560447,0.43956444,0.0,0.0,0.0,0.0,0.0,0.0,0.0,0,1,0,0,0,0,0,3,0,0,0,5,1,0,0
222773532,0.0,-0.0056198617,0.43971142,0.0,0.0,0.0,0.0,0.0,0.0,0.0,0,1,0,0,0,0,0,3,0,0,0,5,1,0,0
222970338,0.0,-0.0046400186,0.4400805,0.0,0.0,0.0,0.0,0.0,0.0,0.0,0,1,0,0,0,0,0,3,0,0,0,5,1,0,0
223186369,0.0,-0.005921707,0.4393673,0.0,0.0,0.0,0.0,0.0,0.0,0.0,0,1,0,0,0,0,0,3,0,0,0,5,1,0,0
223383132,0.0,-0.004762323,0.4395307,0.0,0.0,0.0,0.0,0.0,0.0,0.0,0,1,0,0,0,0,0,3,0,0,0,5,1,0,0
223579150,0.0,-0.0043522245,0.44023523,0.0,0.0,0.0,0.0,0.0,0.0,0.0,0,1,0,0,0,0,0,3,0,0,0,5,1,0,0
223780735,0.0,-0.0060901516,0.43931428,0.0,0.0,0.0,0.0,0.0,0.0,0.0,0,1,0,0,0,0,0,3,0,0,0,5,1,0,0
223996717,0.0,-0.003888991,0.44045168,0.0,0.0,0.0,0.0,0.0,0.0,0.0,0,1,0,0,0,0,0,3,0,0,0,5,1,0,0
224201531,0.0,-0.0059122667,0.4402515,0.0,0.0,0.0,0.0,0.0,0.0,0.0,0,1,0,0,0,0,0,3,0,0,0,5,1,0,0
224401726,0.0,-0.004646813,0.4400758,0.0,0.0,0.0,0.0,0.0,0.0,0.0,0,1,0,0,0,0,0,3,0,0,0,5,1,0,0
224599132,0.0,-0.005293481,0.4402526,0.0,0.0,0.0,0.0,0.0,0.0,0.0,0,1,0,0,0,0,0,3,0,0,0,5,1,0,0
224799359,0.0,-0.004585697,0.44051218,0.0,0.0,0.0,0.0,0.0,0.0,0.0,0,1,0,0,0,0,0,3,0,0,0,5,1,0,0
224999931,0.0,-0.0038263204,0.44051382,0.0,0.0,0.0,0.0,0.0,0.0,0.0,0,1,0,0,0,0,0,3,0,0,0,5,1,0,0
225196140,0.0,-0.0056787436,0.43989772,0.0,0.0,0.0,0.0,0.0,0.0,0.0,0,1,0,0,0,0,0,3,0,0,0,5,1,0,0
225413536,0.0,-0.0049957708,0.43983573,0.0,0.0,0.0,0.0,0.0,0.0,0.0,0,1,0,0,0,0,0,3,0,0,0,5,1,0,0
225617516,0.0,-0.006090148,0.43977392,0.0,0.0,0.0,0.0,0.0,0.0,0.0,0,1,0,0,0,0,0,3,0,0,0,5,1,0,0
225818347,0.0,-0.0048696464,0.43986925,0.0,0.0,0.0,0.0,0.0,0.0,0.0,0,1,0,0,0,0,0,3,0,0,0,5,1,0,0
226018317,0.0,-0.0043665855,0.44045278,0.0,0.0,0.0,0.0,0.0,0.0,0.0,0,1,0,0,0,0,0,3,0,0,0,5,1,0,0
226215131,0.0,-0.006141542,0.4400544,0.0,0.0,0.0,0.0,0.0,0.0,0.0,0,1,0,0,0,0,0,3,0,0,0,5,1,0,0
226411131,0.0,-0.004587342,0.44002005,0.0,0.0,0.0,0.0,0.0,0.0,0.0,0,1,0,0,0,0,0,3,0,0,0,5,1,0,0
226636153,0.0,-0.0057407147,0.4404834,0.0,0.0,0.0,0.0,0.0,0.0,0.0,0,1,0,0,0,0,0,3,0,0,0,5,1,0,0
226839935,0.0,-0.0043040654,0.44023085,0.0,0.0,0.0,0.0,0.0,0.0,0.0,0,1,0,0,0,0,0,3,0,0,0,5,1,0,0
227036736,0.0,-0.0049854307,0.44004762,0.0,0.0,0.0,0.0,0.0,0.0,0.0,0,1,0,0,0,0,0,3,0,0,0,5,1,0,0
227232737,0.0,-0.0046364483,0.43990496,0.0,0.0,0.0,0.0,0.0,0.0,0.0,0,1,0,0,0,0,0,3,0,0,0,5,1,0,0
227429766,0.0,-0.005232649,0.43976685,0.0,0.0,0.0,0.0,0.0,0.0,0.0,0,1,0,0,0,0,0,3,0,0,0,5,1,0,0
227637528,0.0,-0.0043611797,0.44023243,0.0,0.0,0.0,0.0,0.0,0.0,0.0,0,1,0,0,0,0,0,3,0,0,0,5,1,0,0
227837517,0.0,-0.0043158885,0.44017178,0.0,0.0,0.0,0.0,0.0,0.0,0.0,0,1,0,0,0,0,0,3,0,0,0,5,1,0,0
228050337,0.0,-0.0060998714,0.4393365,0.0,0.0,0.0,0.0,0.0,0.0,0.0,0,1,0,0,0,0,0,3,0,0,0,5,1,0,0
228250321,0.0,-0.00430704,0.4403902,0.0,0.0,0.0,0.0,0.0,0.0,0.0,0,1,0,0,0,0,0,3,0,0,0,5,1,0,0
228451140,0.0,-0.0060364157,0.43970466,0.0,0.0,0.0,0.0,0.0,0.0,0.0,0,1,0,0,0,0,0,3,0,0,0,5,1,0,0
228655361,0.0,-0.0055622663,0.43936872,0.0,0.0,0.0,0.0,0.0,0.0,0.0,0,1,0,0,0,0,0,3,0,0,0,5,1,0,0
228847932,0.0,-0.0052962448,0.44025156,0.0,0.0,0.0,0.0,0.0,0.0,0.0,0,1,0,0,0,0,0,3,0,0,0,5,1,0,0
229052129,0.0,-0.00476267,0.44001424,0.0,0.0,0.0,0.0,0.0,0.0,0.0,0,1,0,0,0,0,0,3,0,0,0,5,1,0,0
229272748,0.0,-0.0052955565,0.43936762,0.0,0.0,0.0,0.0,0.0,0.0,0.0,0,1,0,0,0,0,0,3,0,0,0,5,1,0,0
229468735,0.0,-0.005627943,0.43955272,0.0,0.0,0.0,0.0,0.0,0.0,0.0,0,1,0,0,0,0,0,3,0,0,0,5,1,0,0
229666340,0.0,-0.003950235,0.4402351,0.0,0.0,0.0,0.0,0.0,0.0,0.0,0,1,0,0,0,0,0,3,0,0,0,5,1,0,0
229870317,0.0,-0.0060370076,0.43933803,0.0,0.0,0.0,0.0,0.0,0.0,0.0,0,1,0,0,0,0,0,3,0,0,0,5,1,0,0
230071132,0.0,-0.003824238,0.44048053,0.0,0.0,0.0,0.0,0.0,0.0,0.0,0,1,0,0,0,0,0,3,0,0,0,5,1,0,0
230279150,0.0,-0.006026017,0.44026527,0.0,0.0,0.0,0.0,0.0,0.0,0.0,0,1,0,0,0,0,0,3,0,0,0,5,1,0,0
230487931,0.0,-0.004994024,0.44011125,0.0,0.0,0.0,0.0,0.0,0.0,0.0,0,1,0,0,0,0,0,3,0,0,0,5,1,0,0
230691945,0.0,-0.00567783,0.44042453,0.0,0.0,0.0,0.0,0.0,0.0,0.0,0,1,0,0,0,0,0,3,0,0,0,5,1,0,0
230889547,0.0,-0.0045866678,0.44047707,0.0,0.0,0.0,0.0,0.0,0.0,0.0,0,1,0,0,0,0,0,3,0,0,0,5,1,0,0
231089517,0.0,-0.0053404765,0.44022745,0.0,0.0,0.0,0.0,0.0,0.0,0.0,0,1,0,0,0,0,0,3,0,0,0,5,1,0,0
231290326,0.0,-0.004058568,0.44044903,0.0,0.0,0.0,0.0,0.0,0.0,0.0,0,1,0,0,0,0,0,3,0,0,0,5,1,0,0
231486318,0.0,-0.00430534,0.44047332,0.0,0.0,0.0,0.0,0.0,0.0,0.0,0,1,0,0,0,0,0,3,0,0,0,5,1,0,0
231703143,0.0,-0.0047625494,0.44038302,0.0,0.0,0.0,0.0,0.0,0.0,0.0,0,1,0,0,0,0,0,3,0,0,0,5,1,0,0
231887141,0.0,-0.004929969,0.43936855,0.0,0.0,0.0,0.0,0.0,0.0,0.0,0,1,0,0,0,0,0,3,0,0,0,5,1,0,0
232087933,0.0,-0.005397418,0.44051293,0.0,0.0,0.0,0.0,0.0,0.0,0.0,0,1,0,0,0,0,0,3,0,0,0,5,1,0,0
232307932,0.0,-0.003936797,0.4404543,0.0,0.0,0.0,0.0,0.0,0.0,0.0,0,1,0,0,0,0,0,3,0,0,0,5,1,0,0
232500741,0.0,-0.006037028,0.44005638,0.0,0.0,0.0,0.0,0.0,0.0,0.0,0,1,0,0,0,0,0,3,0,0,0,5,1,0,0
232716737,0.0,-0.005493963,0.43959558,0.0,0.0,0.0,0.0,0.0,0.0,0.0,0,1,0,0,0,0,0,3,0,0,0,5,1,0,0
232917532,0.0,-0.005986788,0.44025224,0.0,0.0,0.0,0.0,0.0,0.0,0.0,0,1,0,0,0,0,0,3,0,0,0,5,1,0,0
233110342,0.0,-0.006040037,0.4393082,0.0,0.0,0.0,0.0,0.0,0.0,0.0,0,1,0,0,0,0,0,3,0,0,0,5,1,0,0
233323134,0.0,-0.0059831203,0.44010326,0.0,0.0,0.0,0.0,0.0,0.0,0.0,0,1,0,0,0,0,0,3,0,0,0,5,1,0,0
233515352,0.0,-0.0056277174,0.4395266,0.0,0.0,0.0,0.0,0.0,0.0,0.0,0,1,0,0,0,0,0,3,0,0,0,5,1,0,0
233727961,0.0,-0.005009105,0.43936875,0.0,0.0,0.0,0.0,0.0,0.0,0.0,0,1,0,0,0,0,0,3,0,0,0,5,1,0,0
233919927,0.0,-0.005989063,0.43973085,0.0,0.0,0.0,0.0,0.0,0.0,0.0,0,1,0,0,0,0,0,3,0,0,0,5,1,0,0
234119929,0.0,-0.003889074,0.44048026,0.0,0.0,0.0,0.0,0.0,0.0,0.0,0,1,0,0,0,0,0,3,0,0,0,5,1,0,0
234332733,0.0,-0.0057425466,0.43952698,0.0,0.0,0.0,0.0,0.0,0.0,0.0,0,1,0,0,0,0,0,3,0,0,0,5,1,0,0
234532723,0.0,-0.0038955202,0.44047102,0.0,0.0,0.0,0.0,0.0,0.0,0.0,0,1,0,0,0,0,0,3,0,0,0,5,1,0,0
234733533,0.0,-0.005342667,0.43970662,0.0,0.0,0.0,0.0,0.0,0.0,0.0,0,1,0,0,0,0,0,3,0,0,0,5,1,0,0
234933522,0.0,-0.0046356604,0.44008616,0.0,0.0,0.0,0.0,0.0,0.0,0.0,0,1,0,0,0,0,0,3,0,0,0,5,1,0,0
235126330,0.0,-0.0054591782,0.43973798,0.0,0.0,0.0,0.0,0.0,0.0,0.0,0,1,0,0,0,0,0,3,0,0,0,5,1,0,0
235346317,0.0,-0.005562358,0.43973798,0.0,0.0,0.0,0.0,0.0,0.0,0.0,0,1,0,0,0,0,0,3,0,0,0,5,1,0,0
235551190,0.0,-0.006035972,0.4402869,0.0,0.0,0.0,0.0,0.0,0.0,0.0,0,1,0,0,0,0,0,3,0,0,0,5,1,0,0
235755153,0.0,-0.004646704,0.4401026,0.0,0.0,0.0,0.0,0.0,0.0,0.0,0,1,0,0,0,0,0,3,0,0,0,5,1,0,0
235956735,0.0,-0.0042518526,0.4404781,0.0,0.0,0.0,0.0,0.0,0.0,0.0,0,1,0,0,0,0,0,3,0,0,0,5,1,0,0
236156723,0.0,-0.0044720173,0.44020373,0.0,0.0,0.0,0.0,0.0,0.0,0.0,0,1,0,0,0,0,0,3,0,0,0,5,1,0,0
236357544,0.0,-0.0051126713,0.4397996,0.0,0.0,0.0,0.0,0.0,0.0,0.0,0,1,0,0,0,0,0,3,0,0,0,5,1,0,0
236557518,0.0,-0.0046987785,0.44042003,0.0,0.0,0.0,0.0,0.0,0.0,0.0,0,1,0,0,0,0,0,3,0,0,0,5,1,0,0
236754330,0.0,-0.0052800425,0.43990377,0.0,0.0,0.0,0.0,0.0,0.0,0.0,0,1,0,0,0,0,0,3,0,0,0,5,1,0,0
236974332,0.0,-0.0056766532,0.4399039,0.0,0.0,0.0,0.0,0.0,0.0,0.0,0,1,0,0,0,0,0,3,0,0,0,5,1,0,0
237171129,0.0,-0.0039387294,0.44023404,0.0,0.0,0.0,0.0,0.0,0.0,0.0,0,1,0,0,0,0,0,3,0,0,0,5,1,0,0
237375352,0.0,-0.006037015,0.4397132,0.0,0.0,0.0,0.0,0.0,0.0,0.0,0,1,0,0,0,0,0,3,0,0,0,5,1,0,0
237567931,0.0,-0.003824238,0.44048607,0.0,0.0,0.0,0.0,0.0,0.0,0.0,0,1,0,0,0,0,0,3,0,0,0,5,1,0,0
237767935,0.0,-0.0059660934,0.440483,0.0,0.0,0.0,0.0,0.0,0.0,0.0,0,1,0,0,0,0,0,3,0,0,0,5,1,0,0
237967917,0.0,-0.0045966455,0.44001588,0.0,0.0,0.0,0.0,0.0,0.0,0.0,0,1,0,0,0,0,0,3,0,0,0,5,1,0,0
238168949,0.0,-0.0061405073,0.43950024,0.0,0.0,0.0,0.0,0.0,0.0,0.0,0,1,0,0,0,0,0,3,0,0,0,5,1,0,0
238388717,0.0,-0.004639422,0.4403891,0.0,0.0,0.0,0.0,0.0,0.0,0.0,0,1,0,0,0,0,0,3,0,0,0,5,1,0,0
238585535,0.0,-0.005228862,0.43961686,0.0,0.0,0.0,0.0,0.0,0.0,0.0,0,1,0,0,0,0,0,3,0,0,0,5,1,0,0
238777521,0.0,-0.005629755,0.43992352,0.0,0.0,0.0,0.0,0.0,0.0,0.0,0,1,0,0,0,0,0,3,0,0,0,5,1,0,0
238998548,0.0,-0.0044175517,0.43983668,0.0,0.0,0.0,0.0,0.0,0.0,0.0,0,1,0,0,0,0,0,3,0,0,0,5,1,0,0
239198336,0.0,-0.0057424405,0.43927294,0.0,0.0,0.0,0.0,0.0,0.0,0.0,0,1,0,0,0,0,0,3,0,0,0,5,1,0,0
239399131,0.0,-0.0042507085,0.4405139,0.0,0.0,0.0,0.0,0.0,0.0,0.0,0,1,0,0,0,0,0,3,0,0,0,5,1,0,0
239599137,0.0,-0.0060971244,0.43930313,0.0,0.0,0.0,0.0,0.0,0.0,0.0,0,1,0,0,0,0,0,3,0,0,0,5,1,0,0
239799936,0.0,-0.0043032514,0.44047946,0.0,0.0,0.0,0.0,0.0,0.0,0.0,0,1,0,0,0,0,0,3,0,0,0,5,1,0,0
240003932,0.0,-0.005296688,0.4402585,0.0,0.0,0.0,0.0,0.0,0.0,0.0,0,1,0,0,0,0,0,3,0,0,0,5,1,0,0
240204736,0.0,-0.0049980185,0.4401086,0.0,0.0,0.0,0.0,0.0,0.0,0.0,0,1,0,0,0,0,0,3,0,0,0,5,1,0,0
240404953,0.0,-0.0053955936,0.4404185,0.0,0.0,0.0,0.0,0.0,0.0,0.0,0,1,0,0,0,0,0,3,0,0,0,5,1,0,0
240600738,0.0,-0.0046526706,0.44002092,0.0,0.0,0.0,0.0,0.0,0.0,0.0,0,1,0,0,0,0,0,3,0,0,0,5,1,0,0
240821533,0.0,-0.0046479097,0.44045112,0.0,0.0,0.0,0.0,0.0,0.0,0.0,0,1,0,0,0,0,0,3,0,0,0,5,1,0,0
241021534,0.0,-0.004867717,0.4404794,0.0,0.0,0.0,0.0,0.0,0.0,0.0,0,1,0,0,0,0,0,3,0,0,0,5,1,0,0
241218333,0.0,-0.004931266,0.44044513,0.0,0.0,0.0,0.0,0.0,0.0,0.0,0,1,0,0,0,0,0,3,0,0,0,5,1,0,0
241418319,0.0,-0.0046402453,0.4400199,0.0,0.0,0.0,0.0,0.0,0.0,0.0,0,1,0,0,0,0,0,3,0,0,0,5,1,0,0
241627143,0.0,-0.0053446284,0.43971267,0.0,0.0,0.0,0.0,0.0,0.0,0.0,0,1,0,0,0,0,0,3,0,0,0,5,1,0,0
241831150,0.0,-0.004594929,0.4400503,0.0,0.0,0.0,0.0,0.0,0.0,0.0,0,1,0,0,0,0,0,3,0,0,0,5,1,0,0
242031929,0.0,-0.0043523083,0.4404534,0.0,0.0,0.0,0.0,0.0,0.0,0.0,0,1,0,0,0,0,0,3,0,0,0,5,1,0,0
242223930,0.0,-0.0061547766,0.43930686,0.0,0.0,0.0,0.0,0.0,0.0,0.0,0,1,0,0,0,0,0,3,0,0,0,5,1,0,0
242440740,0.0,-0.005227005,0.44051388,0.0,0.0,0.0,0.0,0.0,0.0,0.0,0,1,0,0,0,0,0,3,0,0,0,5,1,0,0
242648737,0.0,-0.0060420767,0.4392723,0.0,0.0,0.0,0.0,0.0,0.0,0.0,0,1,0,0,0,0,0,3,0,0,0,5,1,0,0
242849531,0.0,-0.005226991,0.43991897,0.0,0.0,0.0,0.0,0.0,0.0,0.0,0,1,0,0,0,0,0,3,0,0,0,5,1,0,0
243049544,0.0,-0.006040131,0.43927392,0.0,0.0,0.0,0.0,0.0,0.0,0.0,0,1,0,0,0,0,0,3,0,0,0,5,1,0,0
243245539,0.0,-0.004301399,0.43959057,0.0,0.0,0.0,0.0,0.0,0.0,0.0,0,1,0,0,0,0,0,3,0,0,0,5,1,0,0
243442329,0.0,-0.0047656796,0.44004792,0.0,0.0,0.0,0.0,0.0,0.0,0.0,0,1,0,0,0,0,0,3,0,0,0,5,1,0,0
243658321,0.0,-0.003896081,0.44047672,0.0,0.0,0.0,0.0,0.0,0.0,0.0,0,1,0,0,0,0,0,3,0,0,0,5,1,0,0
243855933,0.0,-0.0060421075,0.43970102,0.0,0.0,0.0,0.0,0.0,0.0,0.0,0,1,0,0,0,0,0,3,0,0,0,5,1,0,0
244048733,0.0,-0.0046934304,0.44002178,0.0,0.0,0.0,0.0,0.0,0.0,0.0,0,1,0,0,0,0,0,3,0,0,0,5,1,0,0
244268728,0.0,-0.005678032,0.4395269,0.0,0.0,0.0,0.0,0.0,0.0,0.0,0,1,0,0,0,0,0,3,0,0,0,5,1,0,0
244472733,0.0,-0.004315214,0.44045135,0.0,0.0,0.0,0.0,0.0,0.0,0.0,0,1,0,0,0,0,0,3,0,0,0,5,1,0,0
244662339,0.0,-0.0060884077,0.43967894,0.0,0.0,0.0,0.0,0.0,0.0,0.0,0,1,0,0,0,0,0,3,0,0,0,5,1,0,0
244879133,0.0,-0.0050977473,0.44008583,0.0,0.0,0.0,0.0,0.0,0.0,0.0,0,1,0,0,0,0,0,3,0,0,0,5,1,0,0
245071133,0.0,-0.006089916,0.43968412,0.0,0.0,0.0,0.0,0.0,0.0,0.0,0,1,0,0,0,0,0,3,0,0,0,5,1,0,0
245268161,0.0,-0.0052135526,0.439686,0.0,0.0,0.0,0.0,0.0,0.0,0.0,0,1,0,0,0,0,0,3,0,0,0,5,1,0,0
245467955,0.0,-0.0060352683,0.43971375,0.0,0.0,0.0,0.0,0.0,0.0,0.0,0,1,0,0,0,0,0,3,0,0,0,5,1,0,0
245667919,0.0,-0.003946601,0.44042656,0.0,0.0,0.0,0.0,0.0,0.0,0.0,0,1,0,0,0,0,0,3,0,0,0,5,1,0,0
245880951,0.0,-0.0060371184,0.44023496,0.0,0.0,0.0,0.0,0.0,0.0,0.0,0,1,0,0,0,0,0,3,0,0,0,5,1,0,0
246084719,0.0,-0.0055515855,0.4395936,0.0,0.0,0.0,0.0,0.0,0.0,0.0,0,1,0,0,0,0,0,3,0,0,0,5,1,0,0
246281533,0.0,-0.0052277013,0.4396175,0.0,0.0,0.0,0.0,0.0,0.0,0.0,0,1,0,0,0,0,0,3,0,0,0,5,1,0,0
246477520,0.0,-0.0055587916,0.43956143,0.0,0.0,0.0,0.0,0.0,0.0,0.0,0,1,0,0,0,0,0,3,0,0,0,5,1,0,0
246698332,0.0,-0.005286591,0.43974403,0.0,0.0,0.0,0.0,0.0,0.0,0.0,0,1,0,0,0,0,0,3,0,0,0,5,1,0,0
246894334,0.0,-0.0060288366,0.43928036,0.0,0.0,0.0,0.0,0.0,0.0,0.0,0,1,0,0,0,0,0,3,0,0,0,5,1,0,0
247095137,0.0,-0.0052954257,0.44011128,0.0,0.0,0.0,0.0,0.0,0.0,0.0,0,1,0,0,0,0,0,3,0,0,0,5,1,0,0
247295155,0.0,-0.0039583184,0.44038203,0.0,0.0,0.0,0.0,0.0,0.0,0.0,0,1,0,0,0,0,0,3,0,0,0,5,1,0,0
247499931,0.0,-0.0060873814,0.43931583,0.0,0.0,0.0,0.0,0.0,0.0,0.0,0,1,0,0,0,0,0,3,0,0,0,5,1,0,0
247703933,0.0,-0.0039465893,0.4403922,0.0,0.0,0.0,0.0,0.0,0.0,0.0,0,1,0,0,0,0,0,3,0,0,0,5,1,0,0
247904745,0.0,-0.005392832,0.44042552,0.0,0.0,0.0,0.0,0.0,0.0,0.0,0,1,0,0,0,0,0,3,0,0,0,5,1,0,0
248108732,0.0,-0.00464888,0.44051382,0.0,0.0,0.0,0.0,0.0,0.0,0.0,0,1,0,0,0,0,0,3,0,0,0,5,1,0,0
248308721,0.0,-0.005394531,0.4400503,0.0,0.0,0.0,0.0,0.0,0.0,0.0,0,1,0,0,0,0,0,3,0,0,0,5,1,0,0
248509533,0.0,-0.005629657,0.43949226,0.0,0.0,0.0,0.0,0.0,0.0,0.0,0,1,0,0,0,0,0,3,0,0,0,5,1,0,0
248721517,0.0,-0.0052278005,0.4399927,0.0,0.0,0.0,0.0,0.0,0.0,0.0,0,1,0,0,0,0,0,3,0,0,0,5,1,0,0
248922327,0.0,-0.006025058,0.4393164,0.0,0.0,0.0,0.0,0.0,0.0,0.0,0,1,0,0,0,0,0,3,0,0,0,5,1,0,0
249126551,0.0,-0.0052809585,0.4393411,0.0,0.0,0.0,0.0,0.0,0.0,0.0,0,1,0,0,0,0,0,3,0,0,0,5,1,0,0
249323138,0.0,-0.0046357275,0.44002295,0.0,0.0,0.0,0.0,0.0,0.0,0.0,0,1,0,0,0,0,0,3,0,0,0,5,1,0,0
249523334,0.0,-0.005228862,0.4402931,0.0,0.0,0.0,0.0,0.0,0.0,0.0,0,1,0,0,0,0,0,3,0,0,0,5,1,0,0
249723937,0.0,-0.005629755,0.4395521,0.0,0.0,0.0,0.0,0.0,0.0,0.0,0,1,0,0,0,0,0,3,0,0,0,5,1,0,0
249927928,0.0,-0.004315424,0.44026023,0.0,0.0,0.0,0.0,0.0,0.0,0.0,0,1,0,0,0,0,0,3,0,0,0,5,1,0,0
250132743,0.0,-0.0056289705,0.43958178,0.0,0.0,0.0,0.0,0.0,0.0,0.0,0,1,0,0,0,0,0,3,0,0,0,5,1,0,0
250336740,0.0,-0.0049967645,0.44010973,0.0,0.0,0.0,0.0,0.0,0.0,0.0,0,1,0,0,0,0,0,3,0,0,0,5,1,0,0
250532952,0.0,-0.005725423,0.4395013,0.0,0.0,0.0,0.0,0.0,0.0,0.0,0,1,0,0,0,0,0,3,0,0,0,5,1,0,0
250733529,0.0,-0.005227732,0.4405145,0.0,0.0,0.0,0.0,0.0,0.0,0.0,0,1,0,0,0,0,0,3,0,0,0,5,1,0,0
250937517,0.0,-0.005575808,0.43952888,0.0,0.0,0.0,0.0,0.0,0.0,0.0,0,1,0,0,0,0,0,3,0,0,0,5,1,0,0
251150340,0.0,-0.005964125,0.4404841,0.0,0.0,0.0,0.0,0.0,0.0,0.0,0,1,0,0,0,0,0,3,0,0,0,5,1,0,0
251350320,0.0,-0.0046487357,0.44004932,0.0,0.0,0.0,0.0,0.0,0.0,0.0,0,1,0,0,0,0,0,3,0,0,0,5,1,0,0
251539130,0.0,-0.005394531,0.44042462,0.0,0.0,0.0,0.0,0.0,0.0,0.0,0,1,0,0,0,0,0,3,0,0,0,5,1,0,0
251763116,0.0,-0.0038926569,0.4404245,0.0,0.0,0.0,0.0,0.0,0.0,0.0,0,1,0,0,0,0,0,3,0,0,0,5,1,0,0
251960736,0.0,-0.004370668,0.4399229,0.0,0.0,0.0,0.0,0.0,0.0,0.0,0,1,0,0,0,0,0,3,0,0,0,5,1,0,0
252164731,0.0,-0.0045829406,0.44002134,0.0,0.0,0.0,0.0,0.0,0.0,0.0,0,1,0,0,0,0,0,3,0,0,0,5,1,0,0
252365544,0.0,-0.0043636113,0.43971282,0.0,0.0,0.0,0.0,0.0,0.0,0.0,0,1,0,0,0,0,0,3,0,0,0,5,1,0,0
252565544,0.0,-0.0046366877,0.4401169,0.0,0.0,0.0,0.0,0.0,0.0,0.0,0,1,0,0,0,0,0,3,0,0,0,5,1,0,0
252758329,0.0,-0.0052175787,0.4397724,0.0,0.0,0.0,0.0,0.0,0.0,0.0,0,1,0,0,0,0,0,3,0,0,0,5,1,0,0
252958333,0.0,-0.0055645322,0.4393138,0.0,0.0,0.0,0.0,0.0,0.0,0.0,0,1,0,0,0,0,0,3,0,0,0,5,1,0,0
253159128,0.0,-0.0052924426,0.43974003,0.0,0.0,0.0,0.0,0.0,0.0,0.0,0,1,0,0,0,0,0,3,0,0,0,5,1,0,0
253375166,0.0,-0.005976619,0.43936777,0.0,0.0,0.0,0.0,0.0,0.0,0.0,0,1,0,0,0,0,0,3,0,0,0,5,1,0,0
253567930,0.0,-0.00500724,0.4401102,0.0,0.0,0.0,0.0,0.0,0.0,0.0,0,1,0,0,0,0,0,3,0,0,0,5,1,0,0
253783930,0.0,-0.00572839,0.43949908,0.0,0.0,0.0,0.0,0.0,0.0,0.0,0,1,0,0,0,0,0,3,0,0,0,5,1,0,0
253972733,0.0,-0.0044164197,0.44019938,0.0,0.0,0.0,0.0,0.0,0.0,0.0,0,1,0,0,0,0,0,3,0,0,0,5,1,0,0
254192756,0.0,-0.0046991818,0.44008306,0.0,0.0,0.0,0.0,0.0,0.0,0.0,0,1,0,0,0,0,0,3,0,0,0,5,1,0,0
254388948,0.0,-0.005286504,0.4404842,0.0,0.0,0.0,0.0,0.0,0.0,0.0,0,1,0,0,0,0,0,3,0,0,0,5,1,0,0
254585533,0.0,-0.0056278002,0.43949312,0.0,0.0,0.0,0.0,0.0,0.0,0.0,0,1,0,0,0,0,0,3,0,0,0,5,1,0,0
254789538,0.0,-0.0053395573,0.44042617,0.0,0.0,0.0,0.0,0.0,0.0,0.0,0,1,0,0,0,0,0,3,0,0,0,5,1,0,0
254990326,0.0,-0.005614596,0.43953463,0.0,0.0,0.0,0.0,0.0,0.0,0.0,0,1,0,0,0,0,0,3,0,0,0,5,1,0,0
255186320,0.0,-0.005216525,0.40617934,0.0,0.0,0.0,0.0,0.0,0.0,0.0,0,1,0,0,0,0,0,3,0,0,0,5,1,0,0
255403131,0.0,-0.004585262,0.22322719,0.0,0.0,0.0,0.0,0.0,0.0,0.0,0,1,0,0,0,0,0,3,0,0,0,5,1,0,0
255603153,0.0,-0.005347444,0.00057633355,-0.000104209204,0.0,0.0,0.0,0.0,0.0,0.0,0,1,0,0,0,0,0,3,0,0,0,5,1,0,0
255807939,0.0,-0.006042186,0.0,-9.46905e-09,0.0,0.0,0.0,0.0,0.0,0.0,0,1,0,0,0,0,0,3,0,0,0,5,1,0,0
256003940,0.0,-0.005919601,0.0,5.2371923e-11,0.0,0.0,0.0,0.0,0.0,0.0,0,1,0,0,0,0,0,3,0,0,0,5,1,0,0
256200734,0.0,-0.0056295306,1.7083181e-13,-4.1689135e-14,0.0,0.0,0.0,0.0,0.0,0.0,0,1,0,0,0,0,0,3,0,0,0,5,1,0,0
256416739,0.0,-0.006090952,9.961041e-18,-6.9119617e-18,0.0,0.0,0.0,0.0,0.0,0.0,0,1,0,0,0,0,0,3,0,0,0,5,1,0,0
256617528,0.0,-0.0046391995,0.0,7.887907e-21,0.0,0.0,0.0,0.0,0.0,0.0,0,1,0,0,0,0,0,3,0,0,0,5,1,0,0
256825532,0.0,-0.006089239,1.2227106e-24,6.122822e-25,0.0,0.0,0.0,0.0,0.0,0.0,0,1,0,0,0,0,0,3,0,0,0,5,1,0,0
257029518,0.0,-0.0038888685,3.969749e-27,-1.3329578e-27,0.0,0.0,0.0,0.0,0.0,0.0,0,1,0,0,0,0,0,3,0,0,0,5,1,0,0
257234337,0.0,-0.0060334504,0.0,9.039074e-31,0.0,0.0,0.0,0.0,0.0,0.0,0,1,0,0,0,0,0,3,0,0,0,5,1,0,0
257434319,0.0,-0.004581474,1.7936257e-33,-2.244913e-34,0.0,0.0,0.0,0.0,0.0,0.0,0,1,0,0,0,0,0,3,0,0,0,5,1,0,0
257627135,0.0,-0.005280872,1.2019958e-37,-1.8672582e-37,0.0,0.0,0.0,0.0,0.0,0.0,0,1,0,0,0,0,0,3,0,0,0,5,1,0,0
257831140,0.0,-0.004650811,0.0,2.57951e-40,0.0,0.0,0.0,0.0,0.0,0.0,0,1,0,0,0,0,0,3,0,0,0,5,1,0,0
258032166,0.0,-0.005291535,7.03e-43,-1.46e-43,0.0,0.0,0.0,0.0,0.0,0.0,0,1,0,0,0,0,0,3,0,0,0,5,1,0,0
258231930,0.0,-0.0039432594,0.0,0.0,0.0,0.0,0.0,0.0,0.0,0.0,0,1,0,0,0,0,0,3,0,0,0,5,1,0,0
258432752,0.0,-0.0052975025,0.0,0.0,0.0,0.0,0.0,0.0,0.0,0.0,0,1,0,0,0,0,0,3,0,0,0,5,1,0,0
258628764,0.0,-0.0056128586,0.0,0.0,0.0,0.0,0.0,0.0,0.0,0.0,0,1,0,0,0,0,0,3,0,0,0,5,1,0,0
