timestamp,timestamp_last_signal,channel_count,rssi,rc_lost_frame_count,rc_total_frame_count,rc_ppm_frame_length,values[0],values[1],values[2],values[3],values[4],values[5],values[6],values[7],values[8],values[9],values[10],values[11],values[12],values[13],values[14],values[15],values[16],values[17],rc_failsafe,rc_lost,input_source
57624733,57624733,8,39,0,0,27002,1488,1497,992,2016,1401,992,992,991,0,0,0,0,0,0,0,0,0,0,0,0,2
57825534,57825534,8,39,0,0,27003,1488,1497,992,2015,1402,992,992,991,0,0,0,0,0,0,0,0,0,0,0,0,2
58049544,58049544,8,39,0,0,27004,1489,1497,992,2015,1402,992,992,991,0,0,0,0,0,0,0,0,0,0,0,0,2
58230332,58230332,8,39,0,0,27002,1488,1498,991,1796,1402,992,992,991,0,0,0,0,0,0,0,0,0,0,0,0,2
58446333,58446333,8,39,0,0,27007,1488,1498,991,1512,1401,992,992,991,0,0,0,0,0,0,0,0,0,0,0,0,2
58643141,58643141,8,39,0,0,27002,1489,1497,992,1513,1402,992,991,991,0,0,0,0,0,0,0,0,0,0,0,0,2
58843141,58843141,8,39,0,0,26996,1488,1497,1095,1511,1402,992,991,992,0,0,0,0,0,0,0,0,0,0,0,0,2
59043954,59043954,8,39,0,0,27002,1489,1497,1237,1512,1402,991,992,991,0,0,0,0,0,0,0,0,0,0,0,0,2
59243934,59243934,8,39,0,0,27002,1488,1498,1357,1512,1402,991,992,991,0,0,0,0,0,0,0,0,0,0,0,0,2
59452957,59452957,8,39,0,0,27003,1488,1497,1449,1510,1402,991,992,991,0,0,0,0,0,0,0,0,0,0,0,0,2
59665532,59665532,8,39,0,0,26993,1488,1498,1499,1510,1402,992,992,991,0,0,0,0,0,0,0,0,0,0,0,0,2
59866349,59866349,8,39,0,0,27005,1489,1497,1551,1511,1402,992,991,991,0,0,0,0,0,0,0,0,0,0,0,0,2
60066526,60066526,8,39,0,0,27008,1488,1498,1572,1512,1402,991,992,991,0,0,0,0,0,0,0,0,0,0,0,0,2
60255157,60255157,8,39,0,0,27005,1488,1498,1574,1511,1402,992,992,991,0,0,0,0,0,0,0,0,0,0,0,0,2
60463327,60463327,8,39,0,0,27002,1488,1498,1574,1512,1401,992,992,991,0,0,0,0,0,0,0,0,0,0,0,0,2
60680155,60680155,8,39,0,0,27003,1488,1497,1576,1511,1402,992,992,991,0,0,0,0,0,0,0,0,0,0,0,0,2
60879933,60879933,8,39,0,0,27000,1488,1497,1576,1511,1402,992,991,992,0,0,0,0,0,0,0,0,0,0,0,0,2
61072750,61072750,8,39,0,0,27003,1489,1497,1576,1511,1402,991,992,991,0,0,0,0,0,0,0,0,0,0,0,0,2
61269554,61269554,8,39,0,0,27007,1488,1522,1576,1512,1401,992,992,991,0,0,0,0,0,0,0,0,0,0,0,0,2
61494336,61494336,8,39,0,0,27002,1488,1554,1576,1512,1401,992,992,991,0,0,0,0,0,0,0,0,0,0,0,0,2
61698339,61698339,8,39,0,0,27001,1490,1788,1586,1512,1402,991,992,991,0,0,0,0,0,0,0,0,0,0,0,0,2
61891132,61891132,8,39,0,0,27013,1534,2011,1588,1511,1402,992,991,992,0,0,0,0,0,0,0,0,0,0,0,0,2
62103151,62103151,8,39,0,0,27008,1494,2012,1599,1512,1402,991,992,991,0,0,0,0,0,0,0,0,0,0,0,0,2
62300951,62300951,8,39,0,0,27002,1492,2012,1760,1511,1402,992,992,991,0,0,0,0,0,0,0,0,0,0,0,0,2
62500721,62500721,8,39,0,0,26999,1492,2012,1773,1511,1402,992,991,992,0,0,0,0,0,0,0,0,0,0,0,0,2
62693541,62693541,8,39,0,0,27002,1503,2011,1775,1511,1402,992,991,992,0,0,0,0,0,0,0,0,0,0,0,0,2
62897518,62897518,8,39,0,0,27002,1494,2012,1761,1738,1402,991,992,991,0,0,0,0,0,0,0,0,0,0,0,0,2
63094567,63094567,8,39,0,0,27002,1493,2011,1759,1755,1402,991,992,991,0,0,0,0,0,0,0,0,0,0,0,0,2
63310528,63310528,8,39,0,0,27001,1493,2012,1759,1510,1402,992,992,991,0,0,0,0,0,0,0,0,0,0,0,0,2
63499147,63499147,8,39,0,0,27001,1494,2012,1760,1511,1402,991,992,991,0,0,0,0,0,0,0,0,0,0,0,0,2
63723133,63723133,8,39,0,0,27001,1500,2011,1760,1528,1402,991,992,991,0,0,0,0,0,0,0,0,0,0,0,0,2
63919936,63919936,8,39,0,0,27002,1498,2012,1758,1670,1402,991,992,991,0,0,0,0,0,0,0,0,0,0,0,0,2
64123929,64123929,8,39,0,0,26999,1495,2011,1759,1607,1402,992,991,992,0,0,0,0,0,0,0,0,0,0,0,0,2
64324735,64324735,8,39,0,0,26995,1493,2011,1759,1523,1401,992,992,991,0,0,0,0,0,0,0,0,0,0,0,0,2
64524743,64524743,8,39,0,0,27003,1492,2012,1759,1514,1402,991,992,991,0,0,0,0,0,0,0,0,0,0,0,0,2
64717749,64717749,8,39,0,0,27001,1492,2011,1760,1513,1402,991,992,991,0,0,0,0,0,0,0,0,0,0,0,0,2
64933743,64933743,8,39,0,0,27003,1492,2012,1759,1512,1402,991,992,991,0,0,0,0,0,0,0,0,0,0,0,0,2
65137519,65137519,8,39,0,0,27002,1492,2012,1759,1512,1402,991,992,991,0,0,0,0,0,0,0,0,0,0,0,0,2
65334326,65334326,8,39,0,0,27008,1493,2012,1759,1512,1401,992,992,991,0,0,0,0,0,0,0,0,0,0,0,0,2
65534321,65534321,8,39,0,0,26995,1491,2012,1759,1512,1402,991,992,991,0,0,0,0,0,0,0,0,0,0,0,0,2
65735095,65735095,8,39,0,0,27000,1491,2012,1759,1512,1402,991,992,991,0,0,0,0,0,0,0,0,0,0,0,0,2
65935135,65935135,8,39,0,0,26995,1492,2011,1760,1512,1401,992,992,991,0,0,0,0,0,0,0,0,0,0,0,0,2
66139931,66139931,8,39,0,0,27004,1491,2012,1760,1511,1402,991,992,991,0,0,0,0,0,0,0,0,0,0,0,0,2
66340165,66340165,8,39,0,0,27001,1491,2012,1759,1512,1402,991,992,991,0,0,0,0,0,0,0,0,0,0,0,0,2
66548737,66548737,8,39,0,0,27000,1492,2012,1759,1512,1401,992,992,991,0,0,0,0,0,0,0,0,0,0,0,0,2
66748734,66748734,8,39,0,0,27004,1492,2011,1760,1511,1402,992,992,991,0,0,0,0,0,0,0,0,0,0,0,0,2
66945541,66945541,8,39,0,0,27003,1492,2012,1759,1512,1402,991,992,991,0,0,0,0,0,0,0,0,0,0,0,0,2
67161531,67161531,8,39,0,0,27001,1492,2012,1759,1512,1402,991,992,991,0,0,0,0,0,0,0,0,0,0,0,0,2
67362334,67362334,8,39,0,0,27001,1492,2011,1760,1511,1402,992,991,992,0,0,0,0,0,0,0,0,0,0,0,0,2
67562349,67562349,8,39,0,0,26998,1492,2012,1759,1512,1402,991,992,991,0,0,0,0,0,0,0,0,0,0,0,0,2
67759135,67759135,8,39,0,0,27003,1492,2011,1760,1511,1402,992,991,991,0,0,0,0,0,0,0,0,0,0,0,0,2
67979150,67979150,8,39,0,0,27002,1492,2011,1760,1511,1402,992,992,991,0,0,0,0,0,0,0,0,0,0,0,0,2
68171932,68171932,8,39,0,0,27001,1492,2012,1760,1511,1402,991,992,991,0,0,0,0,0,0,0,0,0,0,0,0,2
68367936,68367936,8,39,0,0,27005,1492,2011,1760,1511,1402,992,991,992,0,0,0,0,0,0,0,0,0,0,0,0,2
68583920,68583920,8,39,0,0,27006,1491,2012,1760,1511,1402,991,992,991,0,0,0,0,0,0,0,0,0,0,0,0,2
68780738,68780738,8,39,0,0,27002,1492,2012,1759,1512,1402,991,992,991,0,0,0,0,0,0,0,0,0,0,0,0,2
68996721,68996721,8,39,0,0,27002,1491,2012,1759,1512,1402,991,992,991,0,0,0,0,0,0,0,0,0,0,0,0,2
69173528,69173528,8,39,0,0,27002,1492,2012,1760,1511,1402,991,992,991,0,0,0,0,0,0,0,0,0,0,0,0,2
69393520,69393520,8,39,0,0,27002,1492,2011,1760,1512,1401,992,992,991,0,0,0,0,0,0,0,0,0,0,0,0,2
69586561,69586561,8,39,0,0,27006,1491,2012,1759,1512,1402,991,992,991,0,0,0,0,0,0,0,0,0,0,0,0,2
69786319,69786319,8,39,0,0,27003,1492,2012,1759,1512,1402,991,992,991,0,0,0,0,0,0,0,0,0,0,0,0,2
70007149,70007149,8,39,0,0,27002,1492,2012,1759,1512,1402,991,992,991,0,0,0,0,0,0,0,0,0,0,0,0,2
70203118,70203118,8,39,0,0,27001,1492,2011,1760,1511,1402,992,991,992,0,0,0,0,0,0,0,0,0,0,0,0,2
70399933,70399933,8,39,0,0,27002,1492,2012,1759,1512,1402,991,992,991,0,0,0,0,0,0,0,0,0,0,0,0,2
70599927,70599927,8,39,0,0,26999,1491,2012,1760,1511,1402,992,991,991,0,0,0,0,0,0,0,0,0,0,0,0,2
70816757,70816757,8,39,0,0,27003,1492,2011,1760,1511,1402,992,992,991,0,0,0,0,0,0,0,0,0,0,0,0,2
71000751,71000751,8,39,0,0,27003,1492,2011,1760,1511,1402,992,992,991,0,0,0,0,0,0,0,0,0,0,0,0,2
71218330,71218330,8,39,0,0,27003,1492,2011,1760,1512,1401,992,992,991,0,0,0,0,0,0,0,0,0,0,0,0,2
71414317,71414317,8,39,0,0,27005,1491,2012,1759,1512,1402,991,992,991,0,0,0,0,0,0,0,0,0,0,0,0,2
71611130,71611130,8,39,0,0,27008,1492,2011,1760,1511,1402,992,992,991,0,0,0,0,0,0,0,0,0,0,0,0,2
71823349,71823349,8,39,0,0,27000,1492,2011,1760,1511,1402,992,992,991,0,0,0,0,0,0,0,0,0,0,0,0,2
72020745,72020745,8,39,0,0,27004,1492,2012,1792,1512,1402,991,992,991,0,0,0,0,0,0,0,0,0,0,0,0,2
72224718,72224718,8,39,0,0,27001,1492,2012,1796,1511,1402,992,992,991,0,0,0,0,0,0,0,0,0,0,0,0,2
72437753,72437753,8,39,0,0,27003,1492,2011,1797,1512,1402,991,992,991,0,0,0,0,0,0,0,0,0,0,0,0,2
72641531,72641531,8,39,0,0,27002,1492,2012,1797,1393,1401,992,992,991,0,0,0,0,0,0,0,0,0,0,0,0,2
72834587,72834587,8,39,0,0,27004,1492,2012,1797,1353,1402,992,991,992,0,0,0,0,0,0,0,0,0,0,0,0,2
73030318,73030318,8,39,0,0,27002,1492,2011,1798,1338,1402,991,992,991,0,0,0,0,0,0,0,0,0,0,0,0,2
73231373,73231373,8,39,0,0,27002,1493,2011,1799,1317,1402,991,992,991,0,0,0,0,0,0,0,0,0,0,0,0,2
73439117,73439117,8,39,0,0,27006,1492,2011,1798,1353,1402,992,991,992,0,0,0,0,0,0,0,0,0,0,0,0,2
73631942,73631942,8,39,0,0,27004,1491,2012,1731,1470,1402,991,992,991,0,0,0,0,0,0,0,0,0,0,0,0,2
73851935,73851935,8,39,0,0,27004,1492,2012,1568,1508,1401,992,992,991,0,0,0,0,0,0,0,0,0,0,0,0,2
74048731,74048731,8,39,0,0,27003,1492,2012,1459,1510,1402,991,992,991,0,0,0,0,0,0,0,0,0,0,0,0,2
74248738,74248738,8,39,0,0,27002,1492,2011,1431,1509,1402,992,992,991,0,0,0,0,0,0,0,0,0,0,0,0,2
74450379,74450379,8,39,0,0,27008,1492,2012,1428,1510,1401,992,992,991,0,0,0,0,0,0,0,0,0,0,0,0,2
74650351,74650351,8,39,0,0,27006,1492,2011,1428,1510,1402,991,992,991,0,0,0,0,0,0,0,0,0,0,0,0,2
74843132,74843132,8,39,0,0,27003,1491,2011,1428,1421,1402,991,992,991,0,0,0,0,0,0,0,0,0,0,0,0,2
75063138,75063138,8,39,0,0,27004,1492,2011,1428,1399,1402,992,992,991,0,0,0,0,0,0,0,0,0,0,0,0,2
75259925,75259925,8,39,0,0,27003,1492,2011,1428,1510,1401,992,992,991,0,0,0,0,0,0,0,0,0,0,0,0,2
75455940,75455940,8,39,0,0,27001,1491,2012,1427,1510,1402,992,992,991,0,0,0,0,0,0,0,0,0,0,0,0,2
75669557,75669557,8,39,0,0,27003,1492,2012,1427,1510,1402,992,991,992,0,0,0,0,0,0,0,0,0,0,0,0,2
75873519,75873519,8,39,0,0,27002,1492,2011,1428,1540,1402,991,992,991,0,0,0,0,0,0,0,0,0,0,0,0,2
76074349,76074349,8,39,0,0,27002,1491,2012,1427,1681,1402,992,991,992,0,0,0,0,0,0,0,0,0,0,0,0,2
76266338,76266338,8,39,0,0,27002,1493,2011,1427,1726,1402,991,992,991,0,0,0,0,0,0,0,0,0,0,0,0,2
76463146,76463146,8,39,0,0,27002,1491,2012,1426,1728,1402,992,991,992,0,0,0,0,0,0,0,0,0,0,0,0,2
76679128,76679128,8,39,0,0,27004,1491,2012,1426,1730,1402,992,991,991,0,0,0,0,0,0,0,0,0,0,0,0,2
76879931,76879931,8,39,0,0,27006,1492,2012,1426,1756,1401,992,992,991,0,0,0,0,0,0,0,0,0,0,0,0,2
77075935,77075935,8,39,0,0,27003,1491,2012,1426,1777,1402,992,991,991,0,0,0,0,0,0,0,0,0,0,0,0,2
77269535,77269535,8,39,0,0,27002,1492,2012,1426,1777,1402,991,992,991,0,0,0,0,0,0,0,0,0,0,0,0,2
77469543,77469543,8,39,0,0,27010,1492,2011,1426,1752,1402,991,992,991,0,0,0,0,0,0,0,0,0,0,0,0,2
77690330,77690330,8,39,0,0,27003,1492,2011,1426,1743,1402,991,992,991,0,0,0,0,0,0,0,0,0,0,0,0,2
77874413,77874413,8,39,0,0,27008,1492,2011,1427,1742,1402,992,992,991,0,0,0,0,0,0,0,0,0,0,0,0,2
78095136,78095136,8,39,0,0,27007,1491,2012,1426,1740,1402,992,992,991,0,0,0,0,0,0,0,0,0,0,0,0,2
78291145,78291145,8,39,0,0,27004,1491,2012,1439,1699,1402,992,991,991,0,0,0,0,0,0,0,0,0,0,0,0,2
78487931,78487931,8,39,0,0,27003,1492,2011,1590,1564,1401,992,992,991,0,0,0,0,0,0,0,0,0,0,0,0,2
78691935,78691935,8,39,0,0,26999,1491,2012,1592,1574,1402,992,992,991,0,0,0,0,0,0,0,0,0,0,0,0,2
78892733,78892733,8,39,0,0,27004,1491,2012,1591,1597,1402,992,991,991,0,0,0,0,0,0,0,0,0,0,0,0,2
79096739,79096739,8,39,0,0,27004,1492,2011,1592,1637,1402,992,991,992,0,0,0,0,0,0,0,0,0,0,0,0,2
79313539,79313539,8,39,0,0,27002,1492,2011,1592,1551,1402,992,992,991,0,0,0,0,0,0,0,0,0,0,0,0,2
79513529,79513529,8,39,0,0,27003,1492,2012,1591,1516,1402,991,992,991,0,0,0,0,0,0,0,0,0,0,0,0,2
79713518,79713518,8,39,0,0,26999,1492,2011,1592,1513,1401,992,992,991,0,0,0,0,0,0,0,0,0,0,0,0,2
79922334,79922334,8,39,0,0,27006,1492,2011,1593,1468,1402,992,992,991,0,0,0,0,0,0,0,0,0,0,0,0,2
80122549,80122549,8,39,0,0,27008,1491,1962,1593,1510,1402,991,992,991,0,0,0,0,0,0,0,0,0,0,0,0,2
80319933,80319933,8,39,0,0,27003,1490,1792,1593,1512,1401,992,992,991,0,0,0,0,0,0,0,0,0,0,0,0,2
80513529,80513529,8,39,0,0,26996,1488,1577,1593,1512,1402,991,992,991,0,0,0,0,0,0,0,0,0,0,0,0,2
80713516,80713516,8,39,0,0,27002,1488,1498,1593,1511,1402,991,992,991,0,0,0,0,0,0,0,0,0,0,0,0,2
80931134,80931134,8,39,0,0,27001,1488,1498,1591,1512,1402,991,992,991,0,0,0,0,0,0,0,0,0,0,0,0,2
81136154,81136154,8,39,0,0,27004,1489,1497,1563,1511,1402,992,992,991,0,0,0,0,0,0,0,0,0,0,0,0,2
81335928,81335928,8,39,0,0,27001,1488,1497,1551,1510,1402,991,992,991,0,0,0,0,0,0,0,0,0,0,0,0,2
81539916,81539916,8,39,0,0,26999,1488,1497,1330,1511,1401,992,992,991,0,0,0,0,0,0,0,0,0,0,0,0,2
81721532,81721532,8,39,0,0,27001,1488,1498,1416,1511,1402,991,992,991,0,0,0,0,0,0,0,0,0,0,0,0,2
81942336,81942336,8,39,0,0,26998,1488,1498,1415,1512,1402,991,992,991,0,0,0,0,0,0,0,0,0,0,0,0,2
82138335,82138335,8,39,0,0,27003,1489,1497,1416,1511,1402,992,991,992,0,0,0,0,0,0,0,0,0,0,0,0,2
82335142,82335142,8,39,0,0,27003,1488,1498,1415,1512,1402,991,992,991,0,0,0,0,0,0,0,0,0,0,0,0,2
82547135,82547135,8,39,0,0,26997,1489,1497,1416,1511,2016,992,991,992,0,0,0,0,0,0,0,0,0,0,0,0,2
82747135,82747135,8,39,0,0,27003,1489,1497,1416,1511,2016,992,992,991,0,0,0,0,0,0,0,0,0,0,0,0,2
82935926,82935926,8,39,0,0,27004,1488,1497,1416,1511,2016,992,992,991,0,0,0,0,0,0,0,0,0,0,0,0,2
83156155,83156155,8,39,0,0,27002,1489,1497,1416,1511,2016,992,992,991,0,0,0,0,0,0,0,0,0,0,0,0,2
83356784,83356784,8,39,0,0,27007,1488,1498,1415,1512,2016,991,992,991,0,0,0,0,0,0,0,0,0,0,0,0,2
83552949,83552949,8,39,0,0,27001,1488,1498,1415,1512,2016,991,992,991,0,0,0,0,0,0,0,0,0,0,0,0,2
83757536,83757536,8,39,0,0,27002,1489,1497,1416,1511,2016,992,991,992,0,0,0,0,0,0,0,0,0,0,0,0,2
83953544,83953544,8,39,0,0,27007,1488,1498,1415,1512,2016,991,992,991,0,0,0,0,0,0,0,0,0,0,0,0,2
84150357,84150357,8,39,0,0,27002,1488,1498,1415,1512,2016,991,992,991,0,0,0,0,0,0,0,0,0,0,0,0,2
84370335,84370335,8,39,0,0,27002,1489,1497,1416,1512,2015,992,992,991,0,0,0,0,0,0,0,0,0,0,0,0,2
84575134,84575134,8,39,0,0,27000,1488,1498,1416,1511,2016,992,992,991,0,0,0,0,0,0,0,0,0,0,0,0,2
84775144,84775144,8,39,0,0,27002,1489,1497,1416,1512,2015,992,992,991,0,0,0,0,0,0,0,0,0,0,0,0,2
84975930,84975930,8,39,0,0,27002,1488,1498,1416,1512,2015,992,992,991,0,0,0,0,0,0,0,0,0,0,0,0,2
85167932,85167932,8,39,0,0,27003,1488,1498,1415,1512,2015,992,992,991,0,0,0,0,0,0,0,0,0,0,0,0,2
85388738,85388738,8,39,0,0,27003,1488,1497,1416,1512,2015,992,992,991,0,0,0,0,0,0,0,0,0,0,0,0,2
85592735,85592735,8,39,0,0,27000,1488,1498,1415,1511,2016,992,991,992,0,0,0,0,0,0,0,0,0,0,0,0,2
85776718,85776718,8,39,0,0,27003,1489,1498,1415,1512,2016,991,992,991,0,0,0,0,0,0,0,0,0,0,0,0,2
85985530,85985530,8,39,0,0,26999,1488,1498,1415,1512,2016,991,992,991,0,0,0,0,0,0,0,0,0,0,0,0,2
86189517,86189517,8,39,0,0,27003,1489,1497,1416,1512,2015,992,992,991,0,0,0,0,0,0,0,0,0,0,0,0,2
86390351,86390351,8,39,0,0,27007,1489,1497,1416,1510,2016,991,992,991,0,0,0,0,0,0,0,0,0,0,0,0,2
86590317,86590317,8,39,0,0,27003,1489,1497,1416,1511,2016,992,991,992,0,0,0,0,0,0,0,0,0,0,0,0,2
86807136,86807136,8,39,0,0,27002,1488,1497,1416,1512,2015,992,992,991,0,0,0,0,0,0,0,0,0,0,0,0,2
87007117,87007117,8,39,0,0,27004,1489,1497,1416,1511,2016,992,992,991,0,0,0,0,0,0,0,0,0,0,0,0,2
87196954,87196954,8,39,0,0,27001,1488,1497,1416,1511,2016,992,992,991,0,0,0,0,0,0,0,0,0,0,0,0,2
87416720,87416720,8,39,0,0,27001,1488,1498,1415,1512,2016,991,992,991,0,0,0,0,0,0,0,0,0,0,0,0,2
87609532,87609532,8,39,0,0,27006,1488,1498,1415,1512,2016,991,992,991,0,0,0,0,0,0,0,0,0,0,0,0,2
87805518,87805518,8,39,0,0,27002,1489,1497,1416,1511,2016,992,992,991,0,0,0,0,0,0,0,0,0,0,0,0,2
88014415,88014415,8,39,0,0,26998,1489,1497,1416,1510,2016,991,992,991,0,0,0,0,0,0,0,0,0,0,0,0,2
88222323,88222323,8,39,0,0,27002,1488,1498,1415,1511,2016,992,991,991,0,0,0,0,0,0,0,0,0,0,0,0,2
88415150,88415150,8,39,0,0,27000,1489,1497,1416,1511,2016,992,991,992,0,0,0,0,0,0,0,0,0,0,0,0,2
88635159,88635159,8,39,0,0,27003,1489,1497,1416,1511,2016,992,992,991,0,0,0,0,0,0,0,0,0,0,0,0,2
88827937,88827937,8,39,0,0,27008,1488,1498,1415,1512,2016,991,992,991,0,0,0,0,0,0,0,0,0,0,0,0,2
89019929,89019929,8,39,0,0,27003,1489,1497,1416,1511,2016,992,991,992,0,0,0,0,0,0,0,0,0,0,0,0,2
89220752,89220752,8,39,0,0,27001,1488,1497,1416,1510,2016,992,992,991,0,0,0,0,0,0,0,0,0,0,0,0,2
89440756,89440756,8,39,0,0,26998,1488,1497,1416,1511,2016,992,992,991,0,0,0,0,0,0,0,0,0,0,0,0,2
89637529,89637529,8,39,0,0,27012,1488,1498,1415,1510,2016,992,992,991,0,0,0,0,0,0,0,0,0,0,0,0,2
89833538,89833538,8,39,0,0,27001,1488,1497,1416,1512,2015,992,992,991,0,0,0,0,0,0,0,0,0,0,0,0,2
90037518,90037518,8,39,0,0,26996,1489,1497,1416,1511,2016,992,992,991,0,0,0,0,0,0,0,0,0,0,0,0,2
90234432,90234432,8,39,0,0,27003,1488,1498,1415,1512,2016,991,992,991,0,0,0,0,0,0,0,0,0,0,0,0,2
90454331,90454331,8,39,0,0,27011,1489,1497,1416,1511,2016,992,991,992,0,0,0,0,0,0,0,0,0,0,0,0,2
90647135,90647135,8,39,0,0,27006,1489,1497,1416,1511,2016,992,991,992,0,0,0,0,0,0,0,0,0,0,0,0,2
90847117,90847117,8,39,0,0,27006,1488,1498,1415,1512,2016,991,992,991,0,0,0,0,0,0,0,0,0,0,0,0,2
91043938,91043938,8,39,0,0,27004,1489,1497,1416,1511,2016,992,992,991,0,0,0,0,0,0,0,0,0,0,0,0,2
91263920,91263920,8,39,0,0,27005,1488,1497,1416,1511,2016,991,992,991,0,0,0,0,0,0,0,0,0,0,0,0,2
91464737,91464737,8,39,0,0,27005,1488,1497,1416,1510,2016,992,991,991,0,0,0,0,0,0,0,0,0,0,0,0,2
91672750,91672750,8,39,0,0,27003,1489,1497,1416,1511,2016,992,991,992,0,0,0,0,0,0,0,0,0,0,0,0,2
91869539,91869539,8,39,0,0,27002,1488,1498,1415,1511,2016,991,992,991,0,0,0,0,0,0,0,0,0,0,0,0,2
92057536,92057536,8,39,0,0,27005,1488,1498,1415,1512,2016,991,992,991,0,0,0,0,0,0,0,0,0,0,0,0,2
92262337,92262337,8,39,0,0,27006,1488,1498,1415,1510,2016,992,992,991,0,0,0,0,0,0,0,0,0,0,0,0,2
92462526,92462526,8,39,0,0,27005,1488,1497,1416,1512,2015,992,992,991,0,0,0,0,0,0,0,0,0,0,0,0,2
92679352,92679352,8,39,0,0,27007,1488,1498,1415,1512,2016,991,992,991,0,0,0,0,0,0,0,0,0,0,0,0,2
92871159,92871159,8,39,0,0,27005,1488,1497,1416,1511,2016,992,992,991,0,0,0,0,0,0,0,0,0,0,0,0,2
93091117,93091117,8,39,0,0,27006,1489,1497,1416,1511,2016,992,992,991,0,0,0,0,0,0,0,0,0,0,0,0,2
93287970,93287970,8,39,0,0,27003,1488,1497,1416,1511,2016,992,992,991,0,0,0,0,0,0,0,0,0,0,0,0,2
93483937,93483937,8,39,0,0,27004,1488,1498,1415,1512,2016,991,992,991,0,0,0,0,0,0,0,0,0,0,0,0,2
93701534,93701534,8,39,0,0,27003,1488,1498,1415,1512,2016,991,992,991,0,0,0,0,0,0,0,0,0,0,0,0,2
93898335,93898335,8,39,0,0,27002,1489,1497,1416,1511,2016,992,991,992,0,0,0,0,0,0,0,0,0,0,0,0,2
94098329,94098329,8,39,0,0,27002,1488,1498,1415,1512,2016,991,992,991,0,0,0,0,0,0,0,0,0,0,0,0,2
94295171,94295171,8,39,0,0,27001,1488,1498,1415,1511,2016,992,991,992,0,0,0,0,0,0,0,0,0,0,0,0,2
94503133,94503133,8,39,0,0,26999,1488,1498,1415,1512,2016,991,992,991,0,0,0,0,0,0,0,0,0,0,0,0,2
94703117,94703117,8,39,0,0,27003,1488,1497,1416,1511,2016,992,992,991,0,0,0,0,0,0,0,0,0,0,0,0,2
94915935,94915935,8,39,0,0,26993,1489,1497,1416,1510,2016,992,992,991,0,0,0,0,0,0,0,0,0,0,0,0,2
95115917,95115917,8,39,0,0,27002,1488,1497,1416,1512,2015,992,992,991,0,0,0,0,0,0,0,0,0,0,0,0,2
95312738,95312738,8,39,0,0,27003,1489,1497,1416,1511,2016,992,991,992,0,0,0,0,0,0,0,0,0,0,0,0,2
95516721,95516721,8,39,0,0,27002,1488,1498,1415,1512,2016,991,992,991,0,0,0,0,0,0,0,0,0,0,0,0,2
95717541,95717541,8,39,0,0,27005,1488,1498,1415,1512,2016,991,992,991,0,0,0,0,0,0,0,0,0,0,0,0,2
95921726,95921726,8,39,0,0,27002,1488,1498,1415,1512,2016,991,992,991,0,0,0,0,0,0,0,0,0,0,0,0,2
96126336,96126336,8,39,0,0,27000,1488,1498,1415,1512,2016,991,992,991,0,0,0,0,0,0,0,0,0,0,0,0,2
96322342,96322342,8,39,0,0,27008,1488,1498,1415,1510,2016,992,992,991,0,0,0,0,0,0,0,0,0,0,0,0,2
96523129,96523129,8,39,0,0,27002,1489,1497,1416,1510,2016,991,992,991,0,0,0,0,0,0,0,0,0,0,0,0,2
96727133,96727133,8,39,0,0,27001,1488,1498,1415,1511,2016,992,991,992,0,0,0,0,0,0,0,0,0,0,0,0,2
96924738,96924738,8,39,0,0,27003,1489,1497,1416,1511,2016,992,991,992,0,0,0,0,0,0,0,0,0,0,0,0,2
97144999,97144999,8,39,0,0,27003,1489,1497,1416,1511,2016,992,991,992,0,0,0,0,0,0,0,0,0,0,0,0,2
97345543,97345543,8,39,0,0,27001,1488,1497,1416,1510,2016,992,992,991,0,0,0,0,0,0,0,0,0,0,0,0,2
97541725,97541725,8,39,0,0,27002,1488,1498,1415,1512,2016,991,992,991,0,0,0,0,0,0,0,0,0,0,0,0,2
97758563,97758563,8,39,0,0,27004,1488,1498,1415,1512,2016,991,992,991,0,0,0,0,0,0,0,0,0,0,0,0,2
97958365,97958365,8,39,0,0,27009,1489,1497,1416,1511,2016,992,991,992,0,0,0,0,0,0,0,0,0,0,0,0,2
98159130,98159130,8,39,0,0,27004,1488,1498,1415,1512,2016,991,992,991,0,0,0,0,0,0,0,0,0,0,0,0,2
98359130,98359130,8,39,0,0,27003,1489,1497,1416,1512,2015,992,992,991,0,0,0,0,0,0,0,0,0,0,0,0,2
98555934,98555934,8,39,0,0,27003,1488,1498,1415,1512,2016,991,992,991,0,0,0,0,0,0,0,0,0,0,0,0,2
98759929,98759929,8,39,0,0,27004,1489,1497,1416,1511,2016,991,992,991,0,0,0,0,0,0,0,0,0,0,0,0,2
98959918,98959918,8,39,0,0,27001,1488,1498,1415,1512,2015,992,992,991,0,0,0,0,0,0,0,0,0,0,0,0,2
99173532,99173532,8,39,0,0,26998,1488,1497,1416,1511,2016,992,992,991,0,0,0,0,0,0,0,0,0,0,0,0,2
99354329,99354329,8,39,0,0,27007,1488,1498,1416,1511,2016,991,992,991,0,0,0,0,0,0,0,0,0,0,0,0,2
99570340,99570340,8,39,0,0,26999,1488,1497,1416,1511,2016,991,992,991,0,0,0,0,0,0,0,0,0,0,0,0,2
99763131,99763131,8,39,0,0,26995,1488,1498,1415,1512,2016,991,992,991,0,0,0,0,0,0,0,0,0,0,0,0,2
99975155,99975155,8,39,0,0,26995,1488,1498,1415,1511,2016,992,991,992,0,0,0,0,0,0,0,0,0,0,0,0,2
100167934,100167934,8,39,0,0,27010,1488,1498,1415,1512,2016,991,992,991,0,0,0,0,0,0,0,0,0,0,0,0,2
100371939,100371939,8,39,0,0,27001,1488,1498,1415,1512,2015,992,992,991,0,0,0,0,0,0,0,0,0,0,0,0,2
100587920,100587920,8,39,0,0,27013,1489,1497,1416,1511,2016,992,992,991,0,0,0,0,0,0,0,0,0,0,0,0,2
100785000,100785000,8,39,0,0,27002,1488,1498,1415,1512,2016,991,992,991,0,0,0,0,0,0,0,0,0,0,0,0,2
100984719,100984719,8,39,0,0,27007,1489,1497,1415,1512,2016,992,991,991,0,0,0,0,0,0,0,0,0,0,0,0,2
101189537,101189537,8,39,0,0,27000,1488,1498,1415,1512,2016,991,992,991,0,0,0,0,0,0,0,0,0,0,0,0,2
101401522,101401522,8,39,0,0,27007,1488,1498,1415,1512,2015,992,992,991,0,0,0,0,0,0,0,0,0,0,0,0,2
101602332,101602332,8,39,0,0,27008,1489,1497,1416,1511,2016,992,991,992,0,0,0,0,0,0,0,0,0,0,0,0,2
101798318,101798318,8,39,0,0,27008,1488,1497,1416,1511,2015,992,992,991,0,0,0,0,0,0,0,0,0,0,0,0,2
102003138,102003138,8,39,0,0,27009,1489,1497,1416,1511,2016,991,992,991,0,0,0,0,0,0,0,0,0,0,0,0,2
102203137,102203137,8,39,0,0,27002,1488,1497,1416,1510,2016,991,992,991,0,0,0,0,0,0,0,0,0,0,0,0,2
102408954,102408954,8,39,0,0,27001,1489,1497,1416,1511,2016,992,992,991,0,0,0,0,0,0,0,0,0,0,0,0,2
102604719,102604719,8,39,0,0,27004,1488,1497,1416,1511,2016,992,992,991,0,0,0,0,0,0,0,0,0,0,0,0,2
102809532,102809532,8,39,0,0,27006,1489,1497,1416,1511,2016,991,992,991,0,0,0,0,0,0,0,0,0,0,0,0,2
103013519,103013519,8,39,0,0,26994,1488,1497,1416,1511,2016,992,992,991,0,0,0,0,0,0,0,0,0,0,0,0,2
103230345,103230345,8,39,0,0,27002,1489,1497,1416,1511,2016,992,991,992,0,0,0,0,0,0,0,0,0,0,0,0,2
103422339,103422339,8,39,0,0,27002,1488,1497,1416,1511,2016,992,992,991,0,0,0,0,0,0,0,0,0,0,0,0,2
103635355,103635355,8,39,0,0,27008,1489,1497,1416,1512,2015,992,992,991,0,0,0,0,0,0,0,0,0,0,0,0,2
103839134,103839134,8,39,0,0,27003,1489,1497,1416,1511,2015,992,992,991,0,0,0,0,0,0,0,0,0,0,0,0,2
104015931,104015931,8,39,0,0,27001,1489,1497,1416,1512,2015,992,992,991,0,0,0,0,0,0,0,0,0,0,0,0,2
104239942,104239942,8,39,0,0,27005,1489,1497,1416,1511,2016,992,992,991,0,0,0,0,0,0,0,0,0,0,0,0,2
104440749,104440749,8,39,0,0,27008,1488,1498,1415,1510,2016,992,992,991,0,0,0,0,0,0,0,0,0,0,0,0,2
104644979,104644979,8,39,0,0,27007,1488,1498,1415,1512,2016,991,992,991,0,0,0,0,0,0,0,0,0,0,0,0,2
104842331,104842331,8,39,0,0,27003,1488,1497,1416,1511,2016,992,992,991,0,0,0,0,0,0,0,0,0,0,0,0,2
105046342,105046342,8,39,0,0,27004,1489,1497,1416,1511,2016,992,991,992,0,0,0,0,0,0,0,0,0,0,0,0,2
105247136,105247136,8,39,0,0,27003,1488,1498,1415,1510,2016,992,992,991,0,0,0,0,0,0,0,0,0,0,0,0,2
105447150,105447150,8,39,0,0,27002,1489,1497,1416,1511,2015,992,992,991,0,0,0,0,0,0,0,0,0,0,0,0,2
105647928,105647928,8,39,0,0,27002,1488,1498,1415,1512,2016,991,992,991,0,0,0,0,0,0,0,0,0,0,0,0,2
105847935,105847935,8,39,0,0,27002,1489,1497,1416,1511,2016,992,991,992,0,0,0,0,0,0,0,0,0,0,0,0,2
106061539,106061539,8,39,0,0,27007,1489,1497,1416,1512,2015,992,992,991,0,0,0,0,0,0,0,0,0,0,0,0,2
106249517,106249517,8,39,0,0,27008,1488,1498,1415,1512,2016,991,992,991,0,0,0,0,0,0,0,0,0,0,0,0,2
106458337,106458337,8,39,0,0,27003,1488,1498,1415,1511,2016,991,992,991,0,0,0,0,0,0,0,0,0,0,0,0,2
106658526,106658526,8,39,0,0,27002,1489,1497,1416,1511,2015,992,992,991,0,0,0,0,0,0,0,0,0,0,0,0,2
106871163,106871163,8,39,0,0,27002,1488,1498,1415,1511,2016,991,992,991,0,0,0,0,0,0,0,0,0,0,0,0,2
107067134,107067134,8,39,0,0,27006,1489,1497,1416,1510,2016,991,992,991,0,0,0,0,0,0,0,0,0,0,0,0,2
107280736,107280736,8,39,0,0,27006,1488,1498,1415,1512,2016,991,992,991,0,0,0,0,0,0,0,0,0,0,0,0,2
107476726,107476726,8,39,0,0,27002,1488,1497,1416,1510,2016,992,991,992,0,0,0,0,0,0,0,0,0,0,0,0,2
107673538,107673538,8,39,0,0,27001,1488,1498,1415,1512,2016,991,992,991,0,0,0,0,0,0,0,0,0,0,0,0,2
107877517,107877517,8,39,0,0,27000,1489,1497,1415,1511,2016,991,992,991,0,0,0,0,0,0,0,0,0,0,0,0,2
108078333,108078333,8,39,0,0,27001,1489,1497,1416,1510,2016,992,992,991,0,0,0,0,0,0,0,0,0,0,0,0,2
108274338,108274338,8,39,0,0,27003,1489,1497,1415,1511,2016,992,992,991,0,0,0,0,0,0,0,0,0,0,0,0,2
108499134,108499134,8,39,0,0,27000,1489,1497,1416,1511,2016,992,991,992,0,0,0,0,0,0,0,0,0,0,0,0,2
108695142,108695142,8,39,0,0,27003,1488,1497,1416,1510,2016,992,992,991,0,0,0,0,0,0,0,0,0,0,0,0,2
108887928,108887928,8,39,0,0,27006,1488,1498,1415,1512,2016,991,992,991,0,0,0,0,0,0,0,0,0,0,0,0,2
109108132,109108132,8,39,0,0,27003,1488,1497,1416,1512,2015,992,992,991,0,0,0,0,0,0,0,0,0,0,0,0,2
109296730,109296730,8,39,0,0,27000,1489,1497,1416,1511,2016,992,991,992,0,0,0,0,0,0,0,0,0,0,0,0,2
109492745,109492745,8,39,0,0,27001,1489,1497,1416,1511,2016,991,992,991,0,0,0,0,0,0,0,0,0,0,0,0,2
109696716,109696716,8,39,0,0,26999,1489,1497,1416,1511,2016,992,991,992,0,0,0,0,0,0,0,0,0,0,0,0,2
109913534,109913534,8,39,0,0,27002,1488,1497,1416,1512,2015,992,992,991,0,0,0,0,0,0,0,0,0,0,0,0,2
110117749,110117749,8,39,0,0,27005,1488,1497,1416,1511,2016,992,992,991,0,0,0,0,0,0,0,0,0,0,0,0,2
110318337,110318337,8,39,0,0,27003,1488,1497,1416,1511,2015,992,992,991,0,0,0,0,0,0,0,0,0,0,0,0,2
110522319,110522319,8,39,0,0,27002,1489,1497,1416,1510,2016,991,992,991,0,0,0,0,0,0,0,0,0,0,0,0,2
110711133,110711133,8,39,0,0,27003,1489,1497,1416,1510,2016,992,992,991,0,0,0,0,0,0,0,0,0,0,0,0,2
110915136,110915136,8,39,0,0,27005,1488,1498,1415,1511,2015,992,992,991,0,0,0,0,0,0,0,0,0,0,0,0,2
111120737,111120737,8,39,0,0,27006,1488,1497,1416,1512,2015,992,992,991,0,0,0,0,0,0,0,0,0,0,0,0,2
111316740,111316740,8,39,0,0,27003,1488,1498,1415,1512,2016,991,992,991,0,0,0,0,0,0,0,0,0,0,0,0,2
111534330,111534330,8,39,0,0,27003,1488,1498,1415,1512,2016,991,992,991,0,0,0,0,0,0,0,0,0,0,0,0,2
111731132,111731132,8,39,0,0,27001,1489,1497,1416,1511,2015,992,992,991,0,0,0,0,0,0,0,0,0,0,0,0,2
111935129,111935129,8,39,0,0,27004,1488,1497,1416,1511,2015,992,992,991,0,0,0,0,0,0,0,0,0,0,0,0,2
112131932,112131932,8,39,0,0,27002,1488,1498,1415,1511,2015,992,992,991,0,0,0,0,0,0,0,0,0,0,0,0,2
112343932,112343932,8,39,0,0,27002,1488,1498,1415,1510,2016,992,991,992,0,0,0,0,0,0,0,0,0,0,0,0,2
112537750,112537750,8,39,0,0,27006,1488,1498,1415,1512,2016,991,992,991,0,0,0,0,0,0,0,0,0,0,0,0,2
112741534,112741534,8,39,0,0,27006,1488,1498,1415,1510,2016,992,991,992,0,0,0,0,0,0,0,0,0,0,0,0,2
112946326,112946326,8,39,0,0,27000,1488,1498,1415,1511,2016,992,991,992,0,0,0,0,0,0,0,0,0,0,0,0,2
113146342,113146342,8,39,0,0,26999,1488,1497,1416,1511,2015,992,992,991,0,0,0,0,0,0,0,0,0,0,0,0,2
113359155,113359155,8,39,0,0,27003,1489,1497,1416,1511,2016,992,992,991,0,0,0,0,0,0,0,0,0,0,0,0,2
113555135,113555135,8,39,0,0,27003,1488,1498,1415,1510,2016,992,992,991,0,0,0,0,0,0,0,0,0,0,0,0,2
113755932,113755932,8,39,0,0,27007,1488,1498,1415,1511,2015,992,992,991,0,0,0,0,0,0,0,0,0,0,0,0,2
113955938,113955938,8,39,0,0,27007,1488,1498,1415,1512,2015,992,992,991,0,0,0,0,0,0,0,0,0,0,0,0,2
114160961,114160961,8,39,0,0,27006,1488,1498,1415,1512,2016,991,992,991,0,0,0,0,0,0,0,0,0,0,0,0,2
114368733,114368733,8,39,0,0,27005,1488,1498,1415,1512,2015,992,992,991,0,0,0,0,0,0,0,0,0,0,0,0,2
114584727,114584727,8,39,0,0,27001,1488,1498,1416,1510,2016,991,992,991,0,0,0,0,0,0,0,0,0,0,0,0,2
114785537,114785537,8,39,0,0,27000,1488,1498,1415,1512,2016,991,992,991,0,0,0,0,0,0,0,0,0,0,0,0,2
114969525,114969525,8,39,0,0,27002,1489,1497,1416,1511,2015,992,992,991,0,0,0,0,0,0,0,0,0,0,0,0,2
115182351,115182351,8,39,0,0,27002,1488,1497,1416,1511,2016,991,992,991,0,0,0,0,0,0,0,0,0,0,0,0,2
115382320,115382320,8,39,0,0,27003,1488,1498,1415,1512,2016,991,992,991,0,0,0,0,0,0,0,0,0,0,0,0,2
115595158,115595158,8,39,0,0,27002,1488,1498,1415,1512,2016,991,992,991,0,0,0,0,0,0,0,0,0,0,0,0,2
115795131,115795131,8,39,0,0,27004,1489,1497,1416,1511,2016,992,992,991,0,0,0,0,0,0,0,0,0,0,0,0,2
115991947,115991947,8,39,0,0,27008,1488,1498,1415,1511,2016,991,992,991,0,0,0,0,0,0,0,0,0,0,0,0,2
116199925,116199925,8,39,0,0,27005,1489,1497,1416,1511,2016,992,992,991,0,0,0,0,0,0,0,0,0,0,0,0,2
116400740,116400740,8,39,0,0,27002,1488,1498,1415,1512,2016,991,992,991,0,0,0,0,0,0,0,0,0,0,0,0,2
116600736,116600736,8,39,0,0,27003,1489,1497,1416,1511,2016,992,991,991,0,0,0,0,0,0,0,0,0,0,0,0,2
116805529,116805529,8,39,0,0,27002,1488,1498,1415,1511,2016,991,992,991,0,0,0,0,0,0,0,0,0,0,0,0,2
117001545,117001545,8,39,0,0,27007,1489,1497,1416,1510,2016,991,992,991,0,0,0,0,0,0,0,0,0,0,0,0,2
117222334,117222334,8,39,0,0,27002,1488,1498,1415,1511,2016,992,991,992,0,0,0,0,0,0,0,0,0,0,0,0,2
117406551,117406551,8,39,0,0,27005,1489,1497,1416,1511,2016,991,992,991,0,0,0,0,0,0,0,0,0,0,0,0,2
117602343,117602343,8,39,0,0,27001,1488,1498,1415,1511,2016,992,991,992,0,0,0,0,0,0,0,0,0,0,0,0,2
117827132,117827132,8,39,0,0,27000,1489,1497,1416,1511,2016,992,991,992,0,0,0,0,0,0,0,0,0,0,0,0,2
118027117,118027117,8,39,0,0,27003,1488,1497,1416,1511,2016,991,992,991,0,0,0,0,0,0,0,0,0,0,0,0,2
118227941,118227941,8,39,0,0,27003,1489,1497,1416,1510,2016,992,992,991,0,0,0,0,0,0,0,0,0,0,0,0,2
118427917,118427917,8,39,0,0,27002,1489,1497,1416,1511,2016,992,991,992,0,0,0,0,0,0,0,0,0,0,0,0,2
118624746,118624746,8,39,0,0,27003,1489,1497,1416,1511,2015,992,992,991,0,0,0,0,0,0,0,0,0,0,0,0,2
118820720,118820720,8,39,0,0,27004,1488,1498,1415,1512,2016,991,992,991,0,0,0,0,0,0,0,0,0,0,0,0,2
119045529,119045529,8,39,0,0,27007,1488,1497,1416,1511,2016,992,991,992,0,0,0,0,0,0,0,0,0,0,0,0,2
119249535,119249535,8,39,0,0,27005,1488,1498,1415,1512,2016,991,992,991,0,0,0,0,0,0,0,0,0,0,0,0,2
119446345,119446345,8,39,0,0,27005,1488,1497,1416,1511,2016,991,992,991,0,0,0,0,0,0,0,0,0,0,0,0,2
119642527,119642527,8,39,0,0,27003,1488,1498,1415,1512,2016,991,992,991,0,0,0,0,0,0,0,0,0,0,0,0,2
119843139,119843139,8,39,0,0,27001,1489,1497,1416,1510,2016,992,991,992,0,0,0,0,0,0,0,0,0,0,0,0,2
120047134,120047134,8,39,0,0,27002,1489,1497,1416,1511,2015,992,992,991,0,0,0,0,0,0,0,0,0,0,0,0,2
120244737,120244737,8,39,0,0,27004,1488,1498,1415,1511,2016,991,992,991,0,0,0,0,0,0,0,0,0,0,0,0,2
120460747,120460747,8,39,0,0,27003,1489,1497,1416,1511,2016,991,992,991,0,0,0,0,0,0,0,0,0,0,0,0,2
120658345,120658345,8,39,0,0,27009,1488,1498,1415,1510,2016,992,992,991,0,0,0,0,0,0,0,0,0,0,0,0,2
120854317,120854317,8,39,0,0,27006,1489,1497,1416,1511,2016,992,991,992,0,0,0,0,0,0,0,0,0,0,0,0,2
121055138,121055138,8,39,0,0,27007,1488,1497,1416,1511,2016,992,992,991,0,0,0,0,0,0,0,0,0,0,0,0,2
121267117,121267117,8,39,0,0,27006,1488,1498,1415,1511,2016,991,992,991,0,0,0,0,0,0,0,0,0,0,0,0,2
121459933,121459933,8,39,0,0,27000,1488,1497,1416,1511,2016,991,992,991,0,0,0,0,0,0,0,0,0,0,0,0,2
121675940,121675940,8,39,0,0,27010,1489,1497,1416,1511,2016,992,991,992,0,0,0,0,0,0,0,0,0,0,0,0,2
121876745,121876745,8,39,0,0,27002,1488,1498,1415,1511,2016,991,992,992,0,0,0,0,0,0,0,0,0,0,0,0,2
122076744,122076744,8,39,0,0,27003,1489,1497,1416,1510,2016,991,992,991,0,0,0,0,0,0,0,0,0,0,0,0,2
122269748,122269748,8,39,0,0,27006,1488,1497,1416,1510,2016,992,991,992,0,0,0,0,0,0,0,0,0,0,0,0,2
122465539,122465539,8,39,0,0,27006,1489,1497,1416,1510,2016,992,992,991,0,0,0,0,0,0,0,0,0,0,0,0,2
122670334,122670334,8,39,0,0,27003,1488,1497,1416,1511,2016,991,992,991,0,0,0,0,0,0,0,0,0,0,0,0,2
122870327,122870327,8,39,0,0,27000,1489,1497,1416,1511,2016,992,992,991,0,0,0,0,0,0,0,0,0,0,0,0,2
123095136,123095136,8,39,0,0,27000,1488,1497,1416,1511,2016,991,992,991,0,0,0,0,0,0,0,0,0,0,0,0,2
123295174,123295174,8,39,0,0,27003,1489,1497,1416,1511,2016,991,992,991,0,0,0,0,0,0,0,0,0,0,0,0,2
123491937,123491937,8,39,0,0,27002,1488,1497,1416,1512,2015,992,992,991,0,0,0,0,0,0,0,0,0,0,0,0,2
123683934,123683934,8,39,0,0,27002,1489,1497,1416,1510,2016,992,991,992,0,0,0,0,0,0,0,0,0,0,0,0,2
123892152,123892152,8,39,0,0,27002,1488,1497,1416,1512,2015,992,992,991,0,0,0,0,0,0,0,0,0,0,0,0,2
124088738,124088738,8,39,0,0,27008,1489,1497,1416,1511,2015,992,992,991,0,0,0,0,0,0,0,0,0,0,0,0,2
124300737,124300737,8,39,0,0,27006,1488,1498,1415,1511,2015,992,992,991,0,0,0,0,0,0,0,0,0,0,0,0,2
124497550,124497550,8,39,0,0,27003,1489,1497,1416,1511,2016,992,991,992,0,0,0,0,0,0,0,0,0,0,0,0,2
124693539,124693539,8,39,0,0,27003,1488,1497,1416,1512,2015,992,992,991,0,0,0,0,0,0,0,0,0,0,0,0,2
124918331,124918331,8,39,0,0,27003,1489,1497,1416,1511,2016,991,992,991,0,0,0,0,0,0,0,0,0,0,0,0,2
125106336,125106336,8,39,0,0,27003,1488,1498,1415,1512,2016,991,992,991,0,0,0,0,0,0,0,0,0,0,0,0,2
125323936,125323936,8,39,0,0,27003,1488,1498,1415,1510,2016,992,992,991,0,0,0,0,0,0,0,0,0,0,0,0,2
125516157,125516157,8,39,0,0,27000,1488,1497,1416,1511,2016,992,992,991,0,0,0,0,0,0,0,0,0,0,0,0,2
125713538,125713538,8,39,0,0,27006,1489,1497,1416,1511,2016,991,992,991,0,0,0,0,0,0,0,0,0,0,0,0,2
125930332,125930332,8,39,0,0,27002,1488,1498,1415,1512,2016,991,992,991,0,0,0,0,0,0,0,0,0,0,0,0,2
126114336,126114336,8,39,0,0,27010,1489,1497,1416,1511,2016,992,992,991,0,0,0,0,0,0,0,0,0,0,0,0,2
126331158,126331158,8,39,0,0,26999,1488,1498,1415,1510,2016,992,992,991,0,0,0,0,0,0,0,0,0,0,0,0,2
126527328,126527328,8,39,0,0,27002,1488,1498,1415,1512,2016,991,992,991,0,0,0,0,0,0,0,0,0,0,0,0,2
126723144,126723144,8,39,0,0,27002,1488,1498,1415,1511,2016,992,991,992,0,0,0,0,0,0,0,0,0,0,0,0,2
126919926,126919926,8,39,0,0,27009,1488,1497,1416,1511,2016,992,992,991,0,0,0,0,0,0,0,0,0,0,0,0,2
127143917,127143917,8,39,0,0,27007,1489,1497,1416,1511,2016,992,991,992,0,0,0,0,0,0,0,0,0,0,0,0,2
127348738,127348738,8,39,0,0,27005,1488,1497,1416,1511,2016,992,992,991,0,0,0,0,0,0,0,0,0,0,0,0,2
127548735,127548735,8,39,0,0,27007,1488,1498,1415,1511,2016,992,991,992,0,0,0,0,0,0,0,0,0,0,0,0,2
127749543,127749543,8,39,0,0,27006,1488,1497,1416,1512,2015,992,992,991,0,0,0,0,0,0,0,0,0,0,0,0,2
127933761,127933761,8,39,0,0,27003,1489,1497,1416,1511,2016,991,992,991,0,0,0,0,0,0,0,0,0,0,0,0,2
128154338,128154338,8,39,0,0,27004,1488,1498,1415,1511,2016,992,991,992,0,0,0,0,0,0,0,0,0,0,0,0,2
128354331,128354331,8,39,0,0,27001,1489,1497,1416,1510,2016,991,992,991,0,0,0,0,0,0,0,0,0,0,0,0,2
128551135,128551135,8,39,0,0,27002,1488,1498,1415,1510,2016,992,992,991,0,0,0,0,0,0,0,0,0,0,0,0,2
128751136,128751136,8,39,0,0,27002,1489,1497,1416,1511,2016,992,991,992,0,0,0,0,0,0,0,0,0,0,0,0,2
128967932,128967932,8,39,0,0,27001,1488,1498,1415,1512,2016,991,992,991,0,0,0,0,0,0,0,0,0,0,0,0,2
129163966,129163966,8,39,0,0,26999,1489,1497,1416,1511,2015,992,992,991,0,0,0,0,0,0,0,0,0,0,0,0,2
129364771,129364771,8,39,0,0,27000,1488,1497,1416,1511,2016,992,992,991,0,0,0,0,0,0,0,0,0,0,0,0,2
129564739,129564739,8,39,0,0,27001,1488,1498,1415,1511,2016,992,991,992,0,0,0,0,0,0,0,0,0,0,0,0,2
129764718,129764718,8,39,0,0,26998,1488,1497,1416,1511,2016,992,991,992,0,0,0,0,0,0,0,0,0,0,0,0,2
129961536,129961536,8,39,0,0,27002,1489,1497,1416,1511,2016,992,991,992,0,0,0,0,0,0,0,0,0,0,0,0,2
130161517,130161517,8,39,0,0,27001,1488,1497,1416,1510,2016,992,991,992,0,0,0,0,0,0,0,0,0,0,0,0,2
130382332,130382332,8,39,0,0,27001,1488,1498,1415,1511,2015,992,992,991,0,0,0,0,0,0,0,0,0,0,0,0,2
130574317,130574317,8,39,0,0,27008,1488,1497,1416,1512,2015,992,992,991,0,0,0,0,0,0,0,0,0,0,0,0,2
130771160,130771160,8,39,0,0,27003,1488,1498,1415,1511,2016,992,991,992,0,0,0,0,0,0,0,0,0,0,0,0,2
130971142,130971142,8,39,0,0,27001,1488,1498,1415,1511,2016,992,991,992,0,0,0,0,0,0,0,0,0,0,0,0,2
131171931,131171931,8,39,0,0,27002,1488,1498,1415,1511,2016,992,991,992,0,0,0,0,0,0,0,0,0,0,0,0,2
131387932,131387932,8,39,0,0,27002,1488,1498,1415,1511,2016,992,991,992,0,0,0,0,0,0,0,0,0,0,0,0,2
131584737,131584737,8,39,0,0,27003,1488,1498,1415,1512,2016,991,992,991,0,0,0,0,0,0,0,0,0,0,0,0,2
131796736,131796736,8,39,0,0,27007,1488,1498,1415,1510,2016,992,992,991,0,0,0,0,0,0,0,0,0,0,0,0,2
131997535,131997535,8,39,0,0,27002,1489,1497,1416,1510,2016,992,991,992,0,0,0,0,0,0,0,0,0,0,0,0,2
132193547,132193547,8,39,0,0,27002,1489,1497,1416,1510,2016,992,991,992,0,0,0,0,0,0,0,0,0,0,0,0,2
132402332,132402332,8,39,0,0,27004,1488,1498,1415,1512,2016,991,992,991,0,0,0,0,0,0,0,0,0,0,0,0,2
132598339,132598339,8,39,0,0,27000,1489,1497,1416,1511,2016,991,992,991,0,0,0,0,0,0,0,0,0,0,0,0,2
132794324,132794324,8,39,0,0,27004,1489,1497,1415,1512,2016,991,992,991,0,0,0,0,0,0,0,0,0,0,0,0,2
132999132,132999132,8,39,0,0,27001,1489,1497,1416,1511,2016,992,992,991,0,0,0,0,0,0,0,0,0,0,0,0,2
133203121,133203121,8,39,0,0,27002,1489,1497,1416,1510,2016,992,992,991,0,0,0,0,0,0,0,0,0,0,0,0,2
133399929,133399929,8,39,0,0,27003,1489,1497,1416,1510,2016,991,992,991,0,0,0,0,0,0,0,0,0,0,0,0,2
133607917,133607917,8,39,0,0,27002,1489,1497,1416,1511,2016,991,992,991,0,0,0,0,0,0,0,0,0,0,0,0,2
133805530,133805530,8,39,0,0,27008,1488,1498,1415,1511,2016,992,991,992,0,0,0,0,0,0,0,0,0,0,0,0,2
134027149,134027149,8,39,0,0,27011,1488,1498,1415,1512,2016,991,992,991,0,0,0,0,0,0,0,0,0,0,0,0,2
134219159,134219159,8,39,0,0,27001,1489,1497,1416,1511,2016,991,992,991,0,0,0,0,0,0,0,0,0,0,0,0,2
134428738,134428738,8,39,0,0,27003,1488,1498,1415,1512,2016,991,992,991,0,0,0,0,0,0,0,0,0,0,0,0,2
134620721,134620721,8,39,0,0,27002,1489,1497,1416,1511,2016,991,992,991,0,0,0,0,0,0,0,0,0,0,0,0,2
134825524,134825524,8,39,0,0,27003,1488,1497,1416,1511,2016,992,992,991,0,0,0,0,0,0,0,0,0,0,0,0,2
135045546,135045546,8,39,0,0,27003,1489,1497,1416,1511,2016,991,992,991,0,0,0,0,0,0,0,0,0,0,0,0,2
135246555,135246555,8,39,0,0,27007,1488,1498,1415,1512,2016,991,992,991,0,0,0,0,0,0,0,0,0,0,0,0,2
135438318,135438318,8,39,0,0,27007,1488,1498,1415,1512,2016,991,992,991,0,0,0,0,0,0,0,0,0,0,0,0,2
135639131,135639131,8,39,0,0,27004,1489,1497,1416,1510,2016,992,991,992,0,0,0,0,0,0,0,0,0,0,0,0,2
135843145,135843145,8,39,0,0,27008,1489,1497,1416,1510,2016,992,992,991,0,0,0,0,0,0,0,0,0,0,0,0,2
136040151,136040151,8,39,0,0,27008,1489,1497,1416,1511,2016,991,992,991,0,0,0,0,0,0,0,0,0,0,0,0,2
136259935,136259935,8,39,0,0,27003,1489,1497,1416,1510,2016,992,992,991,0,0,0,0,0,0,0,0,0,0,0,0,2
136460739,136460739,8,39,0,0,27004,1488,1498,1415,1512,2016,991,992,991,0,0,0,0,0,0,0,0,0,0,0,0,2
136660748,136660748,8,39,0,0,27003,1488,1498,1415,1512,2016,991,992,991,0,0,0,0,0,0,0,0,0,0,0,0,2
136861539,136861539,8,39,0,0,27001,1489,1497,1416,1511,2016,992,991,992,0,0,0,0,0,0,0,0,0,0,0,0,2
137065538,137065538,8,39,0,0,27000,1488,1497,1416,1512,2015,992,992,991,0,0,0,0,0,0,0,0,0,0,0,0,2
137274338,137274338,8,39,0,0,27006,1489,1497,1416,1510,2016,992,992,991,0,0,0,0,0,0,0,0,0,0,0,0,2
137470337,137470337,8,39,0,0,27001,1488,1498,1415,1511,2015,992,992,991,0,0,0,0,0,0,0,0,0,0,0,0,2
137670320,137670320,8,39,0,0,27009,1488,1498,1415,1512,2016,991,992,991,0,0,0,0,0,0,0,0,0,0,0,0,2
137867138,137867138,8,39,0,0,27002,1489,1497,1416,1510,2016,991,992,991,0,0,0,0,0,0,0,0,0,0,0,0,2
138063116,138063116,8,39,0,0,27002,1488,1497,1416,1512,2016,991,992,991,0,0,0,0,0,0,0,0,0,0,0,0,2
138279932,138279932,8,39,0,0,27002,1488,1497,1416,1511,2016,991,992,991,0,0,0,0,0,0,0,0,0,0,0,0,2
138475923,138475923,8,39,0,0,27002,1488,1497,1416,1512,2015,992,992,991,0,0,0,0,0,0,0,0,0,0,0,0,2
138688732,138688732,8,39,0,0,27002,1489,1497,1416,1512,2015,992,992,991,0,0,0,0,0,0,0,0,0,0,0,0,2
138872756,138872756,8,39,0,0,27003,1488,1498,1415,1512,2016,991,992,991,0,0,0,0,0,0,0,0,0,0,0,0,2
139097442,139097442,8,39,0,0,27000,1489,1497,1416,1510,2016,991,992,991,0,0,0,0,0,0,0,0,0,0,0,0,2
139297525,139297525,8,39,0,0,27006,1488,1498,1415,1511,2016,992,991,992,0,0,0,0,0,0,0,0,0,0,0,0,2
139482330,139482330,8,39,0,0,27002,1489,1497,1416,1510,2016,991,992,991,0,0,0,0,0,0,0,0,0,0,0,0,2
139702332,139702332,8,39,0,0,27002,1488,1498,1415,1511,2016,991,992,991,0,0,0,0,0,0,0,0,0,0,0,0,2
139891134,139891134,8,39,0,0,27002,1488,1498,1415,1512,2016,991,992,991,0,0,0,0,0,0,0,0,0,0,0,0,2
140107153,140107153,8,39,0,0,27007,1488,1498,1415,1512,2015,992,992,991,0,0,0,0,0,0,0,0,0,0,0,0,2
140307134,140307134,8,39,0,0,27002,1488,1498,1415,1511,2016,991,992,991,0,0,0,0,0,0,0,0,0,0,0,0,2
140499934,140499934,8,39,0,0,27007,1488,1497,1416,1511,2016,991,992,991,0,0,0,0,0,0,0,0,0,0,0,0,2
140695921,140695921,8,39,0,0,27003,1488,1497,1416,1511,2016,991,992,991,0,0,0,0,0,0,0,0,0,0,0,0,2
140909540,140909540,8,39,0,0,27004,1489,1497,1416,1511,2016,991,992,991,0,0,0,0,0,0,0,0,0,0,0,0,2
141110342,141110342,8,39,0,0,27002,1489,1497,1416,1510,2016,992,992,991,0,0,0,0,0,0,0,0,0,0,0,0,2
141326334,141326334,8,39,0,0,27005,1489,1497,1416,1510,2016,992,992,991,0,0,0,0,0,0,0,0,0,0,0,0,2
141519348,141519348,8,39,0,0,27003,1489,1497,1416,1510,2016,991,992,991,0,0,0,0,0,0,0,0,0,0,0,0,2
141731134,141731134,8,39,0,0,27002,1489,1497,1416,1511,2016,992,992,991,0,0,0,0,0,0,0,0,0,0,0,0,2
141931148,141931148,8,39,0,0,27002,1489,1497,1415,1511,2016,991,992,991,0,0,0,0,0,0,0,0,0,0,0,0,2
142123935,142123935,8,39,0,0,27005,1488,1498,1415,1511,2016,992,991,992,0,0,0,0,0,0,0,0,0,0,0,0,2
142331918,142331918,8,39,0,0,27006,1489,1497,1416,1512,2015,992,992,991,0,0,0,0,0,0,0,0,0,0,0,0,2
142528974,142528974,8,39,0,0,27002,1488,1498,1415,1511,2016,992,991,992,0,0,0,0,0,0,0,0,0,0,0,0,2
142744986,142744986,8,39,0,0,27004,1488,1498,1415,1512,2016,991,992,991,0,0,0,0,0,0,0,0,0,0,0,0,2
142934344,142934344,8,39,0,0,27000,1488,1498,1415,1511,2016,991,992,991,0,0,0,0,0,0,0,0,0,0,0,0,2
143142321,143142321,8,39,0,0,27003,1488,1497,1416,1511,2016,992,992,991,0,0,0,0,0,0,0,0,0,0,0,0,2
143339135,143339135,8,39,0,0,27001,1488,1498,1415,1511,2015,992,992,991,0,0,0,0,0,0,0,0,0,0,0,0,2
143555121,143555121,8,39,0,0,27002,1489,1497,1416,1512,2015,992,992,991,0,0,0,0,0,0,0,0,0,0,0,0,2
143755846,143755846,8,39,0,0,27005,1488,1497,1416,1511,2016,991,992,991,0,0,0,0,0,0,0,0,0,0,0,0,2
143947951,143947951,8,39,0,0,27001,1489,1497,1415,1511,2016,992,992,991,0,0,0,0,0,0,0,0,0,0,0,0,2
144164739,144164739,8,39,0,0,27005,1488,1497,1416,1511,2016,991,992,991,0,0,0,0,0,0,0,0,0,0,0,0,2
144360716,144360716,8,39,0,0,27003,1488,1498,1415,1511,2016,992,992,991,0,0,0,0,0,0,0,0,0,0,0,0,2
144561556,144561556,8,39,0,0,27004,1488,1497,1416,1511,2016,991,992,991,0,0,0,0,0,0,0,0,0,0,0,0,2
144753541,144753541,8,39,0,0,27004,1489,1497,1416,1511,2016,992,991,992,0,0,0,0,0,0,0,0,0,0,0,0,2
144975356,144975356,8,39,0,0,27003,1488,1497,1416,1511,2016,991,992,991,0,0,0,0,0,0,0,0,0,0,0,0,2
145167118,145167118,8,39,0,0,27002,1488,1498,1415,1510,2016,992,992,991,0,0,0,0,0,0,0,0,0,0,0,0,2
145375928,145375928,8,39,0,0,27004,1489,1497,1416,1510,2016,991,992,991,0,0,0,0,0,0,0,0,0,0,0,0,2
145575916,145575916,8,39,0,0,27000,1489,1497,1416,1511,2016,991,992,991,0,0,0,0,0,0,0,0,0,0,0,0,2
145788737,145788737,8,39,0,0,27001,1489,1497,1416,1511,2016,991,992,991,0,0,0,0,0,0,0,0,0,0,0,0,2
145972754,145972754,8,39,0,0,27004,1488,1497,1416,1511,2016,992,991,992,0,0,0,0,0,0,0,0,0,0,0,0,2
146173535,146173535,8,39,0,0,27002,1488,1498,1415,1512,2016,991,992,991,0,0,0,0,0,0,0,0,0,0,0,0,2
146377549,146377549,8,39,0,0,27002,1488,1498,1415,1510,2016,992,992,991,0,0,0,0,0,0,0,0,0,0,0,0,2
146598552,146598552,8,39,0,0,26999,1489,1497,1416,1512,2015,992,992,991,0,0,0,0,0,0,0,0,0,0,0,0,2
146790335,146790335,8,39,0,0,27002,1488,1498,1415,1510,2016,992,992,991,0,0,0,0,0,0,0,0,0,0,0,0,2
147003134,147003134,8,39,0,0,27007,1489,1497,1416,1510,2016,991,992,991,0,0,0,0,0,0,0,0,0,0,0,0,2
147199134,147199134,8,39,0,0,27006,1488,1497,1416,1511,2016,992,992,991,0,0,0,0,0,0,0,0,0,0,0,0,2
147399932,147399932,8,39,0,0,27007,1488,1498,1415,1511,2016,991,992,991,0,0,0,0,0,0,0,0,0,0,0,0,2
147599931,147599931,8,39,0,0,27002,1489,1497,1416,1511,2016,991,992,991,0,0,0,0,0,0,0,0,0,0,0,0,2
147799920,147799920,8,39,0,0,27003,1488,1498,1415,1511,2016,992,991,992,0,0,0,0,0,0,0,0,0,0,0,0,2
148017541,148017541,8,39,0,0,27004,1489,1497,1416,1511,2015,992,992,991,0,0,0,0,0,0,0,0,0,0,0,0,2
148210328,148210328,8,39,0,0,27005,1488,1497,1416,1512,2015,992,992,991,0,0,0,0,0,0,0,0,0,0,0,0,2
148402341,148402341,8,39,0,0,27007,1488,1498,1415,1512,2016,991,992,991,0,0,0,0,0,0,0,0,0,0,0,0,2
148619153,148619153,8,39,0,0,27006,1488,1497,1416,1511,2016,991,992,991,0,0,0,0,0,0,0,0,0,0,0,0,2
148823132,148823132,8,39,0,0,27009,1489,1497,1416,1511,2016,992,992,991,0,0,0,0,0,0,0,0,0,0,0,0,2
149023116,149023116,8,39,0,0,27004,1488,1498,1415,1511,2016,991,992,992,0,0,0,0,0,0,0,0,0,0,0,0,2
149223932,149223932,8,39,0,0,27003,1489,1497,1416,1510,2016,992,992,991,0,0,0,0,0,0,0,0,0,0,0,0,2
149427917,149427917,8,39,0,0,27001,1488,1497,1416,1511,2016,992,992,991,0,0,0,0,0,0,0,0,0,0,0,0,2
149628742,149628742,8,39,0,0,27003,1489,1497,1416,1511,2016,991,992,991,0,0,0,0,0,0,0,0,0,0,0,0,2
149828719,149828719,8,39,0,0,27003,1488,1498,1415,1511,2015,992,992,991,0,0,0,0,0,0,0,0,0,0,0,0,2
150029546,150029546,8,39,0,0,27007,1488,1498,1415,1511,2015,992,992,991,0,0,0,0,0,0,0,0,0,0,0,0,2
150245518,150245518,8,39,0,0,27002,1488,1498,1415,1510,2016,992,992,991,0,0,0,0,0,0,0,0,0,0,0,0,2
150438331,150438331,8,39,0,0,27001,1489,1497,1416,1511,2016,992,991,992,0,0,0,0,0,0,0,0,0,0,0,0,2
150654334,150654334,8,39,0,0,27007,1489,1497,1416,1512,2015,992,992,991,0,0,0,0,0,0,0,0,0,0,0,0,2
150851354,150851354,8,39,0,0,27000,1489,1497,1416,1511,2015,992,992,991,0,0,0,0,0,0,0,0,0,0,0,0,2
151051136,151051136,8,39,0,0,27002,1488,1498,1415,1511,2016,992,991,992,0,0,0,0,0,0,0,0,0,0,0,0,2
151263937,151263937,8,39,0,0,27003,1489,1497,1416,1510,2016,992,992,991,0,0,0,0,0,0,0,0,0,0,0,0,2
151464129,151464129,8,39,0,0,27003,1488,1498,1415,1512,2016,991,992,991,0,0,0,0,0,0,0,0,0,0,0,0,2
151660743,151660743,8,39,0,0,27005,1489,1497,1416,1510,2016,991,992,991,0,0,0,0,0,0,0,0,0,0,0,0,2
151860951,151860951,8,39,0,0,27001,1488,1497,1416,1510,2016,992,991,992,0,0,0,0,0,0,0,0,0,0,0,0,2
152068718,152068718,8,39,0,0,27006,1488,1498,1415,1512,2016,991,992,991,0,0,0,0,0,0,0,0,0,0,0,0,2
152269535,152269535,8,39,0,0,27008,1489,1497,1416,1511,2016,992,992,991,0,0,0,0,0,0,0,0,0,0,0,0,2
152469519,152469519,8,39,0,0,27002,1488,1498,1415,1511,2016,991,992,991,0,0,0,0,0,0,0,0,0,0,0,0,2
152670341,152670341,8,39,0,0,27001,1489,1497,1416,1510,2016,991,992,991,0,0,0,0,0,0,0,0,0,0,0,0,2
152866319,152866319,8,39,0,0,27003,1488,1498,1415,1511,2016,991,992,991,0,0,0,0,0,0,0,0,0,0,0,0,2
153087356,153087356,8,39,0,0,27004,1489,1497,1416,1511,2016,991,992,991,0,0,0,0,0,0,0,0,0,0,0,0,2
153287117,153287117,8,39,0,0,27002,1488,1497,1416,1510,2016,992,991,992,0,0,0,0,0,0,0,0,0,0,0,0,2
153479940,153479940,8,39,0,0,27007,1489,1497,1416,1512,2015,992,992,991,0,0,0,0,0,0,0,0,0,0,0,0,2
153679939,153679939,8,39,0,0,27005,1488,1498,1415,1511,2016,992,991,992,0,0,0,0,0,0,0,0,0,0,0,0,2
153880952,153880952,8,39,0,0,27002,1489,1497,1416,1510,2016,992,992,991,0,0,0,0,0,0,0,0,0,0,0,0,2
154104734,154104734,8,39,0,0,27000,1488,1498,1415,1510,2016,992,991,992,0,0,0,0,0,0,0,0,0,0,0,0,2
154289532,154289532,8,39,0,0,27003,1489,1497,1416,1511,2015,992,992,991,0,0,0,0,0,0,0,0,0,0,0,0,2
154509546,154509546,8,39,0,0,27002,1488,1497,1416,1511,2016,991,992,991,0,0,0,0,0,0,0,0,0,0,0,0,2
154697522,154697522,8,39,0,0,27002,1489,1497,1416,1510,2016,991,992,991,0,0,0,0,0,0,0,0,0,0,0,0,2
154914332,154914332,8,39,0,0,27002,1488,1497,1416,1511,2016,991,992,991,0,0,0,0,0,0,0,0,0,0,0,0,2
155118322,155118322,8,39,0,0,27002,1489,1497,1416,1511,2016,992,991,992,0,0,0,0,0,0,0,0,0,0,0,0,2
155315147,155315147,8,39,0,0,27006,1488,1497,1416,1511,2016,992,992,991,0,0,0,0,0,0,0,0,0,0,0,0,2
155511117,155511117,8,39,0,0,27003,1488,1498,1415,1510,2016,992,992,991,0,0,0,0,0,0,0,0,0,0,0,0,2
155720155,155720155,8,39,0,0,27004,1488,1498,1415,1512,2016,991,992,991,0,0,0,0,0,0,0,0,0,0,0,0,2
155923929,155923929,8,39,0,0,26999,1489,1497,1416,1510,2016,992,992,991,0,0,0,0,0,0,0,0,0,0,0,0,2
156124736,156124736,8,39,0,0,27004,1489,1497,1416,1510,2016,991,992,991,0,0,0,0,0,0,0,0,0,0,0,0,2
156340740,156340740,8,39,0,0,27003,1489,1497,1416,1511,2016,992,992,991,0,0,0,0,0,0,0,0,0,0,0,0,2
156542358,156542358,8,39,0,0,27002,1488,1498,1415,1510,2016,992,992,991,0,0,0,0,0,0,0,0,0,0,0,0,2
156738321,156738321,8,39,0,0,27003,1489,1497,1416,1511,2016,992,992,991,0,0,0,0,0,0,0,0,0,0,0,0,2
156935147,156935147,8,39,0,0,27006,1489,1497,1416,1511,2015,992,992,991,0,0,0,0,0,0,0,0,0,0,0,0,2
157135119,157135119,8,39,0,0,27006,1488,1498,1415,1510,2016,992,992,991,0,0,0,0,0,0,0,0,0,0,0,0,2
157331933,157331933,8,39,0,0,27004,1489,1497,1416,1510,2016,991,992,991,0,0,0,0,0,0,0,0,0,0,0,0,2
157551848,157551848,8,39,0,0,27002,1489,1497,1416,1511,2016,991,992,991,0,0,0,0,0,0,0,0,0,0,0,0,2
157744741,157744741,8,39,0,0,27003,1489,1497,1416,1511,2016,992,991,992,0,0,0,0,0,0,0,0,0,0,0,0,2
157952929,157952929,8,39,0,0,27002,1488,1498,1415,1511,2016,992,992,991,0,0,0,0,0,0,0,0,0,0,0,0,2
158153533,158153533,8,39,0,0,27003,1488,1497,1416,1511,2016,991,992,991,0,0,0,0,0,0,0,0,0,0,0,0,2
158349740,158349740,8,39,0,0,27002,1489,1497,1416,1511,2016,992,992,991,0,0,0,0,0,0,0,0,0,0,0,0,2
158558335,158558335,8,39,0,0,27001,1488,1498,1415,1510,2016,992,992,991,0,0,0,0,0,0,0,0,0,0,0,0,2
158758341,158758341,8,39,0,0,26999,1488,1498,1415,1512,2015,992,992,991,0,0,0,0,0,0,0,0,0,0,0,0,2
158962551,158962551,8,39,0,0,27002,1488,1497,1416,1511,2016,992,992,991,0,0,0,0,0,0,0,0,0,0,0,0,2
159151141,159151141,8,39,0,0,27000,1488,1498,1415,1511,2016,992,992,991,0,0,0,0,0,0,0,0,0,0,0,0,2
159367118,159367118,8,39,0,0,27003,1488,1498,1415,1511,2016,991,992,991,0,0,0,0,0,0,0,0,0,0,0,0,2
159563950,159563950,8,39,0,0,27002,1489,1497,1416,1511,2015,992,992,991,0,0,0,0,0,0,0,0,0,0,0,0,2
159767943,159767943,8,39,0,0,27003,1489,1497,1416,1512,2015,992,992,991,0,0,0,0,0,0,0,0,0,0,0,0,2
159961535,159961535,8,39,0,0,27002,1488,1498,1415,1512,2016,991,992,991,0,0,0,0,0,0,0,0,0,0,0,0,2
160169517,160169517,8,39,0,0,27000,1489,1497,1416,1511,2015,992,992,991,0,0,0,0,0,0,0,0,0,0,0,0,2
160382349,160382349,8,39,0,0,27006,1488,1498,1415,1511,2016,992,992,991,0,0,0,0,0,0,0,0,0,0,0,0,2
160578323,160578323,8,39,0,0,27000,1489,1497,1416,1511,2016,991,992,991,0,0,0,0,0,0,0,0,0,0,0,0,2
160779945,160779945,8,39,0,0,27002,1488,1497,1416,1511,2016,991,992,991,0,0,0,0,0,0,0,0,0,0,0,0,2
160984733,160984733,8,39,0,0,27002,1489,1497,1416,1511,2015,992,992,991,0,0,0,0,0,0,0,0,0,0,0,0,2
161200743,161200743,8,39,0,0,27002,1488,1497,1416,1511,2016,991,992,991,0,0,0,0,0,0,0,0,0,0,0,0,2
161380718,161380718,8,39,0,0,27002,1488,1497,1416,1510,2016,992,991,992,0,0,0,0,0,0,0,0,0,0,0,0,2
161585525,161585525,8,39,0,0,27002,1489,1497,1416,1511,2016,992,991,992,0,0,0,0,0,0,0,0,0,0,0,0,2
161789543,161789543,8,39,0,0,27003,1489,1497,1416,1511,2015,992,992,991,0,0,0,0,0,0,0,0,0,0,0,0,2
161990549,161990549,8,39,0,0,27001,1488,1498,1415,1510,2016,992,991,992,0,0,0,0,0,0,0,0,0,0,0,0,2
162210321,162210321,8,39,0,0,27006,1488,1498,1415,1510,2016,992,992,991,0,0,0,0,0,0,0,0,0,0,0,0,2
162407129,162407129,8,39,0,0,27001,1488,1498,1415,1511,2016,991,992,991,0,0,0,0,0,0,0,0,0,0,0,0,2
162599116,162599116,8,39,0,0,27003,1489,1497,1416,1511,2015,992,992,991,0,0,0,0,0,0,0,0,0,0,0,0,2
162820153,162820153,8,39,0,0,27003,1488,1498,1415,1511,2016,992,992,991,0,0,0,0,0,0,0,0,0,0,0,0,2
163019933,163019933,8,39,0,0,27002,1488,1497,1416,1510,2016,991,992,992,0,0,0,0,0,0,0,0,0,0,0,0,2
163224733,163224733,8,39,0,0,27001,1489,1497,1416,1510,2016,991,992,991,0,0,0,0,0,0,0,0,0,0,0,0,2
163424747,163424747,8,39,0,0,27008,1488,1497,1416,1511,2016,992,992,991,0,0,0,0,0,0,0,0,0,0,0,0,2
163617527,163617527,8,39,0,0,27007,1488,1498,1415,1511,2016,991,992,991,0,0,0,0,0,0,0,0,0,0,0,0,2
163817528,163817528,8,39,0,0,27001,1489,1498,1415,1510,2016,992,992,991,0,0,0,0,0,0,0,0,0,0,0,0,2
164034330,164034330,8,39,0,0,27003,1488,1498,1415,1511,2016,992,992,991,0,0,0,0,0,0,0,0,0,0,0,0,2
164230327,164230327,8,39,0,0,27004,1488,1497,1416,1510,2016,991,992,992,0,0,0,0,0,0,0,0,0,0,0,0,2
164430318,164430318,8,39,0,0,27003,1489,1497,1416,1511,2016,992,992,991,0,0,0,0,0,0,0,0,0,0,0,0,2
164631132,164631132,8,39,0,0,27004,1488,1497,1416,1510,2016,992,991,991,0,0,0,0,0,0,0,0,0,0,0,0,2
164831117,164831117,8,39,0,0,26999,1489,1497,1416,1511,2016,991,992,992,0,0,0,0,0,0,0,0,0,0,0,0,2
165047929,165047929,8,39,0,0,27002,1488,1498,1415,1512,2016,991,992,991,0,0,0,0,0,0,0,0,0,0,0,0,2
165236156,165236156,8,39,0,0,27005,1489,1497,1416,1511,2016,991,992,991,0,0,0,0,0,0,0,0,0,0,0,0,2
165433536,165433536,8,39,0,0,27002,1489,1497,1416,1510,2016,991,992,991,0,0,0,0,0,0,0,0,0,0,0,0,2
165633518,165633518,8,39,0,0,27003,1488,1498,1415,1511,2016,992,991,992,0,0,0,0,0,0,0,0,0,0,0,0,2
165854325,165854325,8,39,0,0,27002,1488,1497,1416,1510,2016,992,991,992,0,0,0,0,0,0,0,0,0,0,0,0,2
166050321,166050321,8,39,0,0,27003,1489,1497,1416,1510,2016,992,992,991,0,0,0,0,0,0,0,0,0,0,0,0,2
166259134,166259134,8,39,0,0,27003,1488,1497,1416,1510,2016,992,991,992,0,0,0,0,0,0,0,0,0,0,0,0,2
166443118,166443118,8,39,0,0,27001,1489,1497,1417,1511,2016,992,991,992,0,0,0,0,0,0,0,0,0,0,0,0,2
166664766,166664766,8,39,0,0,27002,1488,1497,1416,1512,2015,992,992,991,0,0,0,0,0,0,0,0,0,0,0,0,2
166864729,166864729,8,39,0,0,27000,1489,1497,1416,1511,2015,992,992,991,0,0,0,0,0,0,0,0,0,0,0,0,2
167057528,167057528,8,39,0,0,27000,1488,1497,1416,1510,2016,992,991,992,0,0,0,0,0,0,0,0,0,0,0,0,2
167253540,167253540,8,39,0,0,27000,1489,1497,1416,1510,2016,992,991,992,0,0,0,0,0,0,0,0,0,0,0,0,2
167478333,167478333,8,39,0,0,27001,1488,1498,1415,1511,2016,991,992,991,0,0,0,0,0,0,0,0,0,0,0,0,2
167678323,167678323,8,39,0,0,27002,1489,1497,1416,1511,2016,992,991,992,0,0,0,0,0,0,0,0,0,0,0,0,2
167879129,167879129,8,39,0,0,27003,1488,1498,1415,1511,2016,991,992,991,0,0,0,0,0,0,0,0,0,0,0,0,2
168079349,168079349,8,39,0,0,27002,1489,1497,1416,1511,2016,992,992,991,0,0,0,0,0,0,0,0,0,0,0,0,2
168279938,168279938,8,39,0,0,27003,1489,1497,1415,1512,2016,991,992,991,0,0,0,0,0,0,0,0,0,0,0,0,2
168471965,168471965,8,39,0,0,27002,1489,1497,1416,1511,2016,992,992,991,0,0,0,0,0,0,0,0,0,0,0,0,2
168693555,168693555,8,39,0,0,27006,1488,1498,1415,1512,2016,991,992,991,0,0,0,0,0,0,0,0,0,0,0,0,2
168893519,168893519,8,39,0,0,27003,1488,1498,1415,1511,2016,992,992,991,0,0,0,0,0,0,0,0,0,0,0,0,2
169090340,169090340,8,39,0,0,27002,1489,1497,1416,1510,2016,992,992,991,0,0,0,0,0,0,0,0,0,0,0,0,2
169294316,169294316,8,39,0,0,27004,1489,1497,1416,1510,2016,992,992,991,0,0,0,0,0,0,0,0,0,0,0,0,2
169495139,169495139,8,39,0,0,27003,1489,1497,1416,1510,2016,992,992,991,0,0,0,0,0,0,0,0,0,0,0,0,2
169699328,169699328,8,39,0,0,27002,1488,1498,1415,1510,2016,992,992,991,0,0,0,0,0,0,0,0,0,0,0,0,2
169887941,169887941,8,39,0,0,27002,1488,1498,1415,1511,2016,992,991,991,0,0,0,0,0,0,0,0,0,0,0,0,2
170091942,170091942,8,39,0,0,27002,1488,1498,1415,1511,2016,992,991,992,0,0,0,0,0,0,0,0,0,0,0,0,2
170296736,170296736,8,39,0,0,27002,1488,1498,1415,1511,2016,992,991,992,0,0,0,0,0,0,0,0,0,0,0,0,2
170516737,170516737,8,39,0,0,27000,1488,1498,1415,1510,2016,992,991,992,0,0,0,0,0,0,0,0,0,0,0,0,2
170713532,170713532,8,39,0,0,26999,1488,1498,1415,1511,2016,992,991,992,0,0,0,0,0,0,0,0,0,0,0,0,2
170917532,170917532,8,39,0,0,27002,1488,1497,1416,1511,2016,991,992,991,0,0,0,0,0,0,0,0,0,0,0,0,2
171109521,171109521,8,39,0,0,27002,1488,1498,1415,1511,2015,992,992,991,0,0,0,0,0,0,0,0,0,0,0,0,2
171310329,171310329,8,39,0,0,27001,1488,1498,1415,1511,2015,992,992,991,0,0,0,0,0,0,0,0,0,0,0,0,2
171514318,171514318,8,39,0,0,27002,1489,1497,1416,1511,2016,992,991,992,0,0,0,0,0,0,0,0,0,0,0,0,2
171711130,171711130,8,39,0,0,27007,1488,1497,1416,1511,2016,992,992,991,0,0,0,0,0,0,0,0,0,0,0,0,2
171915133,171915133,8,39,0,0,27001,1489,1497,1416,1511,2016,991,992,991,0,0,0,0,0,0,0,0,0,0,0,0,2
172116158,172116158,8,39,0,0,27000,1488,1498,1415,1511,2016,991,992,991,0,0,0,0,0,0,0,0,0,0,0,0,2
172332135,172332135,8,39,0,0,27004,1489,1497,1416,1510,2016,991,992,991,0,0,0,0,0,0,0,0,0,0,0,0,2
172529547,172529547,8,39,0,0,27004,1488,1497,1416,1511,2016,992,992,991,0,0,0,0,0,0,0,0,0,0,0,0,2
172729766,172729766,8,39,0,0,27002,1489,1497,1416,1511,2016,992,992,991,0,0,0,0,0,0,0,0,0,0,0,0,2
172938345,172938345,8,39,0,0,27005,1488,1498,1415,1510,2016,992,992,991,0,0,0,0,0,0,0,0,0,0,0,0,2
173142336,173142336,8,39,0,0,27009,1488,1497,1416,1512,2015,992,992,991,0,0,0,0,0,0,0,0,0,0,0,0,2
173335158,173335158,8,39,0,0,27003,1488,1498,1415,1512,2016,991,992,991,0,0,0,0,0,0,0,0,0,0,0,0,2
173539146,173539146,8,39,0,0,27002,1489,1497,1416,1511,2016,992,991,992,0,0,0,0,0,0,0,0,0,0,0,0,2
173743807,173743807,8,39,0,0,27002,1488,1497,1416,1511,2016,991,992,991,0,0,0,0,0,0,0,0,0,0,0,0,2
173947942,173947942,8,39,0,0,27000,1488,1497,1416,1510,2016,991,992,991,0,0,0,0,0,0,0,0,0,0,0,0,2
174164738,174164738,8,39,0,0,27000,1489,1497,1416,1511,2016,991,992,991,0,0,0,0,0,0,0,0,0,0,0,0,2
174368734,174368734,8,39,0,0,27002,1488,1498,1415,1511,2016,992,991,992,0,0,0,0,0,0,0,0,0,0,0,0,2
174565549,174565549,8,39,0,0,27003,1489,1497,1415,1511,2016,991,992,991,0,0,0,0,0,0,0,0,0,0,0,0,2
174761530,174761530,8,39,0,0,27002,1488,1498,1415,1512,2016,991,992,991,0,0,0,0,0,0,0,0,0,0,0,0,2
174961526,174961526,8,39,0,0,27006,1489,1497,1416,1511,2016,991,992,991,0,0,0,0,0,0,0,0,0,0,0,0,2
175174416,175174416,8,39,0,0,27005,1488,1497,1416,1511,2016,992,992,991,0,0,0,0,0,0,0,0,0,0,0,0,2
175366320,175366320,8,39,0,0,27003,1489,1497,1416,1510,2016,991,992,991,0,0,0,0,0,0,0,0,0,0,0,0,2
175563128,175563128,8,39,0,0,27001,1488,1497,1416,1511,2016,991,992,991,0,0,0,0,0,0,0,0,0,0,0,0,2
175787118,175787118,8,39,0,0,27003,1489,1498,1415,1511,2016,991,992,991,0,0,0,0,0,0,0,0,0,0,0,0,2
175976154,175976154,8,39,0,0,27002,1489,1497,1416,1511,2016,992,992,991,0,0,0,0,0,0,0,0,0,0,0,0,2
176171930,176171930,8,39,0,0,27003,1489,1497,1416,1510,2016,991,992,991,0,0,0,0,0,0,0,0,0,0,0,0,2
176388747,176388747,8,39,0,0,27006,1488,1498,1415,1512,2016,991,992,991,0,0,0,0,0,0,0,0,0,0,0,0,2
176588925,176588925,8,39,0,0,27006,1489,1498,1415,1512,2016,991,992,991,0,0,0,0,0,0,0,0,0,0,0,0,2
176789532,176789532,8,39,0,0,27005,1488,1498,1415,1511,2016,992,991,991,0,0,0,0,0,0,0,0,0,0,0,0,2
176985745,176985745,8,39,0,0,27003,1488,1498,1415,1510,2016,992,992,991,0,0,0,0,0,0,0,0,0,0,0,0,2
177185534,177185534,8,39,0,0,27000,1489,1497,1416,1510,2016,991,992,991,0,0,0,0,0,0,0,0,0,0,0,0,2
177390331,177390331,8,39,0,0,27003,1489,1497,1416,1510,2016,992,992,991,0,0,0,0,0,0,0,0,0,0,0,0,2
177606318,177606318,8,39,0,0,27002,1488,1497,1416,1512,2015,992,992,991,0,0,0,0,0,0,0,0,0,0,0,0,2
177807151,177807151,8,39,0,0,27003,1488,1498,1415,1511,2015,992,992,991,0,0,0,0,0,0,0,0,0,0,0,0,2
178007118,178007118,8,39,0,0,27007,1489,1497,1416,1511,2016,992,991,992,0,0,0,0,0,0,0,0,0,0,0,0,2
178203947,178203947,8,39,0,0,27007,1488,1497,1417,1510,2016,991,992,991,0,0,0,0,0,0,0,0,0,0,0,0,2
178407917,178407917,8,39,0,0,27008,1489,1497,1416,1511,2016,992,992,991,0,0,0,0,0,0,0,0,0,0,0,0,2
178612733,178612733,8,39,0,0,27003,1488,1498,1415,1511,2016,991,992,991,0,0,0,0,0,0,0,0,0,0,0,0,2
178812766,178812766,8,39,0,0,27002,1489,1497,1416,1510,2016,991,992,991,0,0,0,0,0,0,0,0,0,0,0,0,2
179013533,179013533,8,39,0,0,27007,1488,1497,1416,1511,2016,991,992,991,0,0,0,0,0,0,0,0,0,0,0,0,2
179233545,179233545,8,39,0,0,27002,1488,1498,1415,1511,2016,991,992,991,0,0,0,0,0,0,0,0,0,0,0,0,2
179430327,179430327,8,39,0,0,27003,1488,1498,1415,1511,2016,991,992,991,0,0,0,0,0,0,0,0,0,0,0,0,2
179634343,179634343,8,39,0,0,27002,1488,1498,1415,1511,2015,992,992,991,0,0,0,0,0,0,0,0,0,0,0,0,2
179826319,179826319,8,39,0,0,27005,1488,1497,1416,1510,2016,992,991,992,0,0,0,0,0,0,0,0,0,0,0,0,2
180023929,180023929,8,39,0,0,27002,1489,1497,1416,1510,2016,991,992,991,0,0,0,0,0,0,0,0,0,0,0,0,2
180229534,180229534,8,39,0,0,27000,1488,1497,1416,1510,2016,992,991,992,0,0,0,0,0,0,0,0,0,0,0,0,2
180429519,180429519,8,39,0,0,27001,1489,1497,1416,1510,2016,992,992,991,0,0,0,0,0,0,0,0,0,0,0,0,2
180634334,180634334,8,39,0,0,27001,1489,1497,1416,1510,2016,992,992,991,0,0,0,0,0,0,0,0,0,0,0,0,2
180830335,180830335,8,39,0,0,27002,1489,1497,1416,1510,2016,991,992,991,0,0,0,0,0,0,0,0,0,0,0,0,2
181047138,181047138,8,39,0,0,27002,1488,1497,1416,1511,2016,991,992,991,0,0,0,0,0,0,0,0,0,0,0,0,2
181243137,181243137,8,39,0,0,27001,1488,1498,1415,1510,2016,992,992,991,0,0,0,0,0,0,0,0,0,0,0,0,2
181444742,181444742,8,39,0,0,27003,1489,1497,1416,1511,2016,991,992,991,0,0,0,0,0,0,0,0,0,0,0,0,2
181648717,181648717,8,39,0,0,27005,1488,1498,1415,1511,2016,992,992,991,0,0,0,0,0,0,0,0,0,0,0,0,2
181849750,181849750,8,39,0,0,27002,1489,1497,1416,1511,2016,992,992,991,0,0,0,0,0,0,0,0,0,0,0,0,2
182045517,182045517,8,39,0,0,27001,1488,1497,1416,1510,2016,992,991,992,0,0,0,0,0,0,0,0,0,0,0,0,2
182266329,182266329,8,39,0,0,27004,1489,1498,1415,1510,2016,992,992,991,0,0,0,0,0,0,0,0,0,0,0,0,2
182466328,182466328,8,39,0,0,27002,1488,1498,1415,1511,2015,992,992,991,0,0,0,0,0,0,0,0,0,0,0,0,2
182667135,182667135,8,39,0,0,27001,1489,1497,1416,1510,2016,992,991,992,0,0,0,0,0,0,0,0,0,0,0,0,2
182871135,182871135,8,39,0,0,27001,1488,1498,1415,1512,2016,991,992,991,0,0,0,0,0,0,0,0,0,0,0,0,2
183055943,183055943,8,39,0,0,26999,1489,1497,1416,1510,2016,991,992,991,0,0,0,0,0,0,0,0,0,0,0,0,2
183275936,183275936,8,39,0,0,27005,1488,1497,1416,1510,2016,992,991,992,0,0,0,0,0,0,0,0,0,0,0,0,2
183472985,183472985,8,39,0,0,27000,1489,1497,1415,1511,2016,992,992,991,0,0,0,0,0,0,0,0,0,0,0,0,2
183672756,183672756,8,39,0,0,27002,1488,1497,1416,1511,2016,992,992,991,0,0,0,0,0,0,0,0,0,0,0,0,2
183872730,183872730,8,39,0,0,27003,1488,1498,1415,1511,2016,991,992,991,0,0,0,0,0,0,0,0,0,0,0,0,2
184074336,184074336,8,39,0,0,27005,1488,1498,1415,1511,2016,991,992,991,0,0,0,0,0,0,0,0,0,0,0,0,2
184279134,184279134,8,39,0,0,27001,1489,1497,1416,1511,2016,992,991,992,0,0,0,0,0,0,0,0,0,0,0,0,2
184495157,184495157,8,39,0,0,27001,1488,1497,1416,1512,2015,992,992,991,0,0,0,0,0,0,0,0,0,0,0,0,2
184691933,184691933,8,39,0,0,27009,1488,1498,1415,1512,2016,991,992,991,0,0,0,0,0,0,0,0,0,0,0,0,2
184891929,184891929,8,39,0,0,27005,1489,1497,1416,1510,2016,992,991,992,0,0,0,0,0,0,0,0,0,0,0,0,2
185087917,185087917,8,39,0,0,27001,1488,1498,1415,1510,2016,992,992,991,0,0,0,0,0,0,0,0,0,0,0,0,2
185288737,185288737,8,39,0,0,27002,1489,1497,1416,1510,2016,991,992,991,0,0,0,0,0,0,0,0,0,0,0,0,2
185488948,185488948,8,39,0,0,27003,1488,1498,1415,1510,2016,992,992,991,0,0,0,0,0,0,0,0,0,0,0,0,2
185705751,185705751,8,39,0,0,27003,1488,1498,1415,1511,2016,992,992,991,0,0,0,0,0,0,0,0,0,0,0,0,2
185897530,185897530,8,39,0,0,27006,1488,1497,1416,1510,2016,992,991,992,0,0,0,0,0,0,0,0,0,0,0,0,2
186094328,186094328,8,39,0,0,27005,1489,1497,1416,1511,2016,992,991,992,0,0,0,0,0,0,0,0,0,0,0,0,2
186306343,186306343,8,39,0,0,27000,1488,1497,1416,1510,2016,992,992,991,0,0,0,0,0,0,0,0,0,0,0,0,2
186503131,186503131,8,39,0,0,27003,1488,1498,1415,1511,2016,992,991,992,0,0,0,0,0,0,0,0,0,0,0,0,2
186703137,186703137,8,39,0,0,27001,1489,1497,1416,1510,2016,992,991,992,0,0,0,0,0,0,0,0,0,0,0,0,2
186899952,186899952,8,39,0,0,27003,1488,1498,1415,1511,2016,991,992,991,0,0,0,0,0,0,0,0,0,0,0,0,2
187119842,187119842,8,39,0,0,27005,1489,1498,1415,1511,2016,991,992,991,0,0,0,0,0,0,0,0,0,0,0,0,2
187311917,187311917,8,39,0,0,27002,1488,1498,1415,1511,2016,991,992,991,0,0,0,0,0,0,0,0,0,0,0,0,2
187508952,187508952,8,39,0,0,27002,1489,1497,1416,1511,2016,992,992,991,0,0,0,0,0,0,0,0,0,0,0,0,2
187712717,187712717,8,39,0,0,27006,1488,1498,1415,1511,2016,992,991,992,0,0,0,0,0,0,0,0,0,0,0,0,2
187925533,187925533,8,39,0,0,27001,1489,1497,1416,1511,2015,992,992,991,0,0,0,0,0,0,0,0,0,0,0,0,2
188125519,188125519,8,39,0,0,26999,1488,1498,1415,1512,2015,992,992,991,0,0,0,0,0,0,0,0,0,0,0,0,2
188322339,188322339,8,39,0,0,26999,1489,1497,1416,1511,2016,991,992,991,0,0,0,0,0,0,0,0,0,0,0,0,2
188518526,188518526,8,39,0,0,27002,1488,1498,1415,1510,2016,992,992,991,0,0,0,0,0,0,0,0,0,0,0,0,2
188739134,188739134,8,39,0,0,27001,1488,1497,1416,1511,2016,991,992,991,0,0,0,0,0,0,0,0,0,0,0,0,2
188939138,188939138,8,39,0,0,27003,1488,1498,1415,1511,2016,992,991,992,0,0,0,0,0,0,0,0,0,0,0,0,2
189147790,189147790,8,39,0,0,27004,1489,1497,1416,1511,2016,991,992,991,0,0,0,0,0,0,0,0,0,0,0,0,2
189343929,189343929,8,39,0,0,27002,1488,1498,1415,1510,2016,992,992,991,0,0,0,0,0,0,0,0,0,0,0,0,2
189540737,189540737,8,39,0,0,27001,1488,1498,1415,1511,2016,991,992,991,0,0,0,0,0,0,0,0,0,0,0,0,2
189756743,189756743,8,39,0,0,27002,1488,1498,1415,1512,2016,991,992,991,0,0,0,0,0,0,0,0,0,0,0,0,2
189936717,189936717,8,39,0,0,27003,1488,1497,1416,1510,2016,992,991,992,0,0,0,0,0,0,0,0,0,0,0,0,2
190145534,190145534,8,39,0,0,26999,1488,1498,1415,1511,2016,991,992,991,0,0,0,0,0,0,0,0,0,0,0,0,2
190361517,190361517,8,39,0,0,27002,1488,1498,1415,1511,2015,992,992,991,0,0,0,0,0,0,0,0,0,0,0,0,2
190566343,190566343,8,39,0,0,27004,1489,1497,1416,1511,2015,992,992,991,0,0,0,0,0,0,0,0,0,0,0,0,2
190766321,190766321,8,39,0,0,27002,1489,1497,1416,1511,2016,992,991,992,0,0,0,0,0,0,0,0,0,0,0,0,2
190967136,190967136,8,39,0,0,27004,1489,1497,1416,1510,2016,991,992,991,0,0,0,0,0,0,0,0,0,0,0,0,2
191163135,191163135,8,39,0,0,27005,1488,1498,1415,1511,2016,991,992,991,0,0,0,0,0,0,0,0,0,0,0,0,2
191375928,191375928,8,39,0,0,27008,1489,1497,1416,1510,2016,991,992,991,0,0,0,0,0,0,0,0,0,0,0,0,2
191571933,191571933,8,39,0,0,27002,1488,1498,1415,1510,2016,992,992,991,0,0,0,0,0,0,0,0,0,0,0,0,2
191768737,191768737,8,39,0,0,27004,1488,1498,1415,1511,2016,991,2016,991,0,0,0,0,0,0,0,0,0,0,0,0,2
191988740,191988740,8,39,0,0,27001,1488,1498,1415,1512,2016,991,2016,991,0,0,0,0,0,0,0,0,0,0,0,0,2
192185531,192185531,8,39,0,0,27000,1488,1498,1415,1512,2016,991,2016,991,0,0,0,0,0,0,0,0,0,0,0,0,2
192393542,192393542,8,39,0,0,27002,1488,1498,1415,1512,2016,991,2016,992,0,0,0,0,0,0,0,0,0,0,0,0,2
192581517,192581517,8,39,0,0,26994,1488,1498,1415,1512,2016,991,2016,991,0,0,0,0,0,0,0,0,0,0,0,0,2
192799131,192799131,8,39,0,0,27002,1488,1498,1415,1512,2016,991,2016,991,0,0,0,0,0,0,0,0,0,0,0,0,2
192995930,192995930,8,39,0,0,27003,1488,1498,1415,1512,2016,991,2016,991,0,0,0,0,0,0,0,0,0,0,0,0,2
193195931,193195931,8,39,0,0,27002,1488,1497,1416,1512,2015,992,2016,991,0,0,0,0,0,0,0,0,0,0,0,0,2
193392745,193392745,8,39,0,0,26999,1488,1498,1415,1512,2016,991,2016,991,0,0,0,0,0,0,0,0,0,0,0,0,2
193612740,193612740,8,39,0,0,27004,1488,1497,1416,1511,2016,992,2016,991,0,0,0,0,0,0,0,0,0,0,0,0,2
193817752,193817752,8,39,0,0,27001,1489,1497,1416,1511,2016,992,2016,991,0,0,0,0,0,0,0,0,0,0,0,0,2
194009395,194009395,8,39,0,0,27003,1488,1497,1416,1511,2016,992,2016,991,0,0,0,0,0,0,0,0,0,0,0,0,2
194221517,194221517,8,39,0,0,27001,1488,1498,1415,1512,2016,991,2016,991,0,0,0,0,0,0,0,0,0,0,0,0,2
194410330,194410330,8,39,0,0,27004,1489,1498,1415,1512,2015,992,2016,991,0,0,0,0,0,0,0,0,0,0,0,0,2
194606316,194606316,8,39,0,0,27005,1488,1498,1415,1512,2016,991,2016,992,0,0,0,0,0,0,0,0,0,0,0,0,2
194831128,194831128,8,39,0,0,27006,1489,1497,1416,1511,2016,992,2016,991,0,0,0,0,0,0,0,0,0,0,0,0,2
195023146,195023146,8,39,0,0,27007,1488,1498,1415,1512,2016,991,2016,991,0,0,0,0,0,0,0,0,0,0,0,0,2
195236741,195236741,8,39,0,0,27007,1489,1497,1416,1511,2016,992,2016,991,0,0,0,0,0,0,0,0,0,0,0,0,2
195436952,195436952,8,39,0,0,27004,1488,1498,1415,1512,2016,991,2016,991,0,0,0,0,0,0,0,0,0,0,0,0,2
195637538,195637538,8,39,0,0,26997,1489,1497,1416,1512,2015,992,2016,991,0,0,0,0,0,0,0,0,0,0,0,0,2
195825519,195825519,8,39,0,0,27002,1488,1498,1415,1512,2016,991,2016,991,0,0,0,0,0,0,0,0,0,0,0,0,2
196046338,196046338,8,39,0,0,27011,1489,1497,1416,1511,2016,992,2015,992,0,0,0,0,0,0,0,0,0,0,0,0,2
196246323,196246323,8,39,0,0,27002,1488,1497,1416,1511,2016,992,2016,991,0,0,0,0,0,0,0,0,0,0,0,0,2
196444155,196444155,8,39,0,0,27006,1489,1497,1416,1511,2016,992,2016,991,0,0,0,0,0,0,0,0,0,0,0,0,2
196643918,196643918,8,39,0,0,27002,1488,1497,1416,1511,2016,992,2016,991,0,0,0,0,0,0,0,0,0,0,0,0,2
196844765,196844765,8,39,0,0,27003,1489,1497,1416,1511,2016,992,2016,991,0,0,0,0,0,0,0,0,0,0,0,0,2
197044742,197044742,8,39,0,0,27003,1488,1497,1416,1511,2016,992,2016,991,0,0,0,0,0,0,0,0,0,0,0,0,2
197245530,197245530,8,39,0,0,27006,1488,1498,1415,1512,2016,991,2016,991,0,0,0,0,0,0,0,0,0,0,0,0,2
197461520,197461520,8,39,0,0,27008,1488,1497,1416,1511,2016,992,2016,991,0,0,0,0,0,0,0,0,0,0,0,0,2
197658334,197658334,8,39,0,0,27002,1489,1497,1416,1511,2016,992,2016,991,0,0,0,0,0,0,0,0,0,0,0,0,2
197854337,197854337,8,39,0,0,27004,1489,1497,1416,1512,2015,992,2016,991,0,0,0,0,0,0,0,0,0,0,0,0,2
198071156,198071156,8,39,0,0,27006,1489,1497,1416,1511,2016,992,2016,991,0,0,0,0,0,0,0,0,0,0,0,0,2
198267136,198267136,8,39,0,0,27003,1489,1497,1416,1511,2016,992,2015,992,0,0,0,0,0,0,0,0,0,0,0,0,2
198479954,198479954,8,39,0,0,27001,1488,1498,1415,1512,2016,991,2016,991,0,0,0,0,0,0,0,0,0,0,0,0,2
198680149,198680149,8,39,0,0,27003,1488,1498,1415,1512,2016,991,2016,991,0,0,0,0,0,0,0,0,0,0,0,0,2
198880741,198880741,8,39,0,0,27003,1488,1498,1415,1512,2016,991,2016,991,0,0,0,0,0,0,0,0,0,0,0,0,2
199080754,199080754,8,39,0,0,27000,1489,1498,1415,1512,2016,991,2016,991,0,0,0,0,0,0,0,0,0,0,0,0,2
199272719,199272719,8,39,0,0,27002,1488,1498,1415,1512,2016,991,2016,991,0,0,0,0,0,0,0,0,0,0,0,0,2
199473760,199473760,8,39,0,0,27000,1489,1497,1416,1511,2016,992,2016,991,0,0,0,0,0,0,0,0,0,0,0,0,2
199681525,199681525,8,39,0,0,27000,1488,1498,1415,1512,2016,991,2016,991,0,0,0,0,0,0,0,0,0,0,0,0,2
199898338,199898338,8,39,0,0,27002,1488,1498,1415,1512,2016,991,2016,992,0,0,0,0,0,0,0,0,0,0,0,0,2
200098320,200098320,8,39,0,0,27002,1488,1497,1416,1512,2015,992,2016,991,0,0,0,0,0,0,0,0,0,0,0,0,2
200299128,200299128,8,39,0,0,27003,1489,1497,1416,1511,2016,992,2016,991,0,0,0,0,0,0,0,0,0,0,0,0,2
200495146,200495146,8,39,0,0,27002,1488,1497,1416,1512,2015,992,2016,991,0,0,0,0,0,0,0,0,0,0,0,0,2
200695937,200695937,8,39,0,0,27008,1488,1498,1415,1512,2016,991,2016,991,0,0,0,0,0,0,0,0,0,0,0,0,2
200891934,200891934,8,39,0,0,27006,1488,1497,1416,1511,2016,992,2016,991,0,0,0,0,0,0,0,0,0,0,0,0,2
201116736,201116736,8,39,0,0,27001,1489,1497,1416,1511,2016,992,2016,991,0,0,0,0,0,0,0,0,0,0,0,0,2
201312926,201312926,8,39,0,0,27003,1488,1498,1415,1512,2016,991,2016,991,0,0,0,0,0,0,0,0,0,0,0,0,2
201516716,201516716,8,39,0,0,27009,1488,1498,1415,1512,2016,991,2016,991,0,0,0,0,0,0,0,0,0,0,0,0,2
201717530,201717530,8,39,0,0,27001,1489,1498,1415,1512,2016,991,2016,991,0,0,0,0,0,0,0,0,0,0,0,0,2
201917516,201917516,8,39,0,0,27002,1488,1498,1415,1512,2015,992,2016,991,0,0,0,0,0,0,0,0,0,0,0,0,2
202106563,202106563,8,39,0,0,27005,1489,1497,1416,1511,2016,992,2016,991,0,0,0,0,0,0,0,0,0,0,0,0,2
202330318,202330318,8,39,0,0,27002,1489,1497,1416,1511,2016,992,2016,991,0,0,0,0,0,0,0,0,0,0,0,0,2
202527948,202527948,8,39,0,0,27002,1489,1497,1416,1511,2016,992,2016,991,0,0,0,0,0,0,0,0,0,0,0,0,2
202727923,202727923,8,39,0,0,27002,1488,1498,1415,1512,2016,991,2016,991,0,0,0,0,0,0,0,0,0,0,0,0,2
202913549,202913549,8,39,0,0,27003,1489,1497,1416,1511,2016,992,2015,992,0,0,0,0,0,0,0,0,0,0,0,0,2
203130334,203130334,8,39,0,0,27002,1488,1498,1415,1512,2016,991,2016,991,0,0,0,0,0,0,0,0,0,0,0,0,2
203326527,203326527,8,39,0,0,27001,1489,1497,1416,1511,2016,992,2016,991,0,0,0,0,0,0,0,0,0,0,0,0,2
203527144,203527144,8,39,0,0,27002,1488,1498,1415,1512,2016,991,2016,991,0,0,0,0,0,0,0,0,0,0,0,0,2
203743127,203743127,8,39,0,0,27003,1488,1498,1415,1512,2016,992,2015,992,0,0,0,0,0,0,0,0,0,0,0,0,2
203939353,203939353,8,39,0,0,27001,1488,1497,1416,1511,2016,992,2016,991,0,0,0,0,0,0,0,0,0,0,0,0,2
204135933,204135933,8,39,0,0,27004,1489,1497,1416,1511,2016,992,2016,991,0,0,0,0,0,0,0,0,0,0,0,0,2
204327928,204327928,8,39,0,0,27007,1489,1497,1416,1511,2016,992,2016,991,0,0,0,0,0,0,0,0,0,0,0,0,2
204536732,204536732,8,39,0,0,27000,1488,1497,1416,1512,2015,992,2016,991,0,0,0,0,0,0,0,0,0,0,0,0,2
204752717,204752717,8,39,0,0,27003,1488,1497,1416,1511,2016,992,2016,991,0,0,0,0,0,0,0,0,0,0,0,0,2
204953545,204953545,8,39,0,0,26999,1488,1498,1415,1512,2016,991,2016,991,0,0,0,0,0,0,0,0,0,0,0,0,2
205149528,205149528,8,39,0,0,27001,1489,1497,1416,1511,2016,992,2015,992,0,0,0,0,0,0,0,0,0,0,0,0,2
205346553,205346553,8,39,0,0,27003,1488,1498,1415,1512,2016,991,2016,991,0,0,0,0,0,0,0,0,0,0,0,0,2
205562536,205562536,8,39,0,0,27002,1488,1498,1415,1512,2016,991,2016,991,0,0,0,0,0,0,0,0,0,0,0,0,2
205763131,205763131,8,39,0,0,27015,1489,1497,1416,1511,2016,991,2016,992,0,0,0,0,0,0,0,0,0,0,0,0,2
205971146,205971146,8,39,0,0,27002,1488,1498,1415,1512,2016,991,2016,991,0,0,0,0,0,0,0,0,0,0,0,0,2
206151931,206151931,8,39,0,0,27003,1488,1498,1415,1512,2016,991,2016,992,0,0,0,0,0,0,0,0,0,0,0,0,2
206363933,206363933,8,39,0,0,27002,1489,1497,1416,1511,2016,992,2016,991,0,0,0,0,0,0,0,0,0,0,0,0,2
206567946,206567946,8,39,0,0,27002,1488,1498,1415,1512,2016,991,2016,992,0,0,0,0,0,0,0,0,0,0,0,0,2
206784737,206784737,8,39,0,0,27005,1488,1498,1415,1512,2016,991,2016,991,0,0,0,0,0,0,0,0,0,0,0,0,2
206980740,206980740,8,39,0,0,27004,1488,1498,1415,1512,2016,991,2016,991,0,0,0,0,0,0,0,0,0,0,0,0,2
207178365,207178365,8,39,0,0,27002,1489,1497,1416,1511,2016,992,2016,991,0,0,0,0,0,0,0,0,0,0,0,0,2
207375156,207375156,8,39,0,0,27008,1488,1497,1416,1511,2016,992,2016,991,0,0,0,0,0,0,0,0,0,0,0,0,2
207591172,207591172,8,39,0,0,27007,1488,1498,1415,1512,2016,991,2016,991,0,0,0,0,0,0,0,0,0,0,0,0,2
207787117,207787117,8,39,0,0,27001,1488,1498,1415,1512,2016,991,2016,991,0,0,0,0,0,0,0,0,0,0,0,0,2
207979934,207979934,8,39,0,0,26999,1488,1498,1415,1512,2016,991,2016,992,0,0,0,0,0,0,0,0,0,0,0,0,2
208199917,208199917,8,39,0,0,27000,1488,1498,1415,1512,2016,991,2016,991,0,0,0,0,0,0,0,0,0,0,0,0,2
208392738,208392738,8,39,0,0,27002,1488,1498,1415,1512,2015,992,2016,991,0,0,0,0,0,0,0,0,0,0,0,0,2
208588954,208588954,8,39,0,0,26998,1489,1497,1416,1511,2016,992,2016,991,0,0,0,0,0,0,0,0,0,0,0,0,2
208805749,208805749,8,39,0,0,26997,1489,1497,1416,1511,2016,992,2016,991,0,0,0,0,0,0,0,0,0,0,0,0,2
209001539,209001539,8,39,0,0,27002,1488,1497,1416,1512,2015,992,2016,991,0,0,0,0,0,0,0,0,0,0,0,0,2
209218332,209218332,8,39,0,0,27001,1488,1498,1415,1512,2016,991,2016,991,0,0,0,0,0,0,0,0,0,0,0,0,2
209418526,209418526,8,39,0,0,27008,1489,1497,1416,1511,2016,992,2016,991,0,0,0,0,0,0,0,0,0,0,0,0,2
209615130,209615130,8,39,0,0,27000,1488,1498,1415,1512,2016,991,2016,991,0,0,0,0,0,0,0,0,0,0,0,0,2
209807136,209807136,8,39,0,0,27004,1489,1497,1416,1511,2016,992,2015,992,0,0,0,0,0,0,0,0,0,0,0,0,2
210007929,210007929,8,39,0,0,26995,1488,1498,1415,1512,2016,991,2016,991,0,0,0,0,0,0,0,0,0,0,0,0,2
210231964,210231964,8,39,0,0,26996,1489,1497,1416,1511,2016,992,2015,992,0,0,0,0,0,0,0,0,0,0,0,0,2
210411938,210411938,8,39,0,0,27000,1488,1498,1415,1512,2016,991,2016,991,0,0,0,0,0,0,0,0,0,0,0,0,2
210636733,210636733,8,39,0,0,27004,1489,1497,1416,1511,2016,992,2016,991,0,0,0,0,0,0,0,0,0,0,0,0,2
210820718,210820718,8,39,0,0,27002,1488,1497,1415,1512,2016,991,2016,991,0,0,0,0,0,0,0,0,0,0,0,0,2
211029541,211029541,8,39,0,0,27000,1489,1497,1416,1511,2016,992,2016,991,0,0,0,0,0,0,0,0,0,0,0,0,2
211229517,211229517,8,39,0,0,27001,1489,1498,1415,1512,2015,992,2016,991,0,0,0,0,0,0,0,0,0,0,0,0,2
211434335,211434335,8,39,0,0,27000,1488,1498,1415,1511,2016,992,2016,991,0,0,0,0,0,0,0,0,0,0,0,0,2
211654565,211654565,8,39,0,0,27003,1488,1498,1415,1512,2015,992,2016,991,0,0,0,0,0,0,0,0,0,0,0,0,2
211847134,211847134,8,39,0,0,27003,1489,1497,1416,1511,2016,992,2016,991,0,0,0,0,0,0,0,0,0,0,0,0,2
212043136,212043136,8,39,0,0,27003,1488,1497,1416,1512,2015,992,2016,991,0,0,0,0,0,0,0,0,0,0,0,0,2
212244788,212244788,8,39,0,0,27008,1488,1498,1415,1512,2016,991,2016,991,0,0,0,0,0,0,0,0,0,0,0,0,2
212444984,212444984,8,39,0,0,27008,1489,1497,1416,1511,2016,992,2015,992,0,0,0,0,0,0,0,0,0,0,0,0,2
212649535,212649535,8,39,0,0,27006,1488,1498,1415,1512,2016,991,2016,991,0,0,0,0,0,0,0,0,0,0,0,0,2
212857534,212857534,8,39,0,0,27006,1489,1497,1416,1511,2016,992,2016,991,0,0,0,0,0,0,0,0,0,0,0,0,2
213058552,213058552,8,39,0,0,27001,1489,1497,1416,1511,2016,992,2015,992,0,0,0,0,0,0,0,0,0,0,0,0,2
213266329,213266329,8,39,0,0,27003,1489,1497,1416,1511,2016,992,2016,991,0,0,0,0,0,0,0,0,0,0,0,0,2
213467133,213467133,8,39,0,0,27003,1488,1498,1416,1511,2016,991,2016,992,0,0,0,0,0,0,0,0,0,0,0,0,2
213663137,213663137,8,39,0,0,27003,1489,1497,1416,1511,2016,992,2016,991,0,0,0,0,0,0,0,0,0,0,0,0,2
213880740,213880740,8,39,0,0,27001,1489,1497,1416,1511,2016,992,2015,992,0,0,0,0,0,0,0,0,0,0,0,0,2
214076742,214076742,8,39,0,0,27002,1488,1497,1416,1511,2016,992,2016,991,0,0,0,0,0,0,0,0,0,0,0,0,2
214273553,214273553,8,39,0,0,27006,1488,1498,1415,1512,2016,991,2016,992,0,0,0,0,0,0,0,0,0,0,0,0,2
214473534,214473534,8,39,0,0,27007,1489,1497,1416,1511,2016,992,2016,991,0,0,0,0,0,0,0,0,0,0,0,0,2
214678566,214678566,8,39,0,0,27002,1488,1497,1415,1512,2016,991,2016,992,0,0,0,0,0,0,0,0,0,0,0,0,2
214874333,214874333,8,39,0,0,27002,1488,1498,1415,1511,2016,992,2016,991,0,0,0,0,0,0,0,0,0,0,0,0,2
215071171,215071171,8,39,0,0,27003,1488,1497,1416,1512,2015,992,2016,991,0,0,0,0,0,0,0,0,0,0,0,0,2
215287132,215287132,8,39,0,0,27004,1488,1498,1415,1512,2016,991,2016,991,0,0,0,0,0,0,0,0,0,0,0,0,2
215483148,215483148,8,39,0,0,27003,1488,1497,1416,1512,2015,992,2016,991,0,0,0,0,0,0,0,0,0,0,0,0,2
215688737,215688737,8,39,0,0,27002,1489,1497,1416,1512,2015,992,2016,991,0,0,0,0,0,0,0,0,0,0,0,0,2
215885547,215885547,8,39,0,0,27005,1488,1497,1416,1512,2015,992,2016,991,0,0,0,0,0,0,0,0,0,0,0,0,2
216105530,216105530,8,39,0,0,27004,1488,1498,1415,1512,2016,991,2016,991,0,0,0,0,0,0,0,0,0,0,0,0,2
216302328,216302328,8,39,0,0,27004,1488,1497,1416,1511,2016,992,2016,991,0,0,0,0,0,0,0,0,0,0,0,0,2
216498334,216498334,8,39,0,0,27001,1488,1498,1415,1512,2016,991,2016,991,0,0,0,0,0,0,0,0,0,0,0,0,2
216714318,216714318,8,39,0,0,27002,1488,1497,1416,1511,2016,992,2016,991,0,0,0,0,0,0,0,0,0,0,0,0,2
216907135,216907135,8,39,0,0,27002,1489,1497,1416,1511,2016,991,2016,992,0,0,0,0,0,0,0,0,0,0,0,0,2
217107121,217107121,8,39,0,0,27002,1488,1497,1416,1511,2016,992,2016,991,0,0,0,0,0,0,0,0,0,0,0,0,2
217304729,217304729,8,39,0,0,26999,1488,1498,1415,1512,2015,992,2016,991,0,0,0,0,0,0,0,0,0,0,0,0,2
217525754,217525754,8,39,0,0,27008,1488,1497,1416,1511,2016,992,2016,991,0,0,0,0,0,0,0,0,0,0,0,0,2
217705751,217705751,8,39,0,0,27003,1488,1498,1415,1511,2016,992,2016,991,0,0,0,0,0,0,0,0,0,0,0,0,2
217917536,217917536,8,39,0,0,27003,1489,1497,1416,1512,2015,992,2016,991,0,0,0,0,0,0,0,0,0,0,0,0,2
218134333,218134333,8,39,0,0,27002,1488,1498,1415,1512,2016,991,2016,992,0,0,0,0,0,0,0,0,0,0,0,0,2
218334318,218334318,8,39,0,0,27004,1488,1497,1416,1511,2016,992,2016,991,0,0,0,0,0,0,0,0,0,0,0,0,2
218527134,218527134,8,39,0,0,27003,1488,1498,1415,1512,2016,991,2016,991,0,0,0,0,0,0,0,0,0,0,0,0,2
218731117,218731117,8,39,0,0,27004,1489,1497,1416,1511,2016,992,2016,991,0,0,0,0,0,0,0,0,0,0,0,0,2
218924738,218924738,8,39,0,0,27006,1488,1498,1415,1512,2016,991,2016,991,0,0,0,0,0,0,0,0,0,0,0,0,2
219145769,219145769,8,39,0,0,27004,1488,1497,1416,1512,2015,992,2016,991,0,0,0,0,0,0,0,0,0,0,0,0,2
219345536,219345536,8,39,0,0,27006,1488,1498,1415,1512,2016,991,2016,991,0,0,0,0,0,0,0,0,0,0,0,0,2
219545522,219545522,8,39,0,0,27001,1489,1497,1416,1511,2016,992,2016,991,0,0,0,0,0,0,0,0,0,0,0,0,2
219738339,219738339,8,39,0,0,27004,1488,1497,1416,1512,2015,992,2016,991,0,0,0,0,0,0,0,0,0,0,0,0,2
219938553,219938553,8,39,0,0,27004,1488,1498,1415,1512,2016,991,2016,991,0,0,0,0,0,0,0,0,0,0,0,0,2
220159927,220159927,8,39,0,0,27004,1489,1497,1416,1511,2016,991,2016,992,0,0,0,0,0,0,0,0,0,0,0,0,2
220364769,220364769,8,39,0,0,27002,1488,1498,1415,1512,2016,991,2016,992,0,0,0,0,0,0,0,0,0,0,0,0,2
220560743,220560743,8,39,0,0,27006,1489,1497,1416,1512,2015,992,2016,991,0,0,0,0,0,0,0,0,0,0,0,0,2
220756722,220756722,8,39,0,0,27007,1488,1497,1416,1511,2016,992,2016,991,0,0,0,0,0,0,0,0,0,0,0,0,2
220973533,220973533,8,39,0,0,27007,1489,1497,1416,1511,2016,992,2016,991,0,0,0,0,0,0,0,0,0,0,0,0,2
221169517,221169517,8,39,0,0,27007,1488,1498,1415,1512,2016,991,2016,991,0,0,0,0,0,0,0,0,0,0,0,0,2
221362332,221362332,8,39,0,0,27003,1488,1497,1416,1512,2015,992,2016,991,0,0,0,0,0,0,0,0,0,0,0,0,2
221574319,221574319,8,39,0,0,27003,1489,1497,1416,1512,2015,992,2016,991,0,0,0,0,0,0,0,0,0,0,0,0,2
221775355,221775355,8,39,0,0,27003,1488,1497,1416,1511,2016,992,2016,991,0,0,0,0,0,0,0,0,0,0,0,0,2
221979132,221979132,8,39,0,0,27003,1489,1497,1416,1511,2016,992,2016,991,0,0,0,0,0,0,0,0,0,0,0,0,2
222176730,222176730,8,39,0,0,27005,1488,1498,1415,1512,2016,991,2016,991,0,0,0,0,0,0,0,0,0,0,0,0,2
222376742,222376742,8,39,0,0,27008,1489,1497,1416,1511,2016,992,2016,991,0,0,0,0,0,0,0,0,0,0,0,0,2
222585535,222585535,8,39,0,0,27008,1489,1498,1415,1512,2016,991,2016,991,0,0,0,0,0,0,0,0,0,0,0,0,2
222793518,222793518,8,39,0,0,27007,1488,1498,1415,1512,2016,991,2016,991,0,0,0,0,0,0,0,0,0,0,0,0,2
222994329,222994329,8,39,0,0,27002,1489,1497,1416,1511,2016,992,2016,991,0,0,0,0,0,0,0,0,0,0,0,0,2
223206332,223206332,8,39,0,0,27003,1488,1497,1416,1512,2015,992,2016,991,0,0,0,0,0,0,0,0,0,0,0,0,2
223407133,223407133,8,39,0,0,27003,1489,1497,1416,1511,2016,992,2016,991,0,0,0,0,0,0,0,0,0,0,0,0,2
223603139,223603139,8,39,0,0,27003,1488,1498,1415,1512,2016,991,2016,991,0,0,0,0,0,0,0,0,0,0,0,0,2
223800729,223800729,8,39,0,0,27006,1488,1498,1415,1512,2016,991,2016,992,0,0,0,0,0,0,0,0,0,0,0,0,2
223996717,223996717,8,39,0,0,27007,1489,1497,1416,1511,2016,992,2016,991,0,0,0,0,0,0,0,0,0,0,0,0,2
224201531,224201531,8,39,0,0,27007,1488,1498,1415,1512,2016,991,2016,991,0,0,0,0,0,0,0,0,0,0,0,0,2
224401726,224401726,8,39,0,0,27001,1489,1497,1416,1511,2016,992,2016,991,0,0,0,0,0,0,0,0,0,0,0,0,2
224623132,224623132,8,39,0,0,27003,1488,1498,1415,1512,2016,991,2016,991,0,0,0,0,0,0,0,0,0,0,0,0,2
224819142,224819142,8,39,0,0,27002,1489,1497,1416,1511,2016,992,2016,991,0,0,0,0,0,0,0,0,0,0,0,0,2
225023929,225023929,8,39,0,0,27004,1488,1497,1416,1511,2016,992,2016,991,0,0,0,0,0,0,0,0,0,0,0,0,2
225219945,225219945,8,39,0,0,27002,1489,1497,1416,1511,2016,992,2015,992,0,0,0,0,0,0,0,0,0,0,0,0,2
225413536,225413536,8,39,0,0,27006,1488,1498,1415,1512,2016,991,2016,991,0,0,0,0,0,0,0,0,0,0,0,0,2
225617516,225617516,8,39,0,0,27008,1488,1498,1415,1512,2016,991,2016,991,0,0,0,0,0,0,0,0,0,0,0,0,2
225818347,225818347,8,39,0,0,27009,1489,1497,1416,1512,2015,992,2016,991,0,0,0,0,0,0,0,0,0,0,0,0,2
226038320,226038320,8,39,0,0,27007,1488,1498,1415,1512,2016,991,2016,991,0,0,0,0,0,0,0,0,0,0,0,0,2
226235137,226235137,8,39,0,0,27003,1488,1498,1415,1512,2016,991,2016,991,0,0,0,0,0,0,0,0,0,0,0,0,2
226435121,226435121,8,39,0,0,27004,1488,1498,1415,1512,2016,991,2016,991,0,0,0,0,0,0,0,0,0,0,0,0,2
226636153,226636153,8,39,0,0,27003,1489,1497,1416,1511,2016,992,2016,991,0,0,0,0,0,0,0,0,0,0,0,0,2
226839935,226839935,8,39,0,0,27002,1488,1498,1415,1512,2016,991,2016,991,0,0,0,0,0,0,0,0,0,0,0,0,2
227036736,227036736,8,39,0,0,27006,1489,1497,1416,1511,2016,992,2016,991,0,0,0,0,0,0,0,0,0,0,0,0,2
227252744,227252744,8,39,0,0,27006,1488,1497,1416,1511,2016,992,2016,991,0,0,0,0,0,0,0,0,0,0,0,0,2
227453531,227453531,8,39,0,0,27007,1488,1498,1415,1512,2016,991,2016,991,0,0,0,0,0,0,0,0,0,0,0,0,2
227657534,227657534,8,39,0,0,27007,1489,1497,1416,1511,2016,992,2016,991,0,0,0,0,0,0,0,0,0,0,0,0,2
227858337,227858337,8,39,0,0,27004,1488,1498,1415,1512,2016,991,2016,991,0,0,0,0,0,0,0,0,0,0,0,0,2
228074332,228074332,8,39,0,0,27001,1488,1498,1415,1512,2016,991,2016,991,0,0,0,0,0,0,0,0,0,0,0,0,2
228270318,228270318,8,39,0,0,27003,1488,1498,1415,1512,2016,991,2016,991,0,0,0,0,0,0,0,0,0,0,0,0,2
228471159,228471159,8,39,0,0,27002,1488,1498,1415,1512,2016,991,2016,991,0,0,0,0,0,0,0,0,0,0,0,0,2
228675136,228675136,8,39,0,0,27002,1488,1498,1415,1512,2016,991,2016,991,0,0,0,0,0,0,0,0,0,0,0,0,2
228872167,228872167,8,39,0,0,27001,1488,1498,1415,1512,2016,991,2016,992,0,0,0,0,0,0,0,0,0,0,0,0,2
229075916,229075916,8,39,0,0,27005,1489,1497,1416,1512,2015,992,2016,991,0,0,0,0,0,0,0,0,0,0,0,0,2
229272748,229272748,8,39,0,0,27008,1488,1498,1415,1512,2016,991,2016,991,0,0,0,0,0,0,0,0,0,0,0,0,2
229492739,229492739,8,39,0,0,27000,1489,1497,1416,1511,2016,992,2015,992,0,0,0,0,0,0,0,0,0,0,0,0,2
229686334,229686334,8,39,0,0,27003,1488,1497,1416,1511,2016,992,2016,991,0,0,0,0,0,0,0,0,0,0,0,0,2
229890334,229890334,8,39,0,0,27001,1489,1497,1416,1511,2016,992,2015,992,0,0,0,0,0,0,0,0,0,0,0,0,2
230091128,230091128,8,39,0,0,27003,1488,1497,1416,1511,2016,992,2016,991,0,0,0,0,0,0,0,0,0,0,0,0,2
230303116,230303116,8,39,0,0,27002,1488,1498,1415,1512,2016,991,2016,991,0,0,0,0,0,0,0,0,0,0,0,0,2
230487931,230487931,8,39,0,0,27002,1488,1497,1416,1512,2015,992,2016,991,0,0,0,0,0,0,0,0,0,0,0,0,2
230691945,230691945,8,39,0,0,27005,1489,1497,1416,1511,2016,992,2015,992,0,0,0,0,0,0,0,0,0,0,0,0,2
230889547,230889547,8,39,0,0,27006,1489,1497,1416,1511,2016,992,2016,991,0,0,0,0,0,0,0,0,0,0,0,0,2
231089517,231089517,8,39,0,0,27001,1488,1498,1415,1512,2016,991,2016,992,0,0,0,0,0,0,0,0,0,0,0,0,2
231310330,231310330,8,39,0,0,26997,1489,1497,1416,1511,2016,992,2016,991,0,0,0,0,0,0,0,0,0,0,0,0,2
231506316,231506316,8,39,0,0,27003,1488,1497,1416,1511,2016,992,2016,991,0,0,0,0,0,0,0,0,0,0,0,0,2
231703143,231703143,8,39,0,0,27002,1489,1497,1416,1511,2016,992,2016,991,0,0,0,0,0,0,0,0,0,0,0,0,2
231911138,231911138,8,39,0,0,27005,1488,1498,1415,1512,2016,991,2016,991,0,0,0,0,0,0,0,0,0,0,0,0,2
232112160,232112160,8,39,0,0,27002,1489,1497,1416,1511,2016,992,2015,992,0,0,0,0,0,0,0,0,0,0,0,0,2
232307932,232307932,8,39,0,0,27009,1489,1497,1416,1511,2016,992,2016,991,0,0,0,0,0,0,0,0,0,0,0,0,2
232520741,232520741,8,39,0,0,27001,1488,1498,1415,1512,2016,991,2016,992,0,0,0,0,0,0,0,0,0,0,0,0,2
232716737,232716737,8,39,0,0,27001,1489,1497,1416,1512,2015,992,2016,991,0,0,0,0,0,0,0,0,0,0,0,0,2
232917532,232917532,8,39,0,0,27000,1488,1498,1415,1512,2015,992,2016,991,0,0,0,0,0,0,0,0,0,0,0,0,2
233134338,233134338,8,39,0,0,27003,1489,1498,1415,1512,2015,992,2016,991,0,0,0,0,0,0,0,0,0,0,0,0,2
233323134,233323134,8,39,0,0,27002,1488,1497,1416,1511,2016,992,2016,991,0,0,0,0,0,0,0,0,0,0,0,0,2
233539140,233539140,8,39,0,0,27004,1489,1497,1416,1511,2016,992,2016,991,0,0,0,0,0,0,0,0,0,0,0,0,2
233727961,233727961,8,39,0,0,27002,1488,1498,1415,1512,2016,991,2016,991,0,0,0,0,0,0,0,0,0,0,0,0,2
233943933,233943933,8,39,0,0,27002,1489,1497,1416,1511,2016,992,2016,991,0,0,0,0,0,0,0,0,0,0,0,0,2
234140770,234140770,8,39,0,0,27008,1488,1498,1415,1512,2016,991,2016,991,0,0,0,0,0,0,0,0,0,0,0,0,2
234332733,234332733,8,39,0,0,27003,1489,1497,1416,1511,2016,992,2016,991,0,0,0,0,0,0,0,0,0,0,0,0,2
234552717,234552717,8,39,0,0,27001,1488,1497,1416,1511,2016,992,2016,991,0,0,0,0,0,0,0,0,0,0,0,0,2
234733533,234733533,8,39,0,0,27003,1488,1498,1415,1512,2016,991,2016,991,0,0,0,0,0,0,0,0,0,0,0,0,2
234933522,234933522,8,39,0,0,27002,1489,1497,1416,1511,2016,992,2015,992,0,0,0,0,0,0,0,0,0,0,0,0,2
235150345,235150345,8,39,0,0,27002,1488,1498,1415,1512,2016,991,2016,991,0,0,0,0,0,0,0,0,0,0,0,0,2
235346317,235346317,8,39,0,0,27003,1489,1497,1415,1512,2016,991,2016,992,0,0,0,0,0,0,0,0,0,0,0,0,2
235551190,235551190,8,39,0,0,27000,1488,1498,1415,1512,2016,991,2016,991,0,0,0,0,0,0,0,0,0,0,0,0,2
235755153,235755153,8,39,0,0,27008,1489,1497,1416,1511,2016,992,2016,991,0,0,0,0,0,0,0,0,0,0,0,0,2
235956735,235956735,8,39,0,0,27000,1488,1497,1416,1512,2015,992,2016,991,0,0,0,0,0,0,0,0,0,0,0,0,2
236156723,236156723,8,39,0,0,26999,1488,1498,1415,1512,2016,991,2016,991,0,0,0,0,0,0,0,0,0,0,0,0,2
236357544,236357544,8,39,0,0,27003,1488,1498,1415,1512,2016,991,2016,991,0,0,0,0,0,0,0,0,0,0,0,0,2
236557518,236557518,8,39,0,0,27002,1489,1497,1416,1511,2016,992,2015,992,0,0,0,0,0,0,0,0,0,0,0,0,2
236774330,236774330,8,39,0,0,27002,1488,1497,1416,1511,2016,992,2016,991,0,0,0,0,0,0,0,0,0,0,0,0,2
236974332,236974332,8,39,0,0,27002,1489,1497,1416,1511,2016,992,2015,992,0,0,0,0,0,0,0,0,0,0,0,0,2
237171129,237171129,8,39,0,0,27001,1489,1497,1415,1512,2016,991,2016,992,0,0,0,0,0,0,0,0,0,0,0,0,2
237375352,237375352,8,39,0,0,27001,1488,1498,1415,1512,2016,991,2016,991,0,0,0,0,0,0,0,0,0,0,0,0,2
237587932,237587932,8,39,0,0,27005,1488,1498,1415,1512,2016,991,2016,991,0,0,0,0,0,0,0,0,0,0,0,0,2
237787934,237787934,8,39,0,0,27001,1488,1497,1416,1512,2015,992,2016,991,0,0,0,0,0,0,0,0,0,0,0,0,2
237988949,237988949,8,39,0,0,27003,1489,1497,1416,1512,2015,992,2016,991,0,0,0,0,0,0,0,0,0,0,0,0,2
238192741,238192741,8,39,0,0,27002,1488,1497,1416,1512,2015,992,2016,991,0,0,0,0,0,0,0,0,0,0,0,0,2
238388717,238388717,8,39,0,0,27002,1489,1497,1416,1511,2016,992,2016,991,0,0,0,0,0,0,0,0,0,0,0,0,2
238585535,238585535,8,39,0,0,27003,1488,1497,1416,1511,2016,992,2016,991,0,0,0,0,0,0,0,0,0,0,0,0,2
238801523,238801523,8,39,0,0,27003,1489,1497,1416,1511,2016,992,2016,991,0,0,0,0,0,0,0,0,0,0,0,0,2
238998548,238998548,8,39,0,0,27004,1488,1498,1415,1512,2016,991,2016,991,0,0,0,0,0,0,0,0,0,0,0,0,2
239198336,239198336,8,39,0,0,27000,1489,1497,1415,1512,2016,991,2016,992,0,0,0,0,0,0,0,0,0,0,0,0,2
239399131,239399131,8,39,0,0,27000,1488,1497,1416,1511,2016,992,2016,991,0,0,0,0,0,0,0,0,0,0,0,0,2
239599137,239599137,8,39,0,0,27002,1488,1498,1415,1512,2016,991,2016,991,0,0,0,0,0,0,0,0,0,0,0,0,2
239799936,239799936,8,39,0,0,27003,1488,1497,1416,1511,2016,992,2016,991,0,0,0,0,0,0,0,0,0,0,0,0,2
240003932,240003932,8,39,0,0,27002,1488,1498,1415,1512,2016,991,2016,991,0,0,0,0,0,0,0,0,0,0,0,0,2
240224948,240224948,8,39,0,0,27002,1488,1497,1416,1511,2016,992,2016,991,0,0,0,0,0,0,0,0,0,0,0,0,2
240424733,240424733,8,39,0,0,26999,1488,1497,1416,1512,2015,992,2016,991,0,0,0,0,0,0,0,0,0,0,0,0,2
240624739,240624739,8,39,0,0,27000,1489,1497,1416,1512,2015,992,2016,991,0,0,0,0,0,0,0,0,0,0,0,0,2
240821533,240821533,8,39,0,0,27002,1489,1497,1416,1511,2016,992,2015,992,0,0,0,0,0,0,0,0,0,0,0,0,2
241021534,241021534,8,39,0,0,27002,1489,1497,1416,1511,2016,992,2016,991,0,0,0,0,0,0,0,0,0,0,0,0,2
241238332,241238332,8,39,0,0,27001,1488,1498,1415,1512,2016,991,2016,991,0,0,0,0,0,0,0,0,0,0,0,0,2
241438320,241438320,8,39,0,0,27002,1489,1497,1416,1511,2016,992,2016,991,0,0,0,0,0,0,0,0,0,0,0,0,2
241627143,241627143,8,39,0,0,27002,1488,1498,1415,1512,2016,991,2016,992,0,0,0,0,0,0,0,0,0,0,0,0,2
241851141,241851141,8,39,0,0,27004,1489,1497,1416,1511,2016,992,2016,991,0,0,0,0,0,0,0,0,0,0,0,0,2
242051850,242051850,8,39,0,0,27002,1488,1498,1415,1512,2016,991,2016,991,0,0,0,0,0,0,0,0,0,0,0,0,2
242247934,242247934,8,39,0,0,27005,1488,1498,1415,1512,2016,991,2016,992,0,0,0,0,0,0,0,0,0,0,0,0,2
242440740,242440740,8,39,0,0,27000,1488,1497,1416,1511,2016,992,2016,991,0,0,0,0,0,0,0,0,0,0,0,0,2
242648737,242648737,8,39,0,0,27001,1488,1498,1415,1512,2016,991,2016,991,0,0,0,0,0,0,0,0,0,0,0,0,2
242849531,242849531,8,39,0,0,27000,1488,1498,1415,1512,2016,991,2016,991,0,0,0,0,0,0,0,0,0,0,0,0,2
243049544,243049544,8,39,0,0,27002,1488,1498,1415,1512,2016,991,2016,991,0,0,0,0,0,0,0,0,0,0,0,0,2
243269539,243269539,8,39,0,0,27003,1488,1498,1415,1512,2016,991,2016,991,0,0,0,0,0,0,0,0,0,0,0,0,2
243462337,243462337,8,39,0,0,27002,1488,1498,1415,1512,2016,991,2016,991,0,0,0,0,0,0,0,0,0,0,0,0,2
243658321,243658321,8,39,0,0,27003,1489,1497,1416,1511,2016,992,2015,992,0,0,0,0,0,0,0,0,0,0,0,0,2
243875934,243875934,8,39,0,0,27004,1489,1497,1416,1512,2015,992,2016,991,0,0,0,0,0,0,0,0,0,0,0,0,2
244068734,244068734,8,39,0,0,27006,1488,1498,1415,1512,2016,991,2016,991,0,0,0,0,0,0,0,0,0,0,0,0,2
244268728,244268728,8,39,0,0,27010,1489,1497,1416,1511,2016,991,2016,992,0,0,0,0,0,0,0,0,0,0,0,0,2
244472733,244472733,8,39,0,0,27011,1488,1497,1416,1511,2016,992,2016,991,0,0,0,0,0,0,0,0,0,0,0,0,2
244686332,244686332,8,39,0,0,27010,1489,1497,1416,1511,2016,992,2015,992,0,0,0,0,0,0,0,0,0,0,0,0,2
244879133,244879133,8,39,0,0,27010,1488,1497,1416,1511,2016,992,2016,991,0,0,0,0,0,0,0,0,0,0,0,0,2
245095131,245095131,8,39,0,0,27002,1489,1497,1416,1511,2016,992,2015,992,0,0,0,0,0,0,0,0,0,0,0,0,2
245287928,245287928,8,39,0,0,27002,1488,1497,1416,1511,2016,992,2016,991,0,0,0,0,0,0,0,0,0,0,0,0,2
245491933,245491933,8,39,0,0,27005,1488,1498,1416,1511,2016,991,2016,992,0,0,0,0,0,0,0,0,0,0,0,0,2
245691932,245691932,8,39,0,0,26995,1489,1498,1415,1512,2016,991,2016,991,0,0,0,0,0,0,0,0,0,0,0,0,2
245904770,245904770,8,39,0,0,26994,1488,1498,1415,1512,2016,991,2016,992,0,0,0,0,0,0,0,0,0,0,0,0,2
246104717,246104717,8,39,0,0,26994,1489,1497,1416,1511,2016,992,2016,991,0,0,0,0,0,0,0,0,0,0,0,0,2
246305529,246305529,8,39,0,0,26997,1489,1497,1416,1511,2016,992,2016,991,0,0,0,0,0,0,0,0,0,0,0,0,2
246501523,246501523,8,39,0,0,27010,1489,1498,1415,1512,2015,992,2016,991,0,0,0,0,0,0,0,0,0,0,0,0,2
246698332,246698332,8,39,0,0,27002,1488,1498,1415,1512,2016,991,2016,991,0,0,0,0,0,0,0,0,0,0,0,0,2
246918351,246918351,8,39,0,0,27003,1488,1497,1416,1512,2015,992,2016,991,0,0,0,0,0,0,0,0,0,0,0,0,2
247115142,247115142,8,39,0,0,27002,1488,1498,1415,1512,2016,991,2016,991,0,0,0,0,0,0,0,0,0,0,0,0,2
247319138,247319138,8,39,0,0,27007,1489,1497,1416,1511,2016,992,2016,991,0,0,0,0,0,0,0,0,0,0,0,0,2
247523938,247523938,8,39,0,0,26999,1488,1497,1416,1512,2015,992,2016,991,0,0,0,0,0,0,0,0,0,0,0,0,2
247723934,247723934,8,39,0,0,26998,1489,1497,1416,1512,2015,992,2016,991,0,0,0,0,0,0,0,0,0,0,0,0,2
247928734,247928734,8,39,0,0,27001,1489,1497,1416,1511,2016,992,2016,991,0,0,0,0,0,0,0,0,0,0,0,0,2
248128735,248128735,8,39,0,0,27001,1489,1497,1416,1511,2016,992,2016,991,0,0,0,0,0,0,0,0,0,0,0,0,2
248332952,248332952,8,39,0,0,27002,1488,1498,1415,1512,2015,992,2016,991,0,0,0,0,0,0,0,0,0,0,0,0,2
248533532,248533532,8,39,0,0,27003,1489,1497,1416,1511,2016,992,2016,991,0,0,0,0,0,0,0,0,0,0,0,0,2
248741539,248741539,8,39,0,0,27002,1489,1497,1416,1511,2016,992,2016,991,0,0,0,0,0,0,0,0,0,0,0,0,2
248946551,248946551,8,39,0,0,27003,1489,1497,1416,1511,2016,992,2016,991,0,0,0,0,0,0,0,0,0,0,0,0,2
249150317,249150317,8,39,0,0,27003,1489,1497,1416,1511,2016,992,2016,991,0,0,0,0,0,0,0,0,0,0,0,0,2
249347137,249347137,8,39,0,0,27002,1489,1497,1416,1511,2016,992,2016,991,0,0,0,0,0,0,0,0,0,0,0,0,2
249547143,249547143,8,39,0,0,27002,1488,1498,1415,1512,2016,991,2016,991,0,0,0,0,0,0,0,0,0,0,0,0,2
249747933,249747933,8,39,0,0,27002,1489,1497,1416,1511,2016,992,2016,991,0,0,0,0,0,0,0,0,0,0,0,0,2
249951928,249951928,8,39,0,0,27002,1488,1498,1415,1512,2016,991,2016,991,0,0,0,0,0,0,0,0,0,0,0,0,2
250152737,250152737,8,39,0,0,27003,1489,1497,1416,1511,2016,992,2016,991,0,0,0,0,0,0,0,0,0,0,0,0,2
250356739,250356739,8,39,0,0,27002,1489,1497,1416,1511,2016,992,2016,991,0,0,0,0,0,0,0,0,0,0,0,0,2
250553528,250553528,8,39,0,0,27000,1489,1497,1416,1512,2015,992,2016,991,0,0,0,0,0,0,0,0,0,0,0,0,2
250757530,250757530,8,39,0,0,27000,1488,1497,1416,1511,2016,992,2016,991,0,0,0,0,0,0,0,0,0,0,0,0,2
250957522,250957522,8,39,0,0,27003,1489,1497,1416,1511,2016,992,2016,991,0,0,0,0,0,0,0,0,0,0,0,0,2
251174339,251174339,8,39,0,0,27003,1489,1497,1416,1511,2016,992,2016,991,0,0,0,0,0,0,0,0,0,0,0,0,2
251374318,251374318,8,39,0,0,27001,1489,1497,1416,1511,2016,992,2016,991,0,0,0,0,0,0,0,0,0,0,0,0,2
251563128,251563128,8,39,0,0,27002,1488,1497,1416,1511,2016,992,2016,991,0,0,0,0,0,0,0,0,0,0,0,0,2
251783143,251783143,8,39,0,0,27003,1489,1497,1416,1511,2016,992,2016,991,0,0,0,0,0,0,0,0,0,0,0,0,2
251984739,251984739,8,39,0,0,27002,1489,1497,1416,1511,2016,992,2016,991,0,0,0,0,0,0,0,0,0,0,0,0,2
252188949,252188949,8,39,0,0,27004,1489,1497,1416,1511,2016,992,2016,991,0,0,0,0,0,0,0,0,0,0,0,0,2
252385532,252385532,8,39,0,0,27001,1489,1497,1416,1511,2016,992,2016,991,0,0,0,0,0,0,0,0,0,0,0,0,2
252585764,252585764,8,39,0,0,26999,1489,1497,1416,1511,2016,992,2015,992,0,0,0,0,0,0,0,0,0,0,0,0,2
252802553,252802553,8,39,0,0,27003,1489,1497,1416,1511,2016,992,2016,991,0,0,0,0,0,0,0,0,0,0,0,0,2
253002321,253002321,8,39,0,0,27003,1488,1497,1416,1511,2016,992,2016,991,0,0,0,0,0,0,0,0,0,0,0,0,2
253199349,253199349,8,39,0,0,27003,1488,1498,1415,1512,2016,991,2016,991,0,0,0,0,0,0,0,0,0,0,0,0,2
253395156,253395156,8,39,0,0,27005,1489,1497,1416,1511,2016,992,2015,992,0,0,0,0,0,0,0,0,0,0,0,0,2
253587935,253587935,8,39,0,0,27005,1488,1497,1416,1511,2016,992,2016,991,0,0,0,0,0,0,0,0,0,0,0,0,2
253807936,253807936,8,39,0,0,27008,1489,1497,1416,1512,2015,992,2016,991,0,0,0,0,0,0,0,0,0,0,0,0,2
253992958,253992958,8,39,0,0,27004,1488,1498,1415,1512,2016,991,2016,991,0,0,0,0,0,0,0,0,0,0,0,0,2
254216741,254216741,8,39,0,0,27003,1488,1497,1416,1512,2015,992,2016,991,0,0,0,0,0,0,0,0,0,0,0,0,2
254409542,254409542,8,39,0,0,27001,1488,1498,1415,1512,2016,991,2016,991,0,0,0,0,0,0,0,0,0,0,0,0,2
254609534,254609534,8,39,0,0,27001,1489,1497,1416,1511,2016,992,2015,992,0,0,0,0,0,0,0,0,0,0,0,0,2
254809521,254809521,8,39,0,0,27003,1489,1497,1416,1511,2016,992,2016,991,0,0,0,0,0,0,0,0,0,0,0,0,2
255010333,255010333,8,39,0,0,27005,1489,1497,1416,1512,2015,992,2016,991,0,0,0,0,0,0,0,0,0,0,0,0,2
255210317,255210317,8,39,0,0,27005,1488,1497,1378,1511,2016,992,2016,991,0,0,0,0,0,0,0,0,0,0,0,0,2
255423131,255423131,8,39,0,0,27006,1489,1497,1141,1511,2016,992,2016,991,0,0,0,0,0,0,0,0,0,0,0,0,2
255627118,255627118,8,39,0,0,27006,1488,1498,991,1512,2016,991,2016,991,0,0,0,0,0,0,0,0,0,0,0,0,2
255827933,255827933,8,39,0,0,27002,1489,1497,992,1511,2016,992,2016,991,0,0,0,0,0,0,0,0,0,0,0,0,2
256027931,256027931,8,39,0,0,27003,1488,1497,992,1510,2016,992,2016,991,0,0,0,0,0,0,0,0,0,0,0,0,2
256224732,256224732,8,39,0,0,27003,1489,1497,992,1510,2016,991,2016,991,0,0,0,0,0,0,0,0,0,0,0,0,2
256440729,256440729,8,39,0,0,27003,1488,1498,991,1511,2015,992,2016,991,0,0,0,0,0,0,0,0,0,0,0,0,2
256637546,256637546,8,39,0,0,27003,1489,1497,992,1510,2016,991,2016,991,0,0,0,0,0,0,0,0,0,0,0,0,2
256849532,256849532,8,39,0,0,27007,1489,1497,992,1510,2016,991,2016,991,0,0,0,0,0,0,0,0,0,0,0,0,2
257050327,257050327,8,39,0,0,27007,1489,1497,992,1509,2016,992,2016,991,0,0,0,0,0,0,0,0,0,0,0,0,2
257234337,257234337,8,39,0,0,27001,1488,1498,991,1510,2016,991,2016,991,0,0,0,0,0,0,0,0,0,0,0,0,2
257454566,257454566,8,39,0,0,27001,1489,1497,992,1510,2015,992,2016,991,0,0,0,0,0,0,0,0,0,0,0,0,2
257651135,257651135,8,39,0,0,27000,1488,1498,991,1510,2016,991,2016,991,0,0,0,0,0,0,0,0,0,0,0,0,2
257851377,257851377,8,39,0,0,27002,1489,1497,992,1510,2016,992,2016,991,0,0,0,0,0,0,0,0,0,0,0,0,2
258055932,258055932,8,39,0,0,27003,1489,1497,992,1510,2016,991,2016,992,0,0,0,0,0,0,0,0,0,0,0,0,2
258255951,258255951,8,39,0,0,27002,1488,1498,991,1512,2015,992,2016,991,0,0,0,0,0,0,0,0,0,0,0,0,2
258456731,258456731,8,39,0,0,27002,1489,1497,992,1511,2016,992,2016,991,0,0,0,0,0,0,0,0,0,0,0,0,2
258672771,258672771,8,39,0,0,27002,1488,1498,991,1512,2016,991,2016,991,0,0,0,0,0,0,0,0,0,0,0,0,2
