timestamp,voltage_v,voltage_filtered_v,current_a,current_filtered_a,average_current_a,discharged_mah,remaining,scale,temperature,cell_count,voltage_cell_v[0],voltage_cell_v[1],voltage_cell_v[2],voltage_cell_v[3],max_cell_voltage_delta,capacity,cycle_count,run_time_to_empty,average_time_to_empty,serial_number,connected,system_source,priority,is_powering_off,warning
57635616,0.0,0.0,-1.0,0.0,0.0,0.0,1.0,1.0,0.0,3,0.0,0.0,0.0,0.0,0.0,0,0,0,0,0,0,0,0,0,0
58140592,0.0,0.0,-1.0,0.0,0.0,0.0,1.0,1.0,0.0,3,0.0,0.0,0.0,0.0,0.0,0,0,0,0,0,0,0,0,0,0
58646014,0.0,0.0,-1.0,0.0,0.0,0.0,1.0,1.0,0.0,3,0.0,0.0,0.0,0.0,0.0,0,0,0,0,0,0,0,0,0,0
59150812,0.0,0.0,-1.0,0.0,0.0,0.0,1.0,1.0,0.0,3,0.0,0.0,0.0,0.0,0.0,0,0,0,0,0,0,0,0,0,0
59656562,0.0,0.0,-1.0,0.0,0.0,0.0,1.0,1.0,0.0,3,0.0,0.0,0.0,0.0,0.0,0,0,0,0,0,0,0,0,0,0
60149238,0.0,0.0,-1.0,0.0,0.0,0.0,1.0,1.0,0.0,3,0.0,0.0,0.0,0.0,0.0,0,0,0,0,0,0,0,0,0,0
60654819,0.0,0.0,-1.0,0.0,0.0,0.0,1.0,1.0,0.0,3,0.0,0.0,0.0,0.0,0.0,0,0,0,0,0,0,0,0,0,0
61160432,0.0,0.0,-1.0,0.0,0.0,0.0,1.0,1.0,0.0,3,0.0,0.0,0.0,0.0,0.0,0,0,0,0,0,0,0,0,0,0
61653221,0.0,0.0,-1.0,0.0,0.0,0.0,1.0,1.0,0.0,3,0.0,0.0,0.0,0.0,0.0,0,0,0,0,0,0,0,0,0,0
62158018,0.0,0.0,-1.0,0.0,0.0,0.0,1.0,1.0,0.0,3,0.0,0.0,0.0,0.0,0.0,0,0,0,0,0,0,0,0,0,0
62664652,0.0,0.0,-1.0,0.0,0.0,0.0,1.0,1.0,0.0,3,0.0,0.0,0.0,0.0,0.0,0,0,0,0,0,0,0,0,0,0
63157230,0.0,0.0,-1.0,0.0,0.0,0.0,1.0,1.0,0.0,3,0.0,0.0,0.0,0.0,0.0,0,0,0,0,0,0,0,0,0,0
63662009,0.0,0.0,-1.0,0.0,0.0,0.0,1.0,1.0,0.0,3,0.0,0.0,0.0,0.0,0.0,0,0,0,0,0,0,0,0,0,0
64166830,0.0,0.0,-1.0,0.0,0.0,0.0,1.0,1.0,0.0,3,0.0,0.0,0.0,0.0,0.0,0,0,0,0,0,0,0,0,0,0
64671614,0.0,0.0,-1.0,0.0,0.0,0.0,1.0,1.0,0.0,3,0.0,0.0,0.0,0.0,0.0,0,0,0,0,0,0,0,0,0,0
65165518,0.0,0.0,-1.0,0.0,0.0,0.0,1.0,1.0,0.0,3,0.0,0.0,0.0,0.0,0.0,0,0,0,0,0,0,0,0,0,0
65670026,0.0,0.0,-1.0,0.0,0.0,0.0,1.0,1.0,0.0,3,0.0,0.0,0.0,0.0,0.0,0,0,0,0,0,0,0,0,0,0
66174814,0.0,0.0,-1.0,0.0,0.0,0.0,1.0,1.0,0.0,3,0.0,0.0,0.0,0.0,0.0,0,0,0,0,0,0,0,0,0,0
66667617,0.0,0.0,-1.0,0.0,0.0,0.0,1.0,1.0,0.0,3,0.0,0.0,0.0,0.0,0.0,0,0,0,0,0,0,0,0,0,0
67172608,0.0,0.0,-1.0,0.0,0.0,0.0,1.0,1.0,0.0,3,0.0,0.0,0.0,0.0,0.0,0,0,0,0,0,0,0,0,0,0
67677504,0.0,0.0,-1.0,0.0,0.0,0.0,1.0,1.0,0.0,3,0.0,0.0,0.0,0.0,0.0,0,0,0,0,0,0,0,0,0,0
68170815,0.0,0.0,-1.0,0.0,0.0,0.0,1.0,1.0,0.0,3,0.0,0.0,0.0,0.0,0.0,0,0,0,0,0,0,0,0,0,0
68675635,0.0,0.0,-1.0,0.0,0.0,0.0,1.0,1.0,0.0,3,0.0,0.0,0.0,0.0,0.0,0,0,0,0,0,0,0,0,0,0
69180447,0.0,0.0,-1.0,0.0,0.0,0.0,1.0,1.0,0.0,3,0.0,0.0,0.0,0.0,0.0,0,0,0,0,0,0,0,0,0,0
69673234,0.0,0.0,-1.0,0.0,0.0,0.0,1.0,1.0,0.0,3,0.0,0.0,0.0,0.0,0.0,0,0,0,0,0,0,0,0,0,0
70178002,0.0,0.0,-1.0,0.0,0.0,0.0,1.0,1.0,0.0,3,0.0,0.0,0.0,0.0,0.0,0,0,0,0,0,0,0,0,0,0
70682796,0.0,0.0,-1.0,0.0,0.0,0.0,1.0,1.0,0.0,3,0.0,0.0,0.0,0.0,0.0,0,0,0,0,0,0,0,0,0,0
71176439,0.0,0.0,-1.0,0.0,0.0,0.0,1.0,1.0,0.0,3,0.0,0.0,0.0,0.0,0.0,0,0,0,0,0,0,0,0,0,0
71682025,0.0,0.0,-1.0,0.0,0.0,0.0,1.0,1.0,0.0,3,0.0,0.0,0.0,0.0,0.0,0,0,0,0,0,0,0,0,0,0
72175616,0.0,0.0,-1.0,0.0,0.0,0.0,1.0,1.0,0.0,3,0.0,0.0,0.0,0.0,0.0,0,0,0,0,0,0,0,0,0,0
72680616,0.0,0.0,-1.0,0.0,0.0,0.0,1.0,1.0,0.0,3,0.0,0.0,0.0,0.0,0.0,0,0,0,0,0,0,0,0,0,0
73186041,0.0,0.0,-1.0,0.0,0.0,0.0,1.0,1.0,0.0,3,0.0,0.0,0.0,0.0,0.0,0,0,0,0,0,0,0,0,0,0
73678812,0.0,0.0,-1.0,0.0,0.0,0.0,1.0,1.0,0.0,3,0.0,0.0,0.0,0.0,0.0,0,0,0,0,0,0,0,0,0,0
74183619,0.0,0.0,-1.0,0.0,0.0,0.0,1.0,1.0,0.0,3,0.0,0.0,0.0,0.0,0.0,0,0,0,0,0,0,0,0,0,0
74689228,0.0,0.0,-1.0,0.0,0.0,0.0,1.0,1.0,0.0,3,0.0,0.0,0.0,0.0,0.0,0,0,0,0,0,0,0,0,0,0
75182803,0.0,0.0,-1.0,0.0,0.0,0.0,1.0,1.0,0.0,3,0.0,0.0,0.0,0.0,0.0,0,0,0,0,0,0,0,0,0,0
75688436,0.0,0.0,-1.0,0.0,0.0,0.0,1.0,1.0,0.0,3,0.0,0.0,0.0,0.0,0.0,0,0,0,0,0,0,0,0,0,0
76193222,0.0,0.0,-1.0,0.0,0.0,0.0,1.0,1.0,0.0,3,0.0,0.0,0.0,0.0,0.0,0,0,0,0,0,0,0,0,0,0
76686009,0.0,0.0,-1.0,0.0,0.0,0.0,1.0,1.0,0.0,3,0.0,0.0,0.0,0.0,0.0,0,0,0,0,0,0,0,0,0,0
77190805,0.0,0.0,-1.0,0.0,0.0,0.0,1.0,1.0,0.0,3,0.0,0.0,0.0,0.0,0.0,0,0,0,0,0,0,0,0,0,0
77697214,0.0,0.0,-1.0,0.0,0.0,0.0,1.0,1.0,0.0,3,0.0,0.0,0.0,0.0,0.0,0,0,0,0,0,0,0,0,0,0
78190378,0.0,0.0,-1.0,0.0,0.0,0.0,1.0,1.0,0.0,3,0.0,0.0,0.0,0.0,0.0,0,0,0,0,0,0,0,0,0,0
78694846,0.0,0.0,-1.0,0.0,0.0,0.0,1.0,1.0,0.0,3,0.0,0.0,0.0,0.0,0.0,0,0,0,0,0,0,0,0,0,0
79199637,0.0,0.0,-1.0,0.0,0.0,0.0,1.0,1.0,0.0,3,0.0,0.0,0.0,0.0,0.0,0,0,0,0,0,0,0,0,0,0
79692428,0.0,0.0,-1.0,0.0,0.0,0.0,1.0,1.0,0.0,3,0.0,0.0,0.0,0.0,0.0,0,0,0,0,0,0,0,0,0,0
80198800,0.0,0.0,-1.0,0.0,0.0,0.0,1.0,1.0,0.0,3,0.0,0.0,0.0,0.0,0.0,0,0,0,0,0,0,0,0,0,0
80704597,0.0,0.0,-1.0,0.0,0.0,0.0,1.0,1.0,0.0,3,0.0,0.0,0.0,0.0,0.0,0,0,0,0,0,0,0,0,0,0
81198816,0.0,0.0,-1.0,0.0,0.0,0.0,1.0,1.0,0.0,3,0.0,0.0,0.0,0.0,0.0,0,0,0,0,0,0,0,0,0,0
81704608,0.0,0.0,-1.0,0.0,0.0,0.0,1.0,1.0,0.0,3,0.0,0.0,0.0,0.0,0.0,0,0,0,0,0,0,0,0,0,0
82209239,0.0,0.0,-1.0,0.0,0.0,0.0,1.0,1.0,0.0,3,0.0,0.0,0.0,0.0,0.0,0,0,0,0,0,0,0,0,0,0
82702041,0.0,0.0,-1.0,0.0,0.0,0.0,1.0,1.0,0.0,3,0.0,0.0,0.0,0.0,0.0,0,0,0,0,0,0,0,0,0,0
83207622,0.0,0.0,-1.0,0.0,0.0,0.0,1.0,1.0,0.0,3,0.0,0.0,0.0,0.0,0.0,0,0,0,0,0,0,0,0,0,0
83712793,0.0,0.0,-1.0,0.0,0.0,0.0,1.0,1.0,0.0,3,0.0,0.0,0.0,0.0,0.0,0,0,0,0,0,0,0,0,0,0
84205230,0.0,0.0,-1.0,0.0,0.0,0.0,1.0,1.0,0.0,3,0.0,0.0,0.0,0.0,0.0,0,0,0,0,0,0,0,0,0,0
84710008,0.0,0.0,-1.0,0.0,0.0,0.0,1.0,1.0,0.0,3,0.0,0.0,0.0,0.0,0.0,0,0,0,0,0,0,0,0,0,0
85214828,0.0,0.0,-1.0,0.0,0.0,0.0,1.0,1.0,0.0,3,0.0,0.0,0.0,0.0,0.0,0,0,0,0,0,0,0,0,0,0
85707615,0.0,0.0,-1.0,0.0,0.0,0.0,1.0,1.0,0.0,3,0.0,0.0,0.0,0.0,0.0,0,0,0,0,0,0,0,0,0,0
86212422,0.0,0.0,-1.0,0.0,0.0,0.0,1.0,1.0,0.0,3,0.0,0.0,0.0,0.0,0.0,0,0,0,0,0,0,0,0,0,0
86718023,0.0,0.0,-1.0,0.0,0.0,0.0,1.0,1.0,0.0,3,0.0,0.0,0.0,0.0,0.0,0,0,0,0,0,0,0,0,0,0
87211616,0.0,0.0,-1.0,0.0,0.0,0.0,1.0,1.0,0.0,3,0.0,0.0,0.0,0.0,0.0,0,0,0,0,0,0,0,0,0,0
87716411,0.0,0.0,-1.0,0.0,0.0,0.0,1.0,1.0,0.0,3,0.0,0.0,0.0,0.0,0.0,0,0,0,0,0,0,0,0,0,0
88221223,0.0,0.0,-1.0,0.0,0.0,0.0,1.0,1.0,0.0,3,0.0,0.0,0.0,0.0,0.0,0,0,0,0,0,0,0,0,0,0
88714018,0.0,0.0,-1.0,0.0,0.0,0.0,1.0,1.0,0.0,3,0.0,0.0,0.0,0.0,0.0,0,0,0,0,0,0,0,0,0,0
89219602,0.0,0.0,-1.0,0.0,0.0,0.0,1.0,1.0,0.0,3,0.0,0.0,0.0,0.0,0.0,0,0,0,0,0,0,0,0,0,0
89724597,0.0,0.0,-1.0,0.0,0.0,0.0,1.0,1.0,0.0,3,0.0,0.0,0.0,0.0,0.0,0,0,0,0,0,0,0,0,0,0
90217374,0.0,0.0,-1.0,0.0,0.0,0.0,1.0,1.0,0.0,3,0.0,0.0,0.0,0.0,0.0,0,0,0,0,0,0,0,0,0,0
90722040,0.0,0.0,-1.0,0.0,0.0,0.0,1.0,1.0,0.0,3,0.0,0.0,0.0,0.0,0.0,0,0,0,0,0,0,0,0,0,0
91226808,0.0,0.0,-1.0,0.0,0.0,0.0,1.0,1.0,0.0,3,0.0,0.0,0.0,0.0,0.0,0,0,0,0,0,0,0,0,0,0
91719646,0.0,0.0,-1.0,0.0,0.0,0.0,1.0,1.0,0.0,3,0.0,0.0,0.0,0.0,0.0,0,0,0,0,0,0,0,0,0,0
92224632,0.0,0.0,-1.0,0.0,0.0,0.0,1.0,1.0,0.0,3,0.0,0.0,0.0,0.0,0.0,0,0,0,0,0,0,0,0,0,0
92730022,0.0,0.0,-1.0,0.0,0.0,0.0,1.0,1.0,0.0,3,0.0,0.0,0.0,0.0,0.0,0,0,0,0,0,0,0,0,0,0
93222793,0.0,0.0,-1.0,0.0,0.0,0.0,1.0,1.0,0.0,3,0.0,0.0,0.0,0.0,0.0,0,0,0,0,0,0,0,0,0,0
93728594,0.0,0.0,-1.0,0.0,0.0,0.0,1.0,1.0,0.0,3,0.0,0.0,0.0,0.0,0.0,0,0,0,0,0,0,0,0,0,0
94233211,0.0,0.0,-1.0,0.0,0.0,0.0,1.0,1.0,0.0,3,0.0,0.0,0.0,0.0,0.0,0,0,0,0,0,0,0,0,0,0
94726827,0.0,0.0,-1.0,0.0,0.0,0.0,1.0,1.0,0.0,3,0.0,0.0,0.0,0.0,0.0,0,0,0,0,0,0,0,0,0,0
95231609,0.0,0.0,-1.0,0.0,0.0,0.0,1.0,1.0,0.0,3,0.0,0.0,0.0,0.0,0.0,0,0,0,0,0,0,0,0,0,0
95736438,0.0,0.0,-1.0,0.0,0.0,0.0,1.0,1.0,0.0,3,0.0,0.0,0.0,0.0,0.0,0,0,0,0,0,0,0,0,0,0
96229213,0.0,0.0,-1.0,0.0,0.0,0.0,1.0,1.0,0.0,3,0.0,0.0,0.0,0.0,0.0,0,0,0,0,0,0,0,0,0,0
96734003,0.0,0.0,-1.0,0.0,0.0,0.0,1.0,1.0,0.0,3,0.0,0.0,0.0,0.0,0.0,0,0,0,0,0,0,0,0,0,0
97240570,0.0,0.0,-1.0,0.0,0.0,0.0,1.0,1.0,0.0,3,0.0,0.0,0.0,0.0,0.0,0,0,0,0,0,0,0,0,0,0
97733222,0.0,0.0,-1.0,0.0,0.0,0.0,1.0,1.0,0.0,3,0.0,0.0,0.0,0.0,0.0,0,0,0,0,0,0,0,0,0,0
98238417,0.0,0.0,-1.0,0.0,0.0,0.0,1.0,1.0,0.0,3,0.0,0.0,0.0,0.0,0.0,0,0,0,0,0,0,0,0,0,0
98742798,0.0,0.0,-1.0,0.0,0.0,0.0,1.0,1.0,0.0,3,0.0,0.0,0.0,0.0,0.0,0,0,0,0,0,0,0,0,0,0
99236417,0.0,0.0,-1.0,0.0,0.0,0.0,1.0,1.0,0.0,3,0.0,0.0,0.0,0.0,0.0,0,0,0,0,0,0,0,0,0,0
99742018,0.0,0.0,-1.0,0.0,0.0,0.0,1.0,1.0,0.0,3,0.0,0.0,0.0,0.0,0.0,0,0,0,0,0,0,0,0,0,0
100234815,0.0,0.0,-1.0,0.0,0.0,0.0,1.0,1.0,0.0,3,0.0,0.0,0.0,0.0,0.0,0,0,0,0,0,0,0,0,0,0
100739815,0.0,0.0,-1.0,0.0,0.0,0.0,1.0,1.0,0.0,3,0.0,0.0,0.0,0.0,0.0,0,0,0,0,0,0,0,0,0,0
101244651,0.0,0.0,-1.0,0.0,0.0,0.0,1.0,1.0,0.0,3,0.0,0.0,0.0,0.0,0.0,0,0,0,0,0,0,0,0,0,0
101737211,0.0,0.0,-1.0,0.0,0.0,0.0,1.0,1.0,0.0,3,0.0,0.0,0.0,0.0,0.0,0,0,0,0,0,0,0,0,0,0
102242006,0.0,0.0,-1.0,0.0,0.0,0.0,1.0,1.0,0.0,3,0.0,0.0,0.0,0.0,0.0,0,0,0,0,0,0,0,0,0,0
102736597,0.0,0.0,-1.0,0.0,0.0,0.0,1.0,1.0,0.0,3,0.0,0.0,0.0,0.0,0.0,0,0,0,0,0,0,0,0,0,0
103241234,0.0,0.0,-1.0,0.0,0.0,0.0,1.0,1.0,0.0,3,0.0,0.0,0.0,0.0,0.0,0,0,0,0,0,0,0,0,0,0
103746017,0.0,0.0,-1.0,0.0,0.0,0.0,1.0,1.0,0.0,3,0.0,0.0,0.0,0.0,0.0,0,0,0,0,0,0,0,0,0,0
104238806,0.0,0.0,-1.0,0.0,0.0,0.0,1.0,1.0,0.0,3,0.0,0.0,0.0,0.0,0.0,0,0,0,0,0,0,0,0,0,0
104743609,0.0,0.0,-1.0,0.0,0.0,0.0,1.0,1.0,0.0,3,0.0,0.0,0.0,0.0,0.0,0,0,0,0,0,0,0,0,0,0
105250008,0.0,0.0,-1.0,0.0,0.0,0.0,1.0,1.0,0.0,3,0.0,0.0,0.0,0.0,0.0,0,0,0,0,0,0,0,0,0,0
105742811,0.0,0.0,-1.0,0.0,0.0,0.0,1.0,1.0,0.0,3,0.0,0.0,0.0,0.0,0.0,0,0,0,0,0,0,0,0,0,0
106248582,0.0,0.0,-1.0,0.0,0.0,0.0,1.0,1.0,0.0,3,0.0,0.0,0.0,0.0,0.0,0,0,0,0,0,0,0,0,0,0
106753234,0.0,0.0,-1.0,0.0,0.0,0.0,1.0,1.0,0.0,3,0.0,0.0,0.0,0.0,0.0,0,0,0,0,0,0,0,0,0,0
107247602,0.0,0.0,-1.0,0.0,0.0,0.0,1.0,1.0,0.0,3,0.0,0.0,0.0,0.0,0.0,0,0,0,0,0,0,0,0,0,0
107752407,0.0,0.0,-1.0,0.0,0.0,0.0,1.0,1.0,0.0,3,0.0,0.0,0.0,0.0,0.0,0,0,0,0,0,0,0,0,0,0
108245391,0.0,0.0,-1.0,0.0,0.0,0.0,1.0,1.0,0.0,3,0.0,0.0,0.0,0.0,0.0,0,0,0,0,0,0,0,0,0,0
108750046,0.0,0.0,-1.0,0.0,0.0,0.0,1.0,1.0,0.0,3,0.0,0.0,0.0,0.0,0.0,0,0,0,0,0,0,0,0,0,0
109254820,0.0,0.0,-1.0,0.0,0.0,0.0,1.0,1.0,0.0,3,0.0,0.0,0.0,0.0,0.0,0,0,0,0,0,0,0,0,0,0
109748412,0.0,0.0,-1.0,0.0,0.0,0.0,1.0,1.0,0.0,3,0.0,0.0,0.0,0.0,0.0,0,0,0,0,0,0,0,0,0,0
110253225,0.0,0.0,-1.0,0.0,0.0,0.0,1.0,1.0,0.0,3,0.0,0.0,0.0,0.0,0.0,0,0,0,0,0,0,0,0,0,0
110758006,0.0,0.0,-1.0,0.0,0.0,0.0,1.0,1.0,0.0,3,0.0,0.0,0.0,0.0,0.0,0,0,0,0,0,0,0,0,0,0
111251610,0.0,0.0,-1.0,0.0,0.0,0.0,1.0,1.0,0.0,3,0.0,0.0,0.0,0.0,0.0,0,0,0,0,0,0,0,0,0,0
111758003,0.0,0.0,-1.0,0.0,0.0,0.0,1.0,1.0,0.0,3,0.0,0.0,0.0,0.0,0.0,0,0,0,0,0,0,0,0,0,0
112262847,0.0,0.0,-1.0,0.0,0.0,0.0,1.0,1.0,0.0,3,0.0,0.0,0.0,0.0,0.0,0,0,0,0,0,0,0,0,0,0
112756437,0.0,0.0,-1.0,0.0,0.0,0.0,1.0,1.0,0.0,3,0.0,0.0,0.0,0.0,0.0,0,0,0,0,0,0,0,0,0,0
113261245,0.0,0.0,-1.0,0.0,0.0,0.0,1.0,1.0,0.0,3,0.0,0.0,0.0,0.0,0.0,0,0,0,0,0,0,0,0,0,0
113766808,0.0,0.0,-1.0,0.0,0.0,0.0,1.0,1.0,0.0,3,0.0,0.0,0.0,0.0,0.0,0,0,0,0,0,0,0,0,0,0
114259615,0.0,0.0,-1.0,0.0,0.0,0.0,1.0,1.0,0.0,3,0.0,0.0,0.0,0.0,0.0,0,0,0,0,0,0,0,0,0,0
114765134,0.0,0.0,-1.0,0.0,0.0,0.0,1.0,1.0,0.0,3,0.0,0.0,0.0,0.0,0.0,0,0,0,0,0,0,0,0,0,0
115269221,0.0,0.0,-1.0,0.0,0.0,0.0,1.0,1.0,0.0,3,0.0,0.0,0.0,0.0,0.0,0,0,0,0,0,0,0,0,0,0
115762015,0.0,0.0,-1.0,0.0,0.0,0.0,1.0,1.0,0.0,3,0.0,0.0,0.0,0.0,0.0,0,0,0,0,0,0,0,0,0,0
116266806,0.0,0.0,-1.0,0.0,0.0,0.0,1.0,1.0,0.0,3,0.0,0.0,0.0,0.0,0.0,0,0,0,0,0,0,0,0,0,0
116760435,0.0,0.0,-1.0,0.0,0.0,0.0,1.0,1.0,0.0,3,0.0,0.0,0.0,0.0,0.0,0,0,0,0,0,0,0,0,0,0
117265241,0.0,0.0,-1.0,0.0,0.0,0.0,1.0,1.0,0.0,3,0.0,0.0,0.0,0.0,0.0,0,0,0,0,0,0,0,0,0,0
117770023,0.0,0.0,-1.0,0.0,0.0,0.0,1.0,1.0,0.0,3,0.0,0.0,0.0,0.0,0.0,0,0,0,0,0,0,0,0,0,0
118262810,0.0,0.0,-1.0,0.0,0.0,0.0,1.0,1.0,0.0,3,0.0,0.0,0.0,0.0,0.0,0,0,0,0,0,0,0,0,0,0
118767620,0.0,0.0,-1.0,0.0,0.0,0.0,1.0,1.0,0.0,3,0.0,0.0,0.0,0.0,0.0,0,0,0,0,0,0,0,0,0,0
119272434,0.0,0.0,-1.0,0.0,0.0,0.0,1.0,1.0,0.0,3,0.0,0.0,0.0,0.0,0.0,0,0,0,0,0,0,0,0,0,0
119765235,0.0,0.0,-1.0,0.0,0.0,0.0,1.0,1.0,0.0,3,0.0,0.0,0.0,0.0,0.0,0,0,0,0,0,0,0,0,0,0
120271623,0.0,0.0,-1.0,0.0,0.0,0.0,1.0,1.0,0.0,3,0.0,0.0,0.0,0.0,0.0,0,0,0,0,0,0,0,0,0,0
120765223,0.0,0.0,-1.0,0.0,0.0,0.0,1.0,1.0,0.0,3,0.0,0.0,0.0,0.0,0.0,0,0,0,0,0,0,0,0,0,0
121270021,0.0,0.0,-1.0,0.0,0.0,0.0,1.0,1.0,0.0,3,0.0,0.0,0.0,0.0,0.0,0,0,0,0,0,0,0,0,0,0
121775614,0.0,0.0,-1.0,0.0,0.0,0.0,1.0,1.0,0.0,3,0.0,0.0,0.0,0.0,0.0,0,0,0,0,0,0,0,0,0,0
122268607,0.0,0.0,-1.0,0.0,0.0,0.0,1.0,1.0,0.0,3,0.0,0.0,0.0,0.0,0.0,0,0,0,0,0,0,0,0,0,0
122773213,0.0,0.0,-1.0,0.0,0.0,0.0,1.0,1.0,0.0,3,0.0,0.0,0.0,0.0,0.0,0,0,0,0,0,0,0,0,0,0
123278027,0.0,0.0,-1.0,0.0,0.0,0.0,1.0,1.0,0.0,3,0.0,0.0,0.0,0.0,0.0,0,0,0,0,0,0,0,0,0,0
123770806,0.0,0.0,-1.0,0.0,0.0,0.0,1.0,1.0,0.0,3,0.0,0.0,0.0,0.0,0.0,0,0,0,0,0,0,0,0,0,0
124275610,0.0,0.0,-1.0,0.0,0.0,0.0,1.0,1.0,0.0,3,0.0,0.0,0.0,0.0,0.0,0,0,0,0,0,0,0,0,0,0
124780440,0.0,0.0,-1.0,0.0,0.0,0.0,1.0,1.0,0.0,3,0.0,0.0,0.0,0.0,0.0,0,0,0,0,0,0,0,0,0,0
125274836,0.0,0.0,-1.0,0.0,0.0,0.0,1.0,1.0,0.0,3,0.0,0.0,0.0,0.0,0.0,0,0,0,0,0,0,0,0,0,0
125780417,0.0,0.0,-1.0,0.0,0.0,0.0,1.0,1.0,0.0,3,0.0,0.0,0.0,0.0,0.0,0,0,0,0,0,0,0,0,0,0
126285217,0.0,0.0,-1.0,0.0,0.0,0.0,1.0,1.0,0.0,3,0.0,0.0,0.0,0.0,0.0,0,0,0,0,0,0,0,0,0,0
126778804,0.0,0.0,-1.0,0.0,0.0,0.0,1.0,1.0,0.0,3,0.0,0.0,0.0,0.0,0.0,0,0,0,0,0,0,0,0,0,0
127283608,0.0,0.0,-1.0,0.0,0.0,0.0,1.0,1.0,0.0,3,0.0,0.0,0.0,0.0,0.0,0,0,0,0,0,0,0,0,0,0
127788612,0.0,0.0,-1.0,0.0,0.0,0.0,1.0,1.0,0.0,3,0.0,0.0,0.0,0.0,0.0,0,0,0,0,0,0,0,0,0,0
128293216,0.0,0.0,-1.0,0.0,0.0,0.0,1.0,1.0,0.0,3,0.0,0.0,0.0,0.0,0.0,0,0,0,0,0,0,0,0,0,0
128786042,0.0,0.0,-1.0,0.0,0.0,0.0,1.0,1.0,0.0,3,0.0,0.0,0.0,0.0,0.0,0,0,0,0,0,0,0,0,0,0
129291204,0.0,0.0,-1.0,0.0,0.0,0.0,1.0,1.0,0.0,3,0.0,0.0,0.0,0.0,0.0,0,0,0,0,0,0,0,0,0,0
129796430,0.0,0.0,-1.0,0.0,0.0,0.0,1.0,1.0,0.0,3,0.0,0.0,0.0,0.0,0.0,0,0,0,0,0,0,0,0,0,0
130289222,0.0,0.0,-1.0,0.0,0.0,0.0,1.0,1.0,0.0,3,0.0,0.0,0.0,0.0,0.0,0,0,0,0,0,0,0,0,0,0
130794010,0.0,0.0,-1.0,0.0,0.0,0.0,1.0,1.0,0.0,3,0.0,0.0,0.0,0.0,0.0,0,0,0,0,0,0,0,0,0,0
131298824,0.0,0.0,-1.0,0.0,0.0,0.0,1.0,1.0,0.0,3,0.0,0.0,0.0,0.0,0.0,0,0,0,0,0,0,0,0,0,0
131792138,0.0,0.0,-1.0,0.0,0.0,0.0,1.0,1.0,0.0,3,0.0,0.0,0.0,0.0,0.0,0,0,0,0,0,0,0,0,0,0
132296411,0.0,0.0,-1.0,0.0,0.0,0.0,1.0,1.0,0.0,3,0.0,0.0,0.0,0.0,0.0,0,0,0,0,0,0,0,0,0,0
132801245,0.0,0.0,-1.0,0.0,0.0,0.0,1.0,1.0,0.0,3,0.0,0.0,0.0,0.0,0.0,0,0,0,0,0,0,0,0,0,0
133294824,0.0,0.0,-1.0,0.0,0.0,0.0,1.0,1.0,0.0,3,0.0,0.0,0.0,0.0,0.0,0,0,0,0,0,0,0,0,0,0
133800573,0.0,0.0,-1.0,0.0,0.0,0.0,1.0,1.0,0.0,3,0.0,0.0,0.0,0.0,0.0,0,0,0,0,0,0,0,0,0,0
134294018,0.0,0.0,-1.0,0.0,0.0,0.0,1.0,1.0,0.0,3,0.0,0.0,0.0,0.0,0.0,0,0,0,0,0,0,0,0,0,0
134800429,0.0,0.0,-1.0,0.0,0.0,0.0,1.0,1.0,0.0,3,0.0,0.0,0.0,0.0,0.0,0,0,0,0,0,0,0,0,0,0
135293608,0.0,0.0,-1.0,0.0,0.0,0.0,1.0,1.0,0.0,3,0.0,0.0,0.0,0.0,0.0,0,0,0,0,0,0,0,0,0,0
135798021,0.0,0.0,-1.0,0.0,0.0,0.0,1.0,1.0,0.0,3,0.0,0.0,0.0,0.0,0.0,0,0,0,0,0,0,0,0,0,0
136302827,0.0,0.0,-1.0,0.0,0.0,0.0,1.0,1.0,0.0,3,0.0,0.0,0.0,0.0,0.0,0,0,0,0,0,0,0,0,0,0
136795619,0.0,0.0,-1.0,0.0,0.0,0.0,1.0,1.0,0.0,3,0.0,0.0,0.0,0.0,0.0,0,0,0,0,0,0,0,0,0,0
137301221,0.0,0.0,-1.0,0.0,0.0,0.0,1.0,1.0,0.0,3,0.0,0.0,0.0,0.0,0.0,0,0,0,0,0,0,0,0,0,0
137806002,0.0,0.0,-1.0,0.0,0.0,0.0,1.0,1.0,0.0,3,0.0,0.0,0.0,0.0,0.0,0,0,0,0,0,0,0,0,0,0
138298807,0.0,0.0,-1.0,0.0,0.0,0.0,1.0,1.0,0.0,3,0.0,0.0,0.0,0.0,0.0,0,0,0,0,0,0,0,0,0,0
138803614,0.0,0.0,-1.0,0.0,0.0,0.0,1.0,1.0,0.0,3,0.0,0.0,0.0,0.0,0.0,0,0,0,0,0,0,0,0,0,0
139308426,0.0,0.0,-1.0,0.0,0.0,0.0,1.0,1.0,0.0,3,0.0,0.0,0.0,0.0,0.0,0,0,0,0,0,0,0,0,0,0
139801384,0.0,0.0,-1.0,0.0,0.0,0.0,1.0,1.0,0.0,3,0.0,0.0,0.0,0.0,0.0,0,0,0,0,0,0,0,0,0,0
140306029,0.0,0.0,-1.0,0.0,0.0,0.0,1.0,1.0,0.0,3,0.0,0.0,0.0,0.0,0.0,0,0,0,0,0,0,0,0,0,0
140812444,0.0,0.0,-1.0,0.0,0.0,0.0,1.0,1.0,0.0,3,0.0,0.0,0.0,0.0,0.0,0,0,0,0,0,0,0,0,0,0
141317236,0.0,0.0,-1.0,0.0,0.0,0.0,1.0,1.0,0.0,3,0.0,0.0,0.0,0.0,0.0,0,0,0,0,0,0,0,0,0,0
141810004,0.0,0.0,-1.0,0.0,0.0,0.0,1.0,1.0,0.0,3,0.0,0.0,0.0,0.0,0.0,0,0,0,0,0,0,0,0,0,0
142314961,0.0,0.0,-1.0,0.0,0.0,0.0,1.0,1.0,0.0,3,0.0,0.0,0.0,0.0,0.0,0,0,0,0,0,0,0,0,0,0
142820422,0.0,0.0,-1.0,0.0,0.0,0.0,1.0,1.0,0.0,3,0.0,0.0,0.0,0.0,0.0,0,0,0,0,0,0,0,0,0,0
143314022,0.0,0.0,-1.0,0.0,0.0,0.0,1.0,1.0,0.0,3,0.0,0.0,0.0,0.0,0.0,0,0,0,0,0,0,0,0,0,0
143818848,0.0,0.0,-1.0,0.0,0.0,0.0,1.0,1.0,0.0,3,0.0,0.0,0.0,0.0,0.0,0,0,0,0,0,0,0,0,0,0
144323629,0.0,0.0,-1.0,0.0,0.0,0.0,1.0,1.0,0.0,3,0.0,0.0,0.0,0.0,0.0,0,0,0,0,0,0,0,0,0,0
144828395,0.0,0.0,-1.0,0.0,0.0,0.0,1.0,1.0,0.0,3,0.0,0.0,0.0,0.0,0.0,0,0,0,0,0,0,0,0,0,0
145322824,0.0,0.0,-1.0,0.0,0.0,0.0,1.0,1.0,0.0,3,0.0,0.0,0.0,0.0,0.0,0,0,0,0,0,0,0,0,0,0
145827617,0.0,0.0,-1.0,0.0,0.0,0.0,1.0,1.0,0.0,3,0.0,0.0,0.0,0.0,0.0,0,0,0,0,0,0,0,0,0,0
146332422,0.0,0.0,-1.0,0.0,0.0,0.0,1.0,1.0,0.0,3,0.0,0.0,0.0,0.0,0.0,0,0,0,0,0,0,0,0,0,0
146825219,0.0,0.0,-1.0,0.0,0.0,0.0,1.0,1.0,0.0,3,0.0,0.0,0.0,0.0,0.0,0,0,0,0,0,0,0,0,0,0
147330004,0.0,0.0,-1.0,0.0,0.0,0.0,1.0,1.0,0.0,3,0.0,0.0,0.0,0.0,0.0,0,0,0,0,0,0,0,0,0,0
147836431,0.0,0.0,-1.0,0.0,0.0,0.0,1.0,1.0,0.0,3,0.0,0.0,0.0,0.0,0.0,0,0,0,0,0,0,0,0,0,0
148329227,0.0,0.0,-1.0,0.0,0.0,0.0,1.0,1.0,0.0,3,0.0,0.0,0.0,0.0,0.0,0,0,0,0,0,0,0,0,0,0
148834009,0.0,0.0,-1.0,0.0,0.0,0.0,1.0,1.0,0.0,3,0.0,0.0,0.0,0.0,0.0,0,0,0,0,0,0,0,0,0,0
149339232,0.0,0.0,-1.0,0.0,0.0,0.0,1.0,1.0,0.0,3,0.0,0.0,0.0,0.0,0.0,0,0,0,0,0,0,0,0,0,0
149831617,0.0,0.0,-1.0,0.0,0.0,0.0,1.0,1.0,0.0,3,0.0,0.0,0.0,0.0,0.0,0,0,0,0,0,0,0,0,0,0
150337242,0.0,0.0,-1.0,0.0,0.0,0.0,1.0,1.0,0.0,3,0.0,0.0,0.0,0.0,0.0,0,0,0,0,0,0,0,0,0,0
150842037,0.0,0.0,-1.0,0.0,0.0,0.0,1.0,1.0,0.0,3,0.0,0.0,0.0,0.0,0.0,0,0,0,0,0,0,0,0,0,0
151334823,0.0,0.0,-1.0,0.0,0.0,0.0,1.0,1.0,0.0,3,0.0,0.0,0.0,0.0,0.0,0,0,0,0,0,0,0,0,0,0
151839624,0.0,0.0,-1.0,0.0,0.0,0.0,1.0,1.0,0.0,3,0.0,0.0,0.0,0.0,0.0,0,0,0,0,0,0,0,0,0,0
152344616,0.0,0.0,-1.0,0.0,0.0,0.0,1.0,1.0,0.0,3,0.0,0.0,0.0,0.0,0.0,0,0,0,0,0,0,0,0,0,0
152837225,0.0,0.0,-1.0,0.0,0.0,0.0,1.0,1.0,0.0,3,0.0,0.0,0.0,0.0,0.0,0,0,0,0,0,0,0,0,0,0
153342043,0.0,0.0,-1.0,0.0,0.0,0.0,1.0,1.0,0.0,3,0.0,0.0,0.0,0.0,0.0,0,0,0,0,0,0,0,0,0,0
153834831,0.0,0.0,-1.0,0.0,0.0,0.0,1.0,1.0,0.0,3,0.0,0.0,0.0,0.0,0.0,0,0,0,0,0,0,0,0,0,0
154340444,0.0,0.0,-1.0,0.0,0.0,0.0,1.0,1.0,0.0,3,0.0,0.0,0.0,0.0,0.0,0,0,0,0,0,0,0,0,0,0
154845237,0.0,0.0,-1.0,0.0,0.0,0.0,1.0,1.0,0.0,3,0.0,0.0,0.0,0.0,0.0,0,0,0,0,0,0,0,0,0,0
155338013,0.0,0.0,-1.0,0.0,0.0,0.0,1.0,1.0,0.0,3,0.0,0.0,0.0,0.0,0.0,0,0,0,0,0,0,0,0,0,0
155842802,0.0,0.0,-1.0,0.0,0.0,0.0,1.0,1.0,0.0,3,0.0,0.0,0.0,0.0,0.0,0,0,0,0,0,0,0,0,0,0
156347609,0.0,0.0,-1.0,0.0,0.0,0.0,1.0,1.0,0.0,3,0.0,0.0,0.0,0.0,0.0,0,0,0,0,0,0,0,0,0,0
156842421,0.0,0.0,-1.0,0.0,0.0,0.0,1.0,1.0,0.0,3,0.0,0.0,0.0,0.0,0.0,0,0,0,0,0,0,0,0,0,0
157346817,0.0,0.0,-1.0,0.0,0.0,0.0,1.0,1.0,0.0,3,0.0,0.0,0.0,0.0,0.0,0,0,0,0,0,0,0,0,0,0
157851758,0.0,0.0,-1.0,0.0,0.0,0.0,1.0,1.0,0.0,3,0.0,0.0,0.0,0.0,0.0,0,0,0,0,0,0,0,0,0,0
158344655,0.0,0.0,-1.0,0.0,0.0,0.0,1.0,1.0,0.0,3,0.0,0.0,0.0,0.0,0.0,0,0,0,0,0,0,0,0,0,0
158849230,0.0,0.0,-1.0,0.0,0.0,0.0,1.0,1.0,0.0,3,0.0,0.0,0.0,0.0,0.0,0,0,0,0,0,0,0,0,0,0
159353996,0.0,0.0,-1.0,0.0,0.0,0.0,1.0,1.0,0.0,3,0.0,0.0,0.0,0.0,0.0,0,0,0,0,0,0,0,0,0,0
159846802,0.0,0.0,-1.0,0.0,0.0,0.0,1.0,1.0,0.0,3,0.0,0.0,0.0,0.0,0.0,0,0,0,0,0,0,0,0,0,0
160353381,0.0,0.0,-1.0,0.0,0.0,0.0,1.0,1.0,0.0,3,0.0,0.0,0.0,0.0,0.0,0,0,0,0,0,0,0,0,0,0
160858827,0.0,0.0,-1.0,0.0,0.0,0.0,1.0,1.0,0.0,3,0.0,0.0,0.0,0.0,0.0,0,0,0,0,0,0,0,0,0,0
161351603,0.0,0.0,-1.0,0.0,0.0,0.0,1.0,1.0,0.0,3,0.0,0.0,0.0,0.0,0.0,0,0,0,0,0,0,0,0,0,0
161857218,0.0,0.0,-1.0,0.0,0.0,0.0,1.0,1.0,0.0,3,0.0,0.0,0.0,0.0,0.0,0,0,0,0,0,0,0,0,0,0
162362005,0.0,0.0,-1.0,0.0,0.0,0.0,1.0,1.0,0.0,3,0.0,0.0,0.0,0.0,0.0,0,0,0,0,0,0,0,0,0,0
162854836,0.0,0.0,-1.0,0.0,0.0,0.0,1.0,1.0,0.0,3,0.0,0.0,0.0,0.0,0.0,0,0,0,0,0,0,0,0,0,0
163359598,0.0,0.0,-1.0,0.0,0.0,0.0,1.0,1.0,0.0,3,0.0,0.0,0.0,0.0,0.0,0,0,0,0,0,0,0,0,0,0
163864627,0.0,0.0,-1.0,0.0,0.0,0.0,1.0,1.0,0.0,3,0.0,0.0,0.0,0.0,0.0,0,0,0,0,0,0,0,0,0,0
164357390,0.0,0.0,-1.0,0.0,0.0,0.0,1.0,1.0,0.0,3,0.0,0.0,0.0,0.0,0.0,0,0,0,0,0,0,0,0,0,0
164862020,0.0,0.0,-1.0,0.0,0.0,0.0,1.0,1.0,0.0,3,0.0,0.0,0.0,0.0,0.0,0,0,0,0,0,0,0,0,0,0
165368416,0.0,0.0,-1.0,0.0,0.0,0.0,1.0,1.0,0.0,3,0.0,0.0,0.0,0.0,0.0,0,0,0,0,0,0,0,0,0,0
165861221,0.0,0.0,-1.0,0.0,0.0,0.0,1.0,1.0,0.0,3,0.0,0.0,0.0,0.0,0.0,0,0,0,0,0,0,0,0,0,0
166366411,0.0,0.0,-1.0,0.0,0.0,0.0,1.0,1.0,0.0,3,0.0,0.0,0.0,0.0,0.0,0,0,0,0,0,0,0,0,0,0
166872446,0.0,0.0,-1.0,0.0,0.0,0.0,1.0,1.0,0.0,3,0.0,0.0,0.0,0.0,0.0,0,0,0,0,0,0,0,0,0,0
167365365,0.0,0.0,-1.0,0.0,0.0,0.0,1.0,1.0,0.0,3,0.0,0.0,0.0,0.0,0.0,0,0,0,0,0,0,0,0,0,0
167870023,0.0,0.0,-1.0,0.0,0.0,0.0,1.0,1.0,0.0,3,0.0,0.0,0.0,0.0,0.0,0,0,0,0,0,0,0,0,0,0
168374968,0.0,0.0,-1.0,0.0,0.0,0.0,1.0,1.0,0.0,3,0.0,0.0,0.0,0.0,0.0,0,0,0,0,0,0,0,0,0,0
168868414,0.0,0.0,-1.0,0.0,0.0,0.0,1.0,1.0,0.0,3,0.0,0.0,0.0,0.0,0.0,0,0,0,0,0,0,0,0,0,0
169373383,0.0,0.0,-1.0,0.0,0.0,0.0,1.0,1.0,0.0,3,0.0,0.0,0.0,0.0,0.0,0,0,0,0,0,0,0,0,0,0
169878827,0.0,0.0,-1.0,0.0,0.0,0.0,1.0,1.0,0.0,3,0.0,0.0,0.0,0.0,0.0,0,0,0,0,0,0,0,0,0,0
170371611,0.0,0.0,-1.0,0.0,0.0,0.0,1.0,1.0,0.0,3,0.0,0.0,0.0,0.0,0.0,0,0,0,0,0,0,0,0,0,0
170876417,0.0,0.0,-1.0,0.0,0.0,0.0,1.0,1.0,0.0,3,0.0,0.0,0.0,0.0,0.0,0,0,0,0,0,0,0,0,0,0
171381234,0.0,0.0,-1.0,0.0,0.0,0.0,1.0,1.0,0.0,3,0.0,0.0,0.0,0.0,0.0,0,0,0,0,0,0,0,0,0,0
171874025,0.0,0.0,-1.0,0.0,0.0,0.0,1.0,1.0,0.0,3,0.0,0.0,0.0,0.0,0.0,0,0,0,0,0,0,0,0,0,0
172378806,0.0,0.0,-1.0,0.0,0.0,0.0,1.0,1.0,0.0,3,0.0,0.0,0.0,0.0,0.0,0,0,0,0,0,0,0,0,0,0
172885367,0.0,0.0,-1.0,0.0,0.0,0.0,1.0,1.0,0.0,3,0.0,0.0,0.0,0.0,0.0,0,0,0,0,0,0,0,0,0,0
173390006,0.0,0.0,-1.0,0.0,0.0,0.0,1.0,1.0,0.0,3,0.0,0.0,0.0,0.0,0.0,0,0,0,0,0,0,0,0,0,0
173882810,0.0,0.0,-1.0,0.0,0.0,0.0,1.0,1.0,0.0,3,0.0,0.0,0.0,0.0,0.0,0,0,0,0,0,0,0,0,0,0
174387610,0.0,0.0,-1.0,0.0,0.0,0.0,1.0,1.0,0.0,3,0.0,0.0,0.0,0.0,0.0,0,0,0,0,0,0,0,0,0,0
174892439,0.0,0.0,-1.0,0.0,0.0,0.0,1.0,1.0,0.0,3,0.0,0.0,0.0,0.0,0.0,0,0,0,0,0,0,0,0,0,0
175397246,0.0,0.0,-1.0,0.0,0.0,0.0,1.0,1.0,0.0,3,0.0,0.0,0.0,0.0,0.0,0,0,0,0,0,0,0,0,0,0
175890830,0.0,0.0,-1.0,0.0,0.0,0.0,1.0,1.0,0.0,3,0.0,0.0,0.0,0.0,0.0,0,0,0,0,0,0,0,0,0,0
176395612,0.0,0.0,-1.0,0.0,0.0,0.0,1.0,1.0,0.0,3,0.0,0.0,0.0,0.0,0.0,0,0,0,0,0,0,0,0,0,0
176900433,0.0,0.0,-1.0,0.0,0.0,0.0,1.0,1.0,0.0,3,0.0,0.0,0.0,0.0,0.0,0,0,0,0,0,0,0,0,0,0
177393229,0.0,0.0,-1.0,0.0,0.0,0.0,1.0,1.0,0.0,3,0.0,0.0,0.0,0.0,0.0,0,0,0,0,0,0,0,0,0,0
177898010,0.0,0.0,-1.0,0.0,0.0,0.0,1.0,1.0,0.0,3,0.0,0.0,0.0,0.0,0.0,0,0,0,0,0,0,0,0,0,0
178402820,0.0,0.0,-1.0,0.0,0.0,0.0,1.0,1.0,0.0,3,0.0,0.0,0.0,0.0,0.0,0,0,0,0,0,0,0,0,0,0
178907631,0.0,0.0,-1.0,0.0,0.0,0.0,1.0,1.0,0.0,3,0.0,0.0,0.0,0.0,0.0,0,0,0,0,0,0,0,0,0,0
179401222,0.0,0.0,-1.0,0.0,0.0,0.0,1.0,1.0,0.0,3,0.0,0.0,0.0,0.0,0.0,0,0,0,0,0,0,0,0,0,0
179906802,0.0,0.0,-1.0,0.0,0.0,0.0,1.0,1.0,0.0,3,0.0,0.0,0.0,0.0,0.0,0,0,0,0,0,0,0,0,0,0
180412423,0.0,0.0,-1.0,0.0,0.0,0.0,1.0,1.0,0.0,3,0.0,0.0,0.0,0.0,0.0,0,0,0,0,0,0,0,0,0,0
180905229,0.0,0.0,-1.0,0.0,0.0,0.0,1.0,1.0,0.0,3,0.0,0.0,0.0,0.0,0.0,0,0,0,0,0,0,0,0,0,0
181411622,0.0,0.0,-1.0,0.0,0.0,0.0,1.0,1.0,0.0,3,0.0,0.0,0.0,0.0,0.0,0,0,0,0,0,0,0,0,0,0
181916417,0.0,0.0,-1.0,0.0,0.0,0.0,1.0,1.0,0.0,3,0.0,0.0,0.0,0.0,0.0,0,0,0,0,0,0,0,0,0,0
182409227,0.0,0.0,-1.0,0.0,0.0,0.0,1.0,1.0,0.0,3,0.0,0.0,0.0,0.0,0.0,0,0,0,0,0,0,0,0,0,0
182914008,0.0,0.0,-1.0,0.0,0.0,0.0,1.0,1.0,0.0,3,0.0,0.0,0.0,0.0,0.0,0,0,0,0,0,0,0,0,0,0
183418968,0.0,0.0,-1.0,0.0,0.0,0.0,1.0,1.0,0.0,3,0.0,0.0,0.0,0.0,0.0,0,0,0,0,0,0,0,0,0,0
183912418,0.0,0.0,-1.0,0.0,0.0,0.0,1.0,1.0,0.0,3,0.0,0.0,0.0,0.0,0.0,0,0,0,0,0,0,0,0,0,0
184418007,0.0,0.0,-1.0,0.0,0.0,0.0,1.0,1.0,0.0,3,0.0,0.0,0.0,0.0,0.0,0,0,0,0,0,0,0,0,0,0
184910817,0.0,0.0,-1.0,0.0,0.0,0.0,1.0,1.0,0.0,3,0.0,0.0,0.0,0.0,0.0,0,0,0,0,0,0,0,0,0,0
185415622,0.0,0.0,-1.0,0.0,0.0,0.0,1.0,1.0,0.0,3,0.0,0.0,0.0,0.0,0.0,0,0,0,0,0,0,0,0,0,0
185920415,0.0,0.0,-1.0,0.0,0.0,0.0,1.0,1.0,0.0,3,0.0,0.0,0.0,0.0,0.0,0,0,0,0,0,0,0,0,0,0
186425240,0.0,0.0,-1.0,0.0,0.0,0.0,1.0,1.0,0.0,3,0.0,0.0,0.0,0.0,0.0,0,0,0,0,0,0,0,0,0,0
186918831,0.0,0.0,-1.0,0.0,0.0,0.0,1.0,1.0,0.0,3,0.0,0.0,0.0,0.0,0.0,0,0,0,0,0,0,0,0,0,0
187423613,0.0,0.0,-1.0,0.0,0.0,0.0,1.0,1.0,0.0,3,0.0,0.0,0.0,0.0,0.0,0,0,0,0,0,0,0,0,0,0
187928408,0.0,0.0,-1.0,0.0,0.0,0.0,1.0,1.0,0.0,3,0.0,0.0,0.0,0.0,0.0,0,0,0,0,0,0,0,0,0,0
188421223,0.0,0.0,-1.0,0.0,0.0,0.0,1.0,1.0,0.0,3,0.0,0.0,0.0,0.0,0.0,0,0,0,0,0,0,0,0,0,0
188925998,0.0,0.0,-1.0,0.0,0.0,0.0,1.0,1.0,0.0,3,0.0,0.0,0.0,0.0,0.0,0,0,0,0,0,0,0,0,0,0
189430822,0.0,0.0,-1.0,0.0,0.0,0.0,1.0,1.0,0.0,3,0.0,0.0,0.0,0.0,0.0,0,0,0,0,0,0,0,0,0,0
189923621,0.0,0.0,-1.0,0.0,0.0,0.0,1.0,1.0,0.0,3,0.0,0.0,0.0,0.0,0.0,0,0,0,0,0,0,0,0,0,0
190429235,0.0,0.0,-1.0,0.0,0.0,0.0,1.0,1.0,0.0,3,0.0,0.0,0.0,0.0,0.0,0,0,0,0,0,0,0,0,0,0
190921999,0.0,0.0,-1.0,0.0,0.0,0.0,1.0,1.0,0.0,3,0.0,0.0,0.0,0.0,0.0,0,0,0,0,0,0,0,0,0,0
191426838,0.0,0.0,-1.0,0.0,0.0,0.0,1.0,1.0,0.0,3,0.0,0.0,0.0,0.0,0.0,0,0,0,0,0,0,0,0,0,0
191931612,0.0,0.0,-1.0,0.0,0.0,0.0,1.0,1.0,0.0,3,0.0,0.0,0.0,0.0,0.0,0,0,0,0,0,0,0,0,0,0
192424601,0.0,0.0,-1.0,0.0,0.0,0.0,1.0,1.0,0.0,3,0.0,0.0,0.0,0.0,0.0,0,0,0,0,0,0,0,0,0,0
192930008,0.0,0.0,-1.0,0.0,0.0,0.0,1.0,1.0,0.0,3,0.0,0.0,0.0,0.0,0.0,0,0,0,0,0,0,0,0,0,0
193435616,0.0,0.0,-1.0,0.0,0.0,0.0,1.0,1.0,0.0,3,0.0,0.0,0.0,0.0,0.0,0,0,0,0,0,0,0,0,0,0
193928401,0.0,0.0,-1.0,0.0,0.0,0.0,1.0,1.0,0.0,3,0.0,0.0,0.0,0.0,0.0,0,0,0,0,0,0,0,0,0,0
194433247,0.0,0.0,-1.0,0.0,0.0,0.0,1.0,1.0,0.0,3,0.0,0.0,0.0,0.0,0.0,0,0,0,0,0,0,0,0,0,0
194938324,0.0,0.0,-1.0,0.0,0.0,0.0,1.0,1.0,0.0,3,0.0,0.0,0.0,0.0,0.0,0,0,0,0,0,0,0,0,0,0
195431610,0.0,0.0,-1.0,0.0,0.0,0.0,1.0,1.0,0.0,3,0.0,0.0,0.0,0.0,0.0,0,0,0,0,0,0,0,0,0,0
195937220,0.0,0.0,-1.0,0.0,0.0,0.0,1.0,1.0,0.0,3,0.0,0.0,0.0,0.0,0.0,0,0,0,0,0,0,0,0,0,0
196430816,0.0,0.0,-1.0,0.0,0.0,0.0,1.0,1.0,0.0,3,0.0,0.0,0.0,0.0,0.0,0,0,0,0,0,0,0,0,0,0
196935776,0.0,0.0,-1.0,0.0,0.0,0.0,1.0,1.0,0.0,3,0.0,0.0,0.0,0.0,0.0,0,0,0,0,0,0,0,0,0,0
197440607,0.0,0.0,-1.0,0.0,0.0,0.0,1.0,1.0,0.0,3,0.0,0.0,0.0,0.0,0.0,0,0,0,0,0,0,0,0,0,0
197933241,0.0,0.0,-1.0,0.0,0.0,0.0,1.0,1.0,0.0,3,0.0,0.0,0.0,0.0,0.0,0,0,0,0,0,0,0,0,0,0
198439210,0.0,0.0,-1.0,0.0,0.0,0.0,1.0,1.0,0.0,3,0.0,0.0,0.0,0.0,0.0,0,0,0,0,0,0,0,0,0,0
198943617,0.0,0.0,-1.0,0.0,0.0,0.0,1.0,1.0,0.0,3,0.0,0.0,0.0,0.0,0.0,0,0,0,0,0,0,0,0,0,0
199448405,0.0,0.0,-1.0,0.0,0.0,0.0,1.0,1.0,0.0,3,0.0,0.0,0.0,0.0,0.0,0,0,0,0,0,0,0,0,0,0
199941417,0.0,0.0,-1.0,0.0,0.0,0.0,1.0,1.0,0.0,3,0.0,0.0,0.0,0.0,0.0,0,0,0,0,0,0,0,0,0,0
200446004,0.0,0.0,-1.0,0.0,0.0,0.0,1.0,1.0,0.0,3,0.0,0.0,0.0,0.0,0.0,0,0,0,0,0,0,0,0,0,0
200950816,0.0,0.0,-1.0,0.0,0.0,0.0,1.0,1.0,0.0,3,0.0,0.0,0.0,0.0,0.0,0,0,0,0,0,0,0,0,0,0
201443762,0.0,0.0,-1.0,0.0,0.0,0.0,1.0,1.0,0.0,3,0.0,0.0,0.0,0.0,0.0,0,0,0,0,0,0,0,0,0,0
201948422,0.0,0.0,-1.0,0.0,0.0,0.0,1.0,1.0,0.0,3,0.0,0.0,0.0,0.0,0.0,0,0,0,0,0,0,0,0,0,0
202454846,0.0,0.0,-1.0,0.0,0.0,0.0,1.0,1.0,0.0,3,0.0,0.0,0.0,0.0,0.0,0,0,0,0,0,0,0,0,0,0
202948431,0.0,0.0,-1.0,0.0,0.0,0.0,1.0,1.0,0.0,3,0.0,0.0,0.0,0.0,0.0,0,0,0,0,0,0,0,0,0,0
203453215,0.0,0.0,-1.0,0.0,0.0,0.0,1.0,1.0,0.0,3,0.0,0.0,0.0,0.0,0.0,0,0,0,0,0,0,0,0,0,0
203958823,0.0,0.0,-1.0,0.0,0.0,0.0,1.0,1.0,0.0,3,0.0,0.0,0.0,0.0,0.0,0,0,0,0,0,0,0,0,0,0
204451622,0.0,0.0,-1.0,0.0,0.0,0.0,1.0,1.0,0.0,3,0.0,0.0,0.0,0.0,0.0,0,0,0,0,0,0,0,0,0,0
204956413,0.0,0.0,-1.0,0.0,0.0,0.0,1.0,1.0,0.0,3,0.0,0.0,0.0,0.0,0.0,0,0,0,0,0,0,0,0,0,0
205461218,0.0,0.0,-1.0,0.0,0.0,0.0,1.0,1.0,0.0,3,0.0,0.0,0.0,0.0,0.0,0,0,0,0,0,0,0,0,0,0
205954039,0.0,0.0,-1.0,0.0,0.0,0.0,1.0,1.0,0.0,3,0.0,0.0,0.0,0.0,0.0,0,0,0,0,0,0,0,0,0,0
206458823,0.0,0.0,-1.0,0.0,0.0,0.0,1.0,1.0,0.0,3,0.0,0.0,0.0,0.0,0.0,0,0,0,0,0,0,0,0,0,0
206963626,0.0,0.0,-1.0,0.0,0.0,0.0,1.0,1.0,0.0,3,0.0,0.0,0.0,0.0,0.0,0,0,0,0,0,0,0,0,0,0
207458007,0.0,0.0,-1.0,0.0,0.0,0.0,1.0,1.0,0.0,3,0.0,0.0,0.0,0.0,0.0,0,0,0,0,0,0,0,0,0,0
207963213,0.0,0.0,-1.0,0.0,0.0,0.0,1.0,1.0,0.0,3,0.0,0.0,0.0,0.0,0.0,0,0,0,0,0,0,0,0,0,0
208467607,0.0,0.0,-1.0,0.0,0.0,0.0,1.0,1.0,0.0,3,0.0,0.0,0.0,0.0,0.0,0,0,0,0,0,0,0,0,0,0
208960436,0.0,0.0,-1.0,0.0,0.0,0.0,1.0,1.0,0.0,3,0.0,0.0,0.0,0.0,0.0,0,0,0,0,0,0,0,0,0,0
209465218,0.0,0.0,-1.0,0.0,0.0,0.0,1.0,1.0,0.0,3,0.0,0.0,0.0,0.0,0.0,0,0,0,0,0,0,0,0,0,0
209970027,0.0,0.0,-1.0,0.0,0.0,0.0,1.0,1.0,0.0,3,0.0,0.0,0.0,0.0,0.0,0,0,0,0,0,0,0,0,0,0
210464168,0.0,0.0,-1.0,0.0,0.0,0.0,1.0,1.0,0.0,3,0.0,0.0,0.0,0.0,0.0,0,0,0,0,0,0,0,0,0,0
210968411,0.0,0.0,-1.0,0.0,0.0,0.0,1.0,1.0,0.0,3,0.0,0.0,0.0,0.0,0.0,0,0,0,0,0,0,0,0,0,0
211473236,0.0,0.0,-1.0,0.0,0.0,0.0,1.0,1.0,0.0,3,0.0,0.0,0.0,0.0,0.0,0,0,0,0,0,0,0,0,0,0
211966003,0.0,0.0,-1.0,0.0,0.0,0.0,1.0,1.0,0.0,3,0.0,0.0,0.0,0.0,0.0,0,0,0,0,0,0,0,0,0,0
212471632,0.0,0.0,-1.0,0.0,0.0,0.0,1.0,1.0,0.0,3,0.0,0.0,0.0,0.0,0.0,0,0,0,0,0,0,0,0,0,0
212976570,0.0,0.0,-1.0,0.0,0.0,0.0,1.0,1.0,0.0,3,0.0,0.0,0.0,0.0,0.0,0,0,0,0,0,0,0,0,0,0
213470179,0.0,0.0,-1.0,0.0,0.0,0.0,1.0,1.0,0.0,3,0.0,0.0,0.0,0.0,0.0,0,0,0,0,0,0,0,0,0,0
213975607,0.0,0.0,-1.0,0.0,0.0,0.0,1.0,1.0,0.0,3,0.0,0.0,0.0,0.0,0.0,0,0,0,0,0,0,0,0,0,0
214480424,0.0,0.0,-1.0,0.0,0.0,0.0,1.0,1.0,0.0,3,0.0,0.0,0.0,0.0,0.0,0,0,0,0,0,0,0,0,0,0
214973215,0.0,0.0,-1.0,0.0,0.0,0.0,1.0,1.0,0.0,3,0.0,0.0,0.0,0.0,0.0,0,0,0,0,0,0,0,0,0,0
215478024,0.0,0.0,-1.0,0.0,0.0,0.0,1.0,1.0,0.0,3,0.0,0.0,0.0,0.0,0.0,0,0,0,0,0,0,0,0,0,0
215972411,0.0,0.0,-1.0,0.0,0.0,0.0,1.0,1.0,0.0,3,0.0,0.0,0.0,0.0,0.0,0,0,0,0,0,0,0,0,0,0
216477231,0.0,0.0,-1.0,0.0,0.0,0.0,1.0,1.0,0.0,3,0.0,0.0,0.0,0.0,0.0,0,0,0,0,0,0,0,0,0,0
216982019,0.0,0.0,-1.0,0.0,0.0,0.0,1.0,1.0,0.0,3,0.0,0.0,0.0,0.0,0.0,0,0,0,0,0,0,0,0,0,0
217475610,0.0,0.0,-1.0,0.0,0.0,0.0,1.0,1.0,0.0,3,0.0,0.0,0.0,0.0,0.0,0,0,0,0,0,0,0,0,0,0
217981406,0.0,0.0,-1.0,0.0,0.0,0.0,1.0,1.0,0.0,3,0.0,0.0,0.0,0.0,0.0,0,0,0,0,0,0,0,0,0,0
218486019,0.0,0.0,-1.0,0.0,0.0,0.0,1.0,1.0,0.0,3,0.0,0.0,0.0,0.0,0.0,0,0,0,0,0,0,0,0,0,0
218979610,0.0,0.0,-1.0,0.0,0.0,0.0,1.0,1.0,0.0,3,0.0,0.0,0.0,0.0,0.0,0,0,0,0,0,0,0,0,0,0
219484607,0.0,0.0,-1.0,0.0,0.0,0.0,1.0,1.0,0.0,3,0.0,0.0,0.0,0.0,0.0,0,0,0,0,0,0,0,0,0,0
219989235,0.0,0.0,-1.0,0.0,0.0,0.0,1.0,1.0,0.0,3,0.0,0.0,0.0,0.0,0.0,0,0,0,0,0,0,0,0,0,0
220483625,0.0,0.0,-1.0,0.0,0.0,0.0,1.0,1.0,0.0,3,0.0,0.0,0.0,0.0,0.0,0,0,0,0,0,0,0,0,0,0
220988421,0.0,0.0,-1.0,0.0,0.0,0.0,1.0,1.0,0.0,3,0.0,0.0,0.0,0.0,0.0,0,0,0,0,0,0,0,0,0,0
221481230,0.0,0.0,-1.0,0.0,0.0,0.0,1.0,1.0,0.0,3,0.0,0.0,0.0,0.0,0.0,0,0,0,0,0,0,0,0,0,0
221986004,0.0,0.0,-1.0,0.0,0.0,0.0,1.0,1.0,0.0,3,0.0,0.0,0.0,0.0,0.0,0,0,0,0,0,0,0,0,0,0
222492441,0.0,0.0,-1.0,0.0,0.0,0.0,1.0,1.0,0.0,3,0.0,0.0,0.0,0.0,0.0,0,0,0,0,0,0,0,0,0,0
222985218,0.0,0.0,-1.0,0.0,0.0,0.0,1.0,1.0,0.0,3,0.0,0.0,0.0,0.0,0.0,0,0,0,0,0,0,0,0,0,0
223490017,0.0,0.0,-1.0,0.0,0.0,0.0,1.0,1.0,0.0,3,0.0,0.0,0.0,0.0,0.0,0,0,0,0,0,0,0,0,0,0
223995626,0.0,0.0,-1.0,0.0,0.0,0.0,1.0,1.0,0.0,3,0.0,0.0,0.0,0.0,0.0,0,0,0,0,0,0,0,0,0,0
224488569,0.0,0.0,-1.0,0.0,0.0,0.0,1.0,1.0,0.0,3,0.0,0.0,0.0,0.0,0.0,0,0,0,0,0,0,0,0,0,0
224994822,0.0,0.0,-1.0,0.0,0.0,0.0,1.0,1.0,0.0,3,0.0,0.0,0.0,0.0,0.0,0,0,0,0,0,0,0,0,0,0
225500430,0.0,0.0,-1.0,0.0,0.0,0.0,1.0,1.0,0.0,3,0.0,0.0,0.0,0.0,0.0,0,0,0,0,0,0,0,0,0,0
225993208,0.0,0.0,-1.0,0.0,0.0,0.0,1.0,1.0,0.0,3,0.0,0.0,0.0,0.0,0.0,0,0,0,0,0,0,0,0,0,0
226498002,0.0,0.0,-1.0,0.0,0.0,0.0,1.0,1.0,0.0,3,0.0,0.0,0.0,0.0,0.0,0,0,0,0,0,0,0,0,0,0
227003625,0.0,0.0,-1.0,0.0,0.0,0.0,1.0,1.0,0.0,3,0.0,0.0,0.0,0.0,0.0,0,0,0,0,0,0,0,0,0,0
227496590,0.0,0.0,-1.0,0.0,0.0,0.0,1.0,1.0,0.0,3,0.0,0.0,0.0,0.0,0.0,0,0,0,0,0,0,0,0,0,0
228001360,0.0,0.0,-1.0,0.0,0.0,0.0,1.0,1.0,0.0,3,0.0,0.0,0.0,0.0,0.0,0,0,0,0,0,0,0,0,0,0
228506040,0.0,0.0,-1.0,0.0,0.0,0.0,1.0,1.0,0.0,3,0.0,0.0,0.0,0.0,0.0,0,0,0,0,0,0,0,0,0,0
228998798,0.0,0.0,-1.0,0.0,0.0,0.0,1.0,1.0,0.0,3,0.0,0.0,0.0,0.0,0.0,0,0,0,0,0,0,0,0,0,0
229503615,0.0,0.0,-1.0,0.0,0.0,0.0,1.0,1.0,0.0,3,0.0,0.0,0.0,0.0,0.0,0,0,0,0,0,0,0,0,0,0
230010010,0.0,0.0,-1.0,0.0,0.0,0.0,1.0,1.0,0.0,3,0.0,0.0,0.0,0.0,0.0,0,0,0,0,0,0,0,0,0,0
230502808,0.0,0.0,-1.0,0.0,0.0,0.0,1.0,1.0,0.0,3,0.0,0.0,0.0,0.0,0.0,0,0,0,0,0,0,0,0,0,0
231008435,0.0,0.0,-1.0,0.0,0.0,0.0,1.0,1.0,0.0,3,0.0,0.0,0.0,0.0,0.0,0,0,0,0,0,0,0,0,0,0
231501220,0.0,0.0,-1.0,0.0,0.0,0.0,1.0,1.0,0.0,3,0.0,0.0,0.0,0.0,0.0,0,0,0,0,0,0,0,0,0,0
232006019,0.0,0.0,-1.0,0.0,0.0,0.0,1.0,1.0,0.0,3,0.0,0.0,0.0,0.0,0.0,0,0,0,0,0,0,0,0,0,0
232511628,0.0,0.0,-1.0,0.0,0.0,0.0,1.0,1.0,0.0,3,0.0,0.0,0.0,0.0,0.0,0,0,0,0,0,0,0,0,0,0
233005216,0.0,0.0,-1.0,0.0,0.0,0.0,1.0,1.0,0.0,3,0.0,0.0,0.0,0.0,0.0,0,0,0,0,0,0,0,0,0,0
233510011,0.0,0.0,-1.0,0.0,0.0,0.0,1.0,1.0,0.0,3,0.0,0.0,0.0,0.0,0.0,0,0,0,0,0,0,0,0,0,0
234014844,0.0,0.0,-1.0,0.0,0.0,0.0,1.0,1.0,0.0,3,0.0,0.0,0.0,0.0,0.0,0,0,0,0,0,0,0,0,0,0
234507622,0.0,0.0,-1.0,0.0,0.0,0.0,1.0,1.0,0.0,3,0.0,0.0,0.0,0.0,0.0,0,0,0,0,0,0,0,0,0,0
235013227,0.0,0.0,-1.0,0.0,0.0,0.0,1.0,1.0,0.0,3,0.0,0.0,0.0,0.0,0.0,0,0,0,0,0,0,0,0,0,0
235518030,0.0,0.0,-1.0,0.0,0.0,0.0,1.0,1.0,0.0,3,0.0,0.0,0.0,0.0,0.0,0,0,0,0,0,0,0,0,0,0
236011597,0.0,0.0,-1.0,0.0,0.0,0.0,1.0,1.0,0.0,3,0.0,0.0,0.0,0.0,0.0,0,0,0,0,0,0,0,0,0,0
236516405,0.0,0.0,-1.0,0.0,0.0,0.0,1.0,1.0,0.0,3,0.0,0.0,0.0,0.0,0.0,0,0,0,0,0,0,0,0,0,0
237021244,0.0,0.0,-1.0,0.0,0.0,0.0,1.0,1.0,0.0,3,0.0,0.0,0.0,0.0,0.0,0,0,0,0,0,0,0,0,0,0
237514010,0.0,0.0,-1.0,0.0,0.0,0.0,1.0,1.0,0.0,3,0.0,0.0,0.0,0.0,0.0,0,0,0,0,0,0,0,0,0,0
238019631,0.0,0.0,-1.0,0.0,0.0,0.0,1.0,1.0,0.0,3,0.0,0.0,0.0,0.0,0.0,0,0,0,0,0,0,0,0,0,0
238524592,0.0,0.0,-1.0,0.0,0.0,0.0,1.0,1.0,0.0,3,0.0,0.0,0.0,0.0,0.0,0,0,0,0,0,0,0,0,0,0
239017373,0.0,0.0,-1.0,0.0,0.0,0.0,1.0,1.0,0.0,3,0.0,0.0,0.0,0.0,0.0,0,0,0,0,0,0,0,0,0,0
239522028,0.0,0.0,-1.0,0.0,0.0,0.0,1.0,1.0,0.0,3,0.0,0.0,0.0,0.0,0.0,0,0,0,0,0,0,0,0,0,0
240026829,0.0,0.0,-1.0,0.0,0.0,0.0,1.0,1.0,0.0,3,0.0,0.0,0.0,0.0,0.0,0,0,0,0,0,0,0,0,0,0
240519608,0.0,0.0,-1.0,0.0,0.0,0.0,1.0,1.0,0.0,3,0.0,0.0,0.0,0.0,0.0,0,0,0,0,0,0,0,0,0,0
241024623,0.0,0.0,-1.0,0.0,0.0,0.0,1.0,1.0,0.0,3,0.0,0.0,0.0,0.0,0.0,0,0,0,0,0,0,0,0,0,0
241518006,0.0,0.0,-1.0,0.0,0.0,0.0,1.0,1.0,0.0,3,0.0,0.0,0.0,0.0,0.0,0,0,0,0,0,0,0,0,0,0
242022836,0.0,0.0,-1.0,0.0,0.0,0.0,1.0,1.0,0.0,3,0.0,0.0,0.0,0.0,0.0,0,0,0,0,0,0,0,0,0,0
242527610,0.0,0.0,-1.0,0.0,0.0,0.0,1.0,1.0,0.0,3,0.0,0.0,0.0,0.0,0.0,0,0,0,0,0,0,0,0,0,0
243020607,0.0,0.0,-1.0,0.0,0.0,0.0,1.0,1.0,0.0,3,0.0,0.0,0.0,0.0,0.0,0,0,0,0,0,0,0,0,0,0
243525227,0.0,0.0,-1.0,0.0,0.0,0.0,1.0,1.0,0.0,3,0.0,0.0,0.0,0.0,0.0,0,0,0,0,0,0,0,0,0,0
244030818,0.0,0.0,-1.0,0.0,0.0,0.0,1.0,1.0,0.0,3,0.0,0.0,0.0,0.0,0.0,0,0,0,0,0,0,0,0,0,0
244525239,0.0,0.0,-1.0,0.0,0.0,0.0,1.0,1.0,0.0,3,0.0,0.0,0.0,0.0,0.0,0,0,0,0,0,0,0,0,0,0
245030003,0.0,0.0,-1.0,0.0,0.0,0.0,1.0,1.0,0.0,3,0.0,0.0,0.0,0.0,0.0,0,0,0,0,0,0,0,0,0,0
245522825,0.0,0.0,-1.0,0.0,0.0,0.0,1.0,1.0,0.0,3,0.0,0.0,0.0,0.0,0.0,0,0,0,0,0,0,0,0,0,0
246027623,0.0,0.0,-1.0,0.0,0.0,0.0,1.0,1.0,0.0,3,0.0,0.0,0.0,0.0,0.0,0,0,0,0,0,0,0,0,0,0
246532410,0.0,0.0,-1.0,0.0,0.0,0.0,1.0,1.0,0.0,3,0.0,0.0,0.0,0.0,0.0,0,0,0,0,0,0,0,0,0,0
247026001,0.0,0.0,-1.0,0.0,0.0,0.0,1.0,1.0,0.0,3,0.0,0.0,0.0,0.0,0.0,0,0,0,0,0,0,0,0,0,0
247530810,0.0,0.0,-1.0,0.0,0.0,0.0,1.0,1.0,0.0,3,0.0,0.0,0.0,0.0,0.0,0,0,0,0,0,0,0,0,0,0
248035614,0.0,0.0,-1.0,0.0,0.0,0.0,1.0,1.0,0.0,3,0.0,0.0,0.0,0.0,0.0,0,0,0,0,0,0,0,0,0,0
248528417,0.0,0.0,-1.0,0.0,0.0,0.0,1.0,1.0,0.0,3,0.0,0.0,0.0,0.0,0.0,0,0,0,0,0,0,0,0,0,0
249033222,0.0,0.0,-1.0,0.0,0.0,0.0,1.0,1.0,0.0,3,0.0,0.0,0.0,0.0,0.0,0,0,0,0,0,0,0,0,0,0
249538006,0.0,0.0,-1.0,0.0,0.0,0.0,1.0,1.0,0.0,3,0.0,0.0,0.0,0.0,0.0,0,0,0,0,0,0,0,0,0,0
250030842,0.0,0.0,-1.0,0.0,0.0,0.0,1.0,1.0,0.0,3,0.0,0.0,0.0,0.0,0.0,0,0,0,0,0,0,0,0,0,0
250535621,0.0,0.0,-1.0,0.0,0.0,0.0,1.0,1.0,0.0,3,0.0,0.0,0.0,0.0,0.0,0,0,0,0,0,0,0,0,0,0
251041222,0.0,0.0,-1.0,0.0,0.0,0.0,1.0,1.0,0.0,3,0.0,0.0,0.0,0.0,0.0,0,0,0,0,0,0,0,0,0,0
251533995,0.0,0.0,-1.0,0.0,0.0,0.0,1.0,1.0,0.0,3,0.0,0.0,0.0,0.0,0.0,0,0,0,0,0,0,0,0,0,0
252039619,0.0,0.0,-1.0,0.0,0.0,0.0,1.0,1.0,0.0,3,0.0,0.0,0.0,0.0,0.0,0,0,0,0,0,0,0,0,0,0
252544589,0.0,0.0,-1.0,0.0,0.0,0.0,1.0,1.0,0.0,3,0.0,0.0,0.0,0.0,0.0,0,0,0,0,0,0,0,0,0,0
253037231,0.0,0.0,-1.0,0.0,0.0,0.0,1.0,1.0,0.0,3,0.0,0.0,0.0,0.0,0.0,0,0,0,0,0,0,0,0,0,0
253542810,0.0,0.0,-1.0,0.0,0.0,0.0,1.0,1.0,0.0,3,0.0,0.0,0.0,0.0,0.0,0,0,0,0,0,0,0,0,0,0
254047625,0.0,0.0,-1.0,0.0,0.0,0.0,1.0,1.0,0.0,3,0.0,0.0,0.0,0.0,0.0,0,0,0,0,0,0,0,0,0,0
254540413,0.0,0.0,-1.0,0.0,0.0,0.0,1.0,1.0,0.0,3,0.0,0.0,0.0,0.0,0.0,0,0,0,0,0,0,0,0,0,0
255045399,0.0,0.0,-1.0,0.0,0.0,0.0,1.0,1.0,0.0,3,0.0,0.0,0.0,0.0,0.0,0,0,0,0,0,0,0,0,0,0
255550044,0.0,0.0,-1.0,0.0,0.0,0.0,1.0,1.0,0.0,3,0.0,0.0,0.0,0.0,0.0,0,0,0,0,0,0,0,0,0,0
256042812,0.0,0.0,-1.0,0.0,0.0,0.0,1.0,1.0,0.0,3,0.0,0.0,0.0,0.0,0.0,0,0,0,0,0,0,0,0,0,0
256547604,0.0,0.0,-1.0,0.0,0.0,0.0,1.0,1.0,0.0,3,0.0,0.0,0.0,0.0,0.0,0,0,0,0,0,0,0,0,0,0
257053206,0.0,0.0,-1.0,0.0,0.0,0.0,1.0,1.0,0.0,3,0.0,0.0,0.0,0.0,0.0,0,0,0,0,0,0,0,0,0,0
257546039,0.0,0.0,-1.0,0.0,0.0,0.0,1.0,1.0,0.0,3,0.0,0.0,0.0,0.0,0.0,0,0,0,0,0,0,0,0,0,0
258050826,0.0,0.0,-1.0,0.0,0.0,0.0,1.0,1.0,0.0,3,0.0,0.0,0.0,0.0,0.0,0,0,0,0,0,0,0,0,0,0
258555619,0.0,0.0,-1.0,0.0,0.0,0.0,1.0,1.0,0.0,3,0.0,0.0,0.0,0.0,0.0,0,0,0,0,0,0,0,0,0,0
